2025-12-06 17:40:16,161 - TestAutomationAPI - INFO - Starting Test Automation API...
2025-12-06 17:40:16,265 - sqlalchemy.engine.Engine - INFO - select pg_catalog.version()
2025-12-06 17:40:16,265 - sqlalchemy.engine.Engine - INFO - [raw sql] {}
2025-12-06 17:40:16,265 - sqlalchemy.engine.Engine - INFO - select current_schema()
2025-12-06 17:40:16,265 - sqlalchemy.engine.Engine - INFO - [raw sql] {}
2025-12-06 17:40:16,269 - sqlalchemy.engine.Engine - INFO - show standard_conforming_strings
2025-12-06 17:40:16,269 - sqlalchemy.engine.Engine - INFO - [raw sql] {}
2025-12-06 17:40:16,269 - sqlalchemy.engine.Engine - INFO - BEGIN (implicit)
2025-12-06 17:40:16,273 - sqlalchemy.engine.Engine - INFO - SELECT pg_catalog.pg_class.relname 
FROM pg_catalog.pg_class JOIN pg_catalog.pg_namespace ON pg_catalog.pg_namespace.oid = pg_catalog.pg_class.relnamespace 
WHERE pg_catalog.pg_class.relname = %(table_name)s AND pg_catalog.pg_class.relkind = ANY (ARRAY[%(param_1)s, %(param_2)s, %(param_3)s, %(param_4)s, %(param_5)s]) AND pg_catalog.pg_table_is_visible(pg_catalog.pg_class.oid) AND pg_catalog.pg_namespace.nspname != %(nspname_1)s
2025-12-06 17:40:16,276 - sqlalchemy.engine.Engine - INFO - [generated in 0.00153s] {'table_name': 'projects', 'param_1': 'r', 'param_2': 'p', 'param_3': 'f', 'param_4': 'v', 'param_5': 'm', 'nspname_1': 'pg_catalog'}
2025-12-06 17:40:16,280 - sqlalchemy.engine.Engine - INFO - SELECT pg_catalog.pg_class.relname 
FROM pg_catalog.pg_class JOIN pg_catalog.pg_namespace ON pg_catalog.pg_namespace.oid = pg_catalog.pg_class.relnamespace 
WHERE pg_catalog.pg_class.relname = %(table_name)s AND pg_catalog.pg_class.relkind = ANY (ARRAY[%(param_1)s, %(param_2)s, %(param_3)s, %(param_4)s, %(param_5)s]) AND pg_catalog.pg_table_is_visible(pg_catalog.pg_class.oid) AND pg_catalog.pg_namespace.nspname != %(nspname_1)s
2025-12-06 17:40:16,282 - sqlalchemy.engine.Engine - INFO - [cached since 0.007852s ago] {'table_name': 'testers', 'param_1': 'r', 'param_2': 'p', 'param_3': 'f', 'param_4': 'v', 'param_5': 'm', 'nspname_1': 'pg_catalog'}
2025-12-06 17:40:16,282 - sqlalchemy.engine.Engine - INFO - SELECT pg_catalog.pg_class.relname 
FROM pg_catalog.pg_class JOIN pg_catalog.pg_namespace ON pg_catalog.pg_namespace.oid = pg_catalog.pg_class.relnamespace 
WHERE pg_catalog.pg_class.relname = %(table_name)s AND pg_catalog.pg_class.relkind = ANY (ARRAY[%(param_1)s, %(param_2)s, %(param_3)s, %(param_4)s, %(param_5)s]) AND pg_catalog.pg_table_is_visible(pg_catalog.pg_class.oid) AND pg_catalog.pg_namespace.nspname != %(nspname_1)s
2025-12-06 17:40:16,282 - sqlalchemy.engine.Engine - INFO - [cached since 0.01034s ago] {'table_name': 'tickets', 'param_1': 'r', 'param_2': 'p', 'param_3': 'f', 'param_4': 'v', 'param_5': 'm', 'nspname_1': 'pg_catalog'}
2025-12-06 17:40:16,286 - sqlalchemy.engine.Engine - INFO - SELECT pg_catalog.pg_class.relname 
FROM pg_catalog.pg_class JOIN pg_catalog.pg_namespace ON pg_catalog.pg_namespace.oid = pg_catalog.pg_class.relnamespace 
WHERE pg_catalog.pg_class.relname = %(table_name)s AND pg_catalog.pg_class.relkind = ANY (ARRAY[%(param_1)s, %(param_2)s, %(param_3)s, %(param_4)s, %(param_5)s]) AND pg_catalog.pg_table_is_visible(pg_catalog.pg_class.oid) AND pg_catalog.pg_namespace.nspname != %(nspname_1)s
2025-12-06 17:40:16,286 - sqlalchemy.engine.Engine - INFO - [cached since 0.01206s ago] {'table_name': 'test_executions', 'param_1': 'r', 'param_2': 'p', 'param_3': 'f', 'param_4': 'v', 'param_5': 'm', 'nspname_1': 'pg_catalog'}
2025-12-06 17:40:16,286 - sqlalchemy.engine.Engine - INFO - SELECT pg_catalog.pg_class.relname 
FROM pg_catalog.pg_class JOIN pg_catalog.pg_namespace ON pg_catalog.pg_namespace.oid = pg_catalog.pg_class.relnamespace 
WHERE pg_catalog.pg_class.relname = %(table_name)s AND pg_catalog.pg_class.relkind = ANY (ARRAY[%(param_1)s, %(param_2)s, %(param_3)s, %(param_4)s, %(param_5)s]) AND pg_catalog.pg_table_is_visible(pg_catalog.pg_class.oid) AND pg_catalog.pg_namespace.nspname != %(nspname_1)s
2025-12-06 17:40:16,286 - sqlalchemy.engine.Engine - INFO - [cached since 0.01362s ago] {'table_name': 'execution_steps', 'param_1': 'r', 'param_2': 'p', 'param_3': 'f', 'param_4': 'v', 'param_5': 'm', 'nspname_1': 'pg_catalog'}
2025-12-06 17:40:16,289 - sqlalchemy.engine.Engine - INFO - SELECT pg_catalog.pg_class.relname 
FROM pg_catalog.pg_class JOIN pg_catalog.pg_namespace ON pg_catalog.pg_namespace.oid = pg_catalog.pg_class.relnamespace 
WHERE pg_catalog.pg_class.relname = %(table_name)s AND pg_catalog.pg_class.relkind = ANY (ARRAY[%(param_1)s, %(param_2)s, %(param_3)s, %(param_4)s, %(param_5)s]) AND pg_catalog.pg_table_is_visible(pg_catalog.pg_class.oid) AND pg_catalog.pg_namespace.nspname != %(nspname_1)s
2025-12-06 17:40:16,289 - sqlalchemy.engine.Engine - INFO - [cached since 0.0154s ago] {'table_name': 'project_configs', 'param_1': 'r', 'param_2': 'p', 'param_3': 'f', 'param_4': 'v', 'param_5': 'm', 'nspname_1': 'pg_catalog'}
2025-12-06 17:40:16,289 - sqlalchemy.engine.Engine - INFO - COMMIT
2025-12-06 17:40:16,289 - TestAutomationAPI - INFO - Database tables verified
2025-12-06 17:52:00,197 - TestAutomationAPI - INFO - Starting Test Automation API...
2025-12-06 17:52:00,296 - sqlalchemy.engine.Engine - INFO - select pg_catalog.version()
2025-12-06 17:52:00,296 - sqlalchemy.engine.Engine - INFO - [raw sql] {}
2025-12-06 17:52:00,299 - sqlalchemy.engine.Engine - INFO - select current_schema()
2025-12-06 17:52:00,299 - sqlalchemy.engine.Engine - INFO - [raw sql] {}
2025-12-06 17:52:00,300 - sqlalchemy.engine.Engine - INFO - show standard_conforming_strings
2025-12-06 17:52:00,300 - sqlalchemy.engine.Engine - INFO - [raw sql] {}
2025-12-06 17:52:00,302 - sqlalchemy.engine.Engine - INFO - BEGIN (implicit)
2025-12-06 17:52:00,305 - sqlalchemy.engine.Engine - INFO - SELECT pg_catalog.pg_class.relname 
FROM pg_catalog.pg_class JOIN pg_catalog.pg_namespace ON pg_catalog.pg_namespace.oid = pg_catalog.pg_class.relnamespace 
WHERE pg_catalog.pg_class.relname = %(table_name)s AND pg_catalog.pg_class.relkind = ANY (ARRAY[%(param_1)s, %(param_2)s, %(param_3)s, %(param_4)s, %(param_5)s]) AND pg_catalog.pg_table_is_visible(pg_catalog.pg_class.oid) AND pg_catalog.pg_namespace.nspname != %(nspname_1)s
2025-12-06 17:52:00,306 - sqlalchemy.engine.Engine - INFO - [generated in 0.00076s] {'table_name': 'projects', 'param_1': 'r', 'param_2': 'p', 'param_3': 'f', 'param_4': 'v', 'param_5': 'm', 'nspname_1': 'pg_catalog'}
2025-12-06 17:52:00,306 - sqlalchemy.engine.Engine - INFO - SELECT pg_catalog.pg_class.relname 
FROM pg_catalog.pg_class JOIN pg_catalog.pg_namespace ON pg_catalog.pg_namespace.oid = pg_catalog.pg_class.relnamespace 
WHERE pg_catalog.pg_class.relname = %(table_name)s AND pg_catalog.pg_class.relkind = ANY (ARRAY[%(param_1)s, %(param_2)s, %(param_3)s, %(param_4)s, %(param_5)s]) AND pg_catalog.pg_table_is_visible(pg_catalog.pg_class.oid) AND pg_catalog.pg_namespace.nspname != %(nspname_1)s
2025-12-06 17:52:00,306 - sqlalchemy.engine.Engine - INFO - [cached since 0.005713s ago] {'table_name': 'testers', 'param_1': 'r', 'param_2': 'p', 'param_3': 'f', 'param_4': 'v', 'param_5': 'm', 'nspname_1': 'pg_catalog'}
2025-12-06 17:52:00,306 - sqlalchemy.engine.Engine - INFO - SELECT pg_catalog.pg_class.relname 
FROM pg_catalog.pg_class JOIN pg_catalog.pg_namespace ON pg_catalog.pg_namespace.oid = pg_catalog.pg_class.relnamespace 
WHERE pg_catalog.pg_class.relname = %(table_name)s AND pg_catalog.pg_class.relkind = ANY (ARRAY[%(param_1)s, %(param_2)s, %(param_3)s, %(param_4)s, %(param_5)s]) AND pg_catalog.pg_table_is_visible(pg_catalog.pg_class.oid) AND pg_catalog.pg_namespace.nspname != %(nspname_1)s
2025-12-06 17:52:00,306 - sqlalchemy.engine.Engine - INFO - [cached since 0.007635s ago] {'table_name': 'tickets', 'param_1': 'r', 'param_2': 'p', 'param_3': 'f', 'param_4': 'v', 'param_5': 'm', 'nspname_1': 'pg_catalog'}
2025-12-06 17:52:00,306 - sqlalchemy.engine.Engine - INFO - SELECT pg_catalog.pg_class.relname 
FROM pg_catalog.pg_class JOIN pg_catalog.pg_namespace ON pg_catalog.pg_namespace.oid = pg_catalog.pg_class.relnamespace 
WHERE pg_catalog.pg_class.relname = %(table_name)s AND pg_catalog.pg_class.relkind = ANY (ARRAY[%(param_1)s, %(param_2)s, %(param_3)s, %(param_4)s, %(param_5)s]) AND pg_catalog.pg_table_is_visible(pg_catalog.pg_class.oid) AND pg_catalog.pg_namespace.nspname != %(nspname_1)s
2025-12-06 17:52:00,306 - sqlalchemy.engine.Engine - INFO - [cached since 0.009371s ago] {'table_name': 'test_executions', 'param_1': 'r', 'param_2': 'p', 'param_3': 'f', 'param_4': 'v', 'param_5': 'm', 'nspname_1': 'pg_catalog'}
2025-12-06 17:52:00,316 - sqlalchemy.engine.Engine - INFO - SELECT pg_catalog.pg_class.relname 
FROM pg_catalog.pg_class JOIN pg_catalog.pg_namespace ON pg_catalog.pg_namespace.oid = pg_catalog.pg_class.relnamespace 
WHERE pg_catalog.pg_class.relname = %(table_name)s AND pg_catalog.pg_class.relkind = ANY (ARRAY[%(param_1)s, %(param_2)s, %(param_3)s, %(param_4)s, %(param_5)s]) AND pg_catalog.pg_table_is_visible(pg_catalog.pg_class.oid) AND pg_catalog.pg_namespace.nspname != %(nspname_1)s
2025-12-06 17:52:00,316 - sqlalchemy.engine.Engine - INFO - [cached since 0.0112s ago] {'table_name': 'execution_steps', 'param_1': 'r', 'param_2': 'p', 'param_3': 'f', 'param_4': 'v', 'param_5': 'm', 'nspname_1': 'pg_catalog'}
2025-12-06 17:52:00,319 - sqlalchemy.engine.Engine - INFO - SELECT pg_catalog.pg_class.relname 
FROM pg_catalog.pg_class JOIN pg_catalog.pg_namespace ON pg_catalog.pg_namespace.oid = pg_catalog.pg_class.relnamespace 
WHERE pg_catalog.pg_class.relname = %(table_name)s AND pg_catalog.pg_class.relkind = ANY (ARRAY[%(param_1)s, %(param_2)s, %(param_3)s, %(param_4)s, %(param_5)s]) AND pg_catalog.pg_table_is_visible(pg_catalog.pg_class.oid) AND pg_catalog.pg_namespace.nspname != %(nspname_1)s
2025-12-06 17:52:00,320 - sqlalchemy.engine.Engine - INFO - [cached since 0.01392s ago] {'table_name': 'project_configs', 'param_1': 'r', 'param_2': 'p', 'param_3': 'f', 'param_4': 'v', 'param_5': 'm', 'nspname_1': 'pg_catalog'}
2025-12-06 17:52:00,320 - sqlalchemy.engine.Engine - INFO - COMMIT
2025-12-06 17:52:00,320 - TestAutomationAPI - INFO - Database tables verified
2025-12-06 17:52:04,079 - TestAutomationAPI - INFO - Starting Test Automation API...
2025-12-06 17:52:04,192 - sqlalchemy.engine.Engine - INFO - select pg_catalog.version()
2025-12-06 17:52:04,193 - sqlalchemy.engine.Engine - INFO - [raw sql] {}
2025-12-06 17:52:04,193 - sqlalchemy.engine.Engine - INFO - select current_schema()
2025-12-06 17:52:04,196 - sqlalchemy.engine.Engine - INFO - [raw sql] {}
2025-12-06 17:52:04,196 - sqlalchemy.engine.Engine - INFO - show standard_conforming_strings
2025-12-06 17:52:04,198 - sqlalchemy.engine.Engine - INFO - [raw sql] {}
2025-12-06 17:52:04,199 - sqlalchemy.engine.Engine - INFO - BEGIN (implicit)
2025-12-06 17:52:04,201 - sqlalchemy.engine.Engine - INFO - SELECT pg_catalog.pg_class.relname 
FROM pg_catalog.pg_class JOIN pg_catalog.pg_namespace ON pg_catalog.pg_namespace.oid = pg_catalog.pg_class.relnamespace 
WHERE pg_catalog.pg_class.relname = %(table_name)s AND pg_catalog.pg_class.relkind = ANY (ARRAY[%(param_1)s, %(param_2)s, %(param_3)s, %(param_4)s, %(param_5)s]) AND pg_catalog.pg_table_is_visible(pg_catalog.pg_class.oid) AND pg_catalog.pg_namespace.nspname != %(nspname_1)s
2025-12-06 17:52:04,206 - sqlalchemy.engine.Engine - INFO - [generated in 0.00132s] {'table_name': 'projects', 'param_1': 'r', 'param_2': 'p', 'param_3': 'f', 'param_4': 'v', 'param_5': 'm', 'nspname_1': 'pg_catalog'}
2025-12-06 17:52:04,211 - sqlalchemy.engine.Engine - INFO - SELECT pg_catalog.pg_class.relname 
FROM pg_catalog.pg_class JOIN pg_catalog.pg_namespace ON pg_catalog.pg_namespace.oid = pg_catalog.pg_class.relnamespace 
WHERE pg_catalog.pg_class.relname = %(table_name)s AND pg_catalog.pg_class.relkind = ANY (ARRAY[%(param_1)s, %(param_2)s, %(param_3)s, %(param_4)s, %(param_5)s]) AND pg_catalog.pg_table_is_visible(pg_catalog.pg_class.oid) AND pg_catalog.pg_namespace.nspname != %(nspname_1)s
2025-12-06 17:52:04,211 - sqlalchemy.engine.Engine - INFO - [cached since 0.008786s ago] {'table_name': 'testers', 'param_1': 'r', 'param_2': 'p', 'param_3': 'f', 'param_4': 'v', 'param_5': 'm', 'nspname_1': 'pg_catalog'}
2025-12-06 17:52:04,211 - sqlalchemy.engine.Engine - INFO - SELECT pg_catalog.pg_class.relname 
FROM pg_catalog.pg_class JOIN pg_catalog.pg_namespace ON pg_catalog.pg_namespace.oid = pg_catalog.pg_class.relnamespace 
WHERE pg_catalog.pg_class.relname = %(table_name)s AND pg_catalog.pg_class.relkind = ANY (ARRAY[%(param_1)s, %(param_2)s, %(param_3)s, %(param_4)s, %(param_5)s]) AND pg_catalog.pg_table_is_visible(pg_catalog.pg_class.oid) AND pg_catalog.pg_namespace.nspname != %(nspname_1)s
2025-12-06 17:52:04,211 - sqlalchemy.engine.Engine - INFO - [cached since 0.01123s ago] {'table_name': 'tickets', 'param_1': 'r', 'param_2': 'p', 'param_3': 'f', 'param_4': 'v', 'param_5': 'm', 'nspname_1': 'pg_catalog'}
2025-12-06 17:52:04,211 - sqlalchemy.engine.Engine - INFO - SELECT pg_catalog.pg_class.relname 
FROM pg_catalog.pg_class JOIN pg_catalog.pg_namespace ON pg_catalog.pg_namespace.oid = pg_catalog.pg_class.relnamespace 
WHERE pg_catalog.pg_class.relname = %(table_name)s AND pg_catalog.pg_class.relkind = ANY (ARRAY[%(param_1)s, %(param_2)s, %(param_3)s, %(param_4)s, %(param_5)s]) AND pg_catalog.pg_table_is_visible(pg_catalog.pg_class.oid) AND pg_catalog.pg_namespace.nspname != %(nspname_1)s
2025-12-06 17:52:04,211 - sqlalchemy.engine.Engine - INFO - [cached since 0.01343s ago] {'table_name': 'test_executions', 'param_1': 'r', 'param_2': 'p', 'param_3': 'f', 'param_4': 'v', 'param_5': 'm', 'nspname_1': 'pg_catalog'}
2025-12-06 17:52:04,218 - sqlalchemy.engine.Engine - INFO - SELECT pg_catalog.pg_class.relname 
FROM pg_catalog.pg_class JOIN pg_catalog.pg_namespace ON pg_catalog.pg_namespace.oid = pg_catalog.pg_class.relnamespace 
WHERE pg_catalog.pg_class.relname = %(table_name)s AND pg_catalog.pg_class.relkind = ANY (ARRAY[%(param_1)s, %(param_2)s, %(param_3)s, %(param_4)s, %(param_5)s]) AND pg_catalog.pg_table_is_visible(pg_catalog.pg_class.oid) AND pg_catalog.pg_namespace.nspname != %(nspname_1)s
2025-12-06 17:52:04,218 - sqlalchemy.engine.Engine - INFO - [cached since 0.01585s ago] {'table_name': 'execution_steps', 'param_1': 'r', 'param_2': 'p', 'param_3': 'f', 'param_4': 'v', 'param_5': 'm', 'nspname_1': 'pg_catalog'}
2025-12-06 17:52:04,222 - sqlalchemy.engine.Engine - INFO - SELECT pg_catalog.pg_class.relname 
FROM pg_catalog.pg_class JOIN pg_catalog.pg_namespace ON pg_catalog.pg_namespace.oid = pg_catalog.pg_class.relnamespace 
WHERE pg_catalog.pg_class.relname = %(table_name)s AND pg_catalog.pg_class.relkind = ANY (ARRAY[%(param_1)s, %(param_2)s, %(param_3)s, %(param_4)s, %(param_5)s]) AND pg_catalog.pg_table_is_visible(pg_catalog.pg_class.oid) AND pg_catalog.pg_namespace.nspname != %(nspname_1)s
2025-12-06 17:52:04,223 - sqlalchemy.engine.Engine - INFO - [cached since 0.01853s ago] {'table_name': 'project_configs', 'param_1': 'r', 'param_2': 'p', 'param_3': 'f', 'param_4': 'v', 'param_5': 'm', 'nspname_1': 'pg_catalog'}
2025-12-06 17:52:04,225 - sqlalchemy.engine.Engine - INFO - COMMIT
2025-12-06 17:52:04,226 - TestAutomationAPI - INFO - Database tables verified
2025-12-06 17:53:01,202 - TestAutomationAPI - INFO - Starting Test Automation API...
2025-12-06 17:53:01,307 - sqlalchemy.engine.Engine - INFO - select pg_catalog.version()
2025-12-06 17:53:01,307 - sqlalchemy.engine.Engine - INFO - [raw sql] {}
2025-12-06 17:53:01,307 - sqlalchemy.engine.Engine - INFO - select current_schema()
2025-12-06 17:53:01,307 - sqlalchemy.engine.Engine - INFO - [raw sql] {}
2025-12-06 17:53:01,307 - sqlalchemy.engine.Engine - INFO - show standard_conforming_strings
2025-12-06 17:53:01,307 - sqlalchemy.engine.Engine - INFO - [raw sql] {}
2025-12-06 17:53:01,307 - sqlalchemy.engine.Engine - INFO - BEGIN (implicit)
2025-12-06 17:53:01,317 - sqlalchemy.engine.Engine - INFO - SELECT pg_catalog.pg_class.relname 
FROM pg_catalog.pg_class JOIN pg_catalog.pg_namespace ON pg_catalog.pg_namespace.oid = pg_catalog.pg_class.relnamespace 
WHERE pg_catalog.pg_class.relname = %(table_name)s AND pg_catalog.pg_class.relkind = ANY (ARRAY[%(param_1)s, %(param_2)s, %(param_3)s, %(param_4)s, %(param_5)s]) AND pg_catalog.pg_table_is_visible(pg_catalog.pg_class.oid) AND pg_catalog.pg_namespace.nspname != %(nspname_1)s
2025-12-06 17:53:01,317 - sqlalchemy.engine.Engine - INFO - [generated in 0.00109s] {'table_name': 'projects', 'param_1': 'r', 'param_2': 'p', 'param_3': 'f', 'param_4': 'v', 'param_5': 'm', 'nspname_1': 'pg_catalog'}
2025-12-06 17:53:01,325 - sqlalchemy.engine.Engine - INFO - SELECT pg_catalog.pg_class.relname 
FROM pg_catalog.pg_class JOIN pg_catalog.pg_namespace ON pg_catalog.pg_namespace.oid = pg_catalog.pg_class.relnamespace 
WHERE pg_catalog.pg_class.relname = %(table_name)s AND pg_catalog.pg_class.relkind = ANY (ARRAY[%(param_1)s, %(param_2)s, %(param_3)s, %(param_4)s, %(param_5)s]) AND pg_catalog.pg_table_is_visible(pg_catalog.pg_class.oid) AND pg_catalog.pg_namespace.nspname != %(nspname_1)s
2025-12-06 17:53:01,325 - sqlalchemy.engine.Engine - INFO - [cached since 0.007948s ago] {'table_name': 'testers', 'param_1': 'r', 'param_2': 'p', 'param_3': 'f', 'param_4': 'v', 'param_5': 'm', 'nspname_1': 'pg_catalog'}
2025-12-06 17:53:01,325 - sqlalchemy.engine.Engine - INFO - SELECT pg_catalog.pg_class.relname 
FROM pg_catalog.pg_class JOIN pg_catalog.pg_namespace ON pg_catalog.pg_namespace.oid = pg_catalog.pg_class.relnamespace 
WHERE pg_catalog.pg_class.relname = %(table_name)s AND pg_catalog.pg_class.relkind = ANY (ARRAY[%(param_1)s, %(param_2)s, %(param_3)s, %(param_4)s, %(param_5)s]) AND pg_catalog.pg_table_is_visible(pg_catalog.pg_class.oid) AND pg_catalog.pg_namespace.nspname != %(nspname_1)s
2025-12-06 17:53:01,325 - sqlalchemy.engine.Engine - INFO - [cached since 0.01026s ago] {'table_name': 'tickets', 'param_1': 'r', 'param_2': 'p', 'param_3': 'f', 'param_4': 'v', 'param_5': 'm', 'nspname_1': 'pg_catalog'}
2025-12-06 17:53:01,325 - sqlalchemy.engine.Engine - INFO - SELECT pg_catalog.pg_class.relname 
FROM pg_catalog.pg_class JOIN pg_catalog.pg_namespace ON pg_catalog.pg_namespace.oid = pg_catalog.pg_class.relnamespace 
WHERE pg_catalog.pg_class.relname = %(table_name)s AND pg_catalog.pg_class.relkind = ANY (ARRAY[%(param_1)s, %(param_2)s, %(param_3)s, %(param_4)s, %(param_5)s]) AND pg_catalog.pg_table_is_visible(pg_catalog.pg_class.oid) AND pg_catalog.pg_namespace.nspname != %(nspname_1)s
2025-12-06 17:53:01,325 - sqlalchemy.engine.Engine - INFO - [cached since 0.01227s ago] {'table_name': 'test_executions', 'param_1': 'r', 'param_2': 'p', 'param_3': 'f', 'param_4': 'v', 'param_5': 'm', 'nspname_1': 'pg_catalog'}
2025-12-06 17:53:01,331 - sqlalchemy.engine.Engine - INFO - SELECT pg_catalog.pg_class.relname 
FROM pg_catalog.pg_class JOIN pg_catalog.pg_namespace ON pg_catalog.pg_namespace.oid = pg_catalog.pg_class.relnamespace 
WHERE pg_catalog.pg_class.relname = %(table_name)s AND pg_catalog.pg_class.relkind = ANY (ARRAY[%(param_1)s, %(param_2)s, %(param_3)s, %(param_4)s, %(param_5)s]) AND pg_catalog.pg_table_is_visible(pg_catalog.pg_class.oid) AND pg_catalog.pg_namespace.nspname != %(nspname_1)s
2025-12-06 17:53:01,331 - sqlalchemy.engine.Engine - INFO - [cached since 0.01433s ago] {'table_name': 'execution_steps', 'param_1': 'r', 'param_2': 'p', 'param_3': 'f', 'param_4': 'v', 'param_5': 'm', 'nspname_1': 'pg_catalog'}
2025-12-06 17:53:01,333 - sqlalchemy.engine.Engine - INFO - SELECT pg_catalog.pg_class.relname 
FROM pg_catalog.pg_class JOIN pg_catalog.pg_namespace ON pg_catalog.pg_namespace.oid = pg_catalog.pg_class.relnamespace 
WHERE pg_catalog.pg_class.relname = %(table_name)s AND pg_catalog.pg_class.relkind = ANY (ARRAY[%(param_1)s, %(param_2)s, %(param_3)s, %(param_4)s, %(param_5)s]) AND pg_catalog.pg_table_is_visible(pg_catalog.pg_class.oid) AND pg_catalog.pg_namespace.nspname != %(nspname_1)s
2025-12-06 17:53:01,333 - sqlalchemy.engine.Engine - INFO - [cached since 0.01706s ago] {'table_name': 'project_configs', 'param_1': 'r', 'param_2': 'p', 'param_3': 'f', 'param_4': 'v', 'param_5': 'm', 'nspname_1': 'pg_catalog'}
2025-12-06 17:53:01,333 - sqlalchemy.engine.Engine - INFO - COMMIT
2025-12-06 17:53:01,333 - TestAutomationAPI - INFO - Database tables verified
2025-12-06 17:53:49,015 - TestAutomationAPI - INFO - Starting Test Automation API...
2025-12-06 17:53:49,093 - sqlalchemy.engine.Engine - INFO - select pg_catalog.version()
2025-12-06 17:53:49,093 - sqlalchemy.engine.Engine - INFO - [raw sql] {}
2025-12-06 17:53:49,094 - sqlalchemy.engine.Engine - INFO - select current_schema()
2025-12-06 17:53:49,094 - sqlalchemy.engine.Engine - INFO - [raw sql] {}
2025-12-06 17:53:49,094 - sqlalchemy.engine.Engine - INFO - show standard_conforming_strings
2025-12-06 17:53:49,094 - sqlalchemy.engine.Engine - INFO - [raw sql] {}
2025-12-06 17:53:49,094 - sqlalchemy.engine.Engine - INFO - BEGIN (implicit)
2025-12-06 17:53:49,100 - sqlalchemy.engine.Engine - INFO - SELECT pg_catalog.pg_class.relname 
FROM pg_catalog.pg_class JOIN pg_catalog.pg_namespace ON pg_catalog.pg_namespace.oid = pg_catalog.pg_class.relnamespace 
WHERE pg_catalog.pg_class.relname = %(table_name)s AND pg_catalog.pg_class.relkind = ANY (ARRAY[%(param_1)s, %(param_2)s, %(param_3)s, %(param_4)s, %(param_5)s]) AND pg_catalog.pg_table_is_visible(pg_catalog.pg_class.oid) AND pg_catalog.pg_namespace.nspname != %(nspname_1)s
2025-12-06 17:53:49,100 - sqlalchemy.engine.Engine - INFO - [generated in 0.00048s] {'table_name': 'projects', 'param_1': 'r', 'param_2': 'p', 'param_3': 'f', 'param_4': 'v', 'param_5': 'm', 'nspname_1': 'pg_catalog'}
2025-12-06 17:53:49,106 - sqlalchemy.engine.Engine - INFO - SELECT pg_catalog.pg_class.relname 
FROM pg_catalog.pg_class JOIN pg_catalog.pg_namespace ON pg_catalog.pg_namespace.oid = pg_catalog.pg_class.relnamespace 
WHERE pg_catalog.pg_class.relname = %(table_name)s AND pg_catalog.pg_class.relkind = ANY (ARRAY[%(param_1)s, %(param_2)s, %(param_3)s, %(param_4)s, %(param_5)s]) AND pg_catalog.pg_table_is_visible(pg_catalog.pg_class.oid) AND pg_catalog.pg_namespace.nspname != %(nspname_1)s
2025-12-06 17:53:49,106 - sqlalchemy.engine.Engine - INFO - [cached since 0.008208s ago] {'table_name': 'testers', 'param_1': 'r', 'param_2': 'p', 'param_3': 'f', 'param_4': 'v', 'param_5': 'm', 'nspname_1': 'pg_catalog'}
2025-12-06 17:53:49,111 - sqlalchemy.engine.Engine - INFO - SELECT pg_catalog.pg_class.relname 
FROM pg_catalog.pg_class JOIN pg_catalog.pg_namespace ON pg_catalog.pg_namespace.oid = pg_catalog.pg_class.relnamespace 
WHERE pg_catalog.pg_class.relname = %(table_name)s AND pg_catalog.pg_class.relkind = ANY (ARRAY[%(param_1)s, %(param_2)s, %(param_3)s, %(param_4)s, %(param_5)s]) AND pg_catalog.pg_table_is_visible(pg_catalog.pg_class.oid) AND pg_catalog.pg_namespace.nspname != %(nspname_1)s
2025-12-06 17:53:49,111 - sqlalchemy.engine.Engine - INFO - [cached since 0.0107s ago] {'table_name': 'tickets', 'param_1': 'r', 'param_2': 'p', 'param_3': 'f', 'param_4': 'v', 'param_5': 'm', 'nspname_1': 'pg_catalog'}
2025-12-06 17:53:49,111 - sqlalchemy.engine.Engine - INFO - SELECT pg_catalog.pg_class.relname 
FROM pg_catalog.pg_class JOIN pg_catalog.pg_namespace ON pg_catalog.pg_namespace.oid = pg_catalog.pg_class.relnamespace 
WHERE pg_catalog.pg_class.relname = %(table_name)s AND pg_catalog.pg_class.relkind = ANY (ARRAY[%(param_1)s, %(param_2)s, %(param_3)s, %(param_4)s, %(param_5)s]) AND pg_catalog.pg_table_is_visible(pg_catalog.pg_class.oid) AND pg_catalog.pg_namespace.nspname != %(nspname_1)s
2025-12-06 17:53:49,111 - sqlalchemy.engine.Engine - INFO - [cached since 0.013s ago] {'table_name': 'test_executions', 'param_1': 'r', 'param_2': 'p', 'param_3': 'f', 'param_4': 'v', 'param_5': 'm', 'nspname_1': 'pg_catalog'}
2025-12-06 17:53:49,111 - sqlalchemy.engine.Engine - INFO - SELECT pg_catalog.pg_class.relname 
FROM pg_catalog.pg_class JOIN pg_catalog.pg_namespace ON pg_catalog.pg_namespace.oid = pg_catalog.pg_class.relnamespace 
WHERE pg_catalog.pg_class.relname = %(table_name)s AND pg_catalog.pg_class.relkind = ANY (ARRAY[%(param_1)s, %(param_2)s, %(param_3)s, %(param_4)s, %(param_5)s]) AND pg_catalog.pg_table_is_visible(pg_catalog.pg_class.oid) AND pg_catalog.pg_namespace.nspname != %(nspname_1)s
2025-12-06 17:53:49,116 - sqlalchemy.engine.Engine - INFO - [cached since 0.01488s ago] {'table_name': 'execution_steps', 'param_1': 'r', 'param_2': 'p', 'param_3': 'f', 'param_4': 'v', 'param_5': 'm', 'nspname_1': 'pg_catalog'}
2025-12-06 17:53:49,116 - sqlalchemy.engine.Engine - INFO - SELECT pg_catalog.pg_class.relname 
FROM pg_catalog.pg_class JOIN pg_catalog.pg_namespace ON pg_catalog.pg_namespace.oid = pg_catalog.pg_class.relnamespace 
WHERE pg_catalog.pg_class.relname = %(table_name)s AND pg_catalog.pg_class.relkind = ANY (ARRAY[%(param_1)s, %(param_2)s, %(param_3)s, %(param_4)s, %(param_5)s]) AND pg_catalog.pg_table_is_visible(pg_catalog.pg_class.oid) AND pg_catalog.pg_namespace.nspname != %(nspname_1)s
2025-12-06 17:53:49,116 - sqlalchemy.engine.Engine - INFO - [cached since 0.01695s ago] {'table_name': 'project_configs', 'param_1': 'r', 'param_2': 'p', 'param_3': 'f', 'param_4': 'v', 'param_5': 'm', 'nspname_1': 'pg_catalog'}
2025-12-06 17:53:49,118 - sqlalchemy.engine.Engine - INFO - COMMIT
2025-12-06 17:53:49,118 - TestAutomationAPI - INFO - Database tables verified
2025-12-06 19:04:27,646 - TestAutomationAPI - INFO - Starting Test Automation API...
2025-12-06 19:04:27,711 - sqlalchemy.engine.Engine - INFO - select pg_catalog.version()
2025-12-06 19:04:27,711 - sqlalchemy.engine.Engine - INFO - [raw sql] {}
2025-12-06 19:04:27,719 - sqlalchemy.engine.Engine - INFO - select current_schema()
2025-12-06 19:04:27,719 - sqlalchemy.engine.Engine - INFO - [raw sql] {}
2025-12-06 19:04:27,719 - sqlalchemy.engine.Engine - INFO - show standard_conforming_strings
2025-12-06 19:04:27,719 - sqlalchemy.engine.Engine - INFO - [raw sql] {}
2025-12-06 19:04:27,722 - sqlalchemy.engine.Engine - INFO - BEGIN (implicit)
2025-12-06 19:04:27,725 - sqlalchemy.engine.Engine - INFO - SELECT pg_catalog.pg_class.relname 
FROM pg_catalog.pg_class JOIN pg_catalog.pg_namespace ON pg_catalog.pg_namespace.oid = pg_catalog.pg_class.relnamespace 
WHERE pg_catalog.pg_class.relname = %(table_name)s AND pg_catalog.pg_class.relkind = ANY (ARRAY[%(param_1)s, %(param_2)s, %(param_3)s, %(param_4)s, %(param_5)s]) AND pg_catalog.pg_table_is_visible(pg_catalog.pg_class.oid) AND pg_catalog.pg_namespace.nspname != %(nspname_1)s
2025-12-06 19:04:27,727 - sqlalchemy.engine.Engine - INFO - [generated in 0.00075s] {'table_name': 'projects', 'param_1': 'r', 'param_2': 'p', 'param_3': 'f', 'param_4': 'v', 'param_5': 'm', 'nspname_1': 'pg_catalog'}
2025-12-06 19:04:27,727 - sqlalchemy.engine.Engine - INFO - SELECT pg_catalog.pg_class.relname 
FROM pg_catalog.pg_class JOIN pg_catalog.pg_namespace ON pg_catalog.pg_namespace.oid = pg_catalog.pg_class.relnamespace 
WHERE pg_catalog.pg_class.relname = %(table_name)s AND pg_catalog.pg_class.relkind = ANY (ARRAY[%(param_1)s, %(param_2)s, %(param_3)s, %(param_4)s, %(param_5)s]) AND pg_catalog.pg_table_is_visible(pg_catalog.pg_class.oid) AND pg_catalog.pg_namespace.nspname != %(nspname_1)s
2025-12-06 19:04:27,727 - sqlalchemy.engine.Engine - INFO - [cached since 0.006903s ago] {'table_name': 'testers', 'param_1': 'r', 'param_2': 'p', 'param_3': 'f', 'param_4': 'v', 'param_5': 'm', 'nspname_1': 'pg_catalog'}
2025-12-06 19:04:27,727 - sqlalchemy.engine.Engine - INFO - SELECT pg_catalog.pg_class.relname 
FROM pg_catalog.pg_class JOIN pg_catalog.pg_namespace ON pg_catalog.pg_namespace.oid = pg_catalog.pg_class.relnamespace 
WHERE pg_catalog.pg_class.relname = %(table_name)s AND pg_catalog.pg_class.relkind = ANY (ARRAY[%(param_1)s, %(param_2)s, %(param_3)s, %(param_4)s, %(param_5)s]) AND pg_catalog.pg_table_is_visible(pg_catalog.pg_class.oid) AND pg_catalog.pg_namespace.nspname != %(nspname_1)s
2025-12-06 19:04:27,735 - sqlalchemy.engine.Engine - INFO - [cached since 0.008541s ago] {'table_name': 'tickets', 'param_1': 'r', 'param_2': 'p', 'param_3': 'f', 'param_4': 'v', 'param_5': 'm', 'nspname_1': 'pg_catalog'}
2025-12-06 19:04:27,736 - sqlalchemy.engine.Engine - INFO - SELECT pg_catalog.pg_class.relname 
FROM pg_catalog.pg_class JOIN pg_catalog.pg_namespace ON pg_catalog.pg_namespace.oid = pg_catalog.pg_class.relnamespace 
WHERE pg_catalog.pg_class.relname = %(table_name)s AND pg_catalog.pg_class.relkind = ANY (ARRAY[%(param_1)s, %(param_2)s, %(param_3)s, %(param_4)s, %(param_5)s]) AND pg_catalog.pg_table_is_visible(pg_catalog.pg_class.oid) AND pg_catalog.pg_namespace.nspname != %(nspname_1)s
2025-12-06 19:04:27,736 - sqlalchemy.engine.Engine - INFO - [cached since 0.01016s ago] {'table_name': 'test_executions', 'param_1': 'r', 'param_2': 'p', 'param_3': 'f', 'param_4': 'v', 'param_5': 'm', 'nspname_1': 'pg_catalog'}
2025-12-06 19:04:27,738 - sqlalchemy.engine.Engine - INFO - SELECT pg_catalog.pg_class.relname 
FROM pg_catalog.pg_class JOIN pg_catalog.pg_namespace ON pg_catalog.pg_namespace.oid = pg_catalog.pg_class.relnamespace 
WHERE pg_catalog.pg_class.relname = %(table_name)s AND pg_catalog.pg_class.relkind = ANY (ARRAY[%(param_1)s, %(param_2)s, %(param_3)s, %(param_4)s, %(param_5)s]) AND pg_catalog.pg_table_is_visible(pg_catalog.pg_class.oid) AND pg_catalog.pg_namespace.nspname != %(nspname_1)s
2025-12-06 19:04:27,738 - sqlalchemy.engine.Engine - INFO - [cached since 0.01181s ago] {'table_name': 'execution_steps', 'param_1': 'r', 'param_2': 'p', 'param_3': 'f', 'param_4': 'v', 'param_5': 'm', 'nspname_1': 'pg_catalog'}
2025-12-06 19:04:27,738 - sqlalchemy.engine.Engine - INFO - SELECT pg_catalog.pg_class.relname 
FROM pg_catalog.pg_class JOIN pg_catalog.pg_namespace ON pg_catalog.pg_namespace.oid = pg_catalog.pg_class.relnamespace 
WHERE pg_catalog.pg_class.relname = %(table_name)s AND pg_catalog.pg_class.relkind = ANY (ARRAY[%(param_1)s, %(param_2)s, %(param_3)s, %(param_4)s, %(param_5)s]) AND pg_catalog.pg_table_is_visible(pg_catalog.pg_class.oid) AND pg_catalog.pg_namespace.nspname != %(nspname_1)s
2025-12-06 19:04:27,740 - sqlalchemy.engine.Engine - INFO - [cached since 0.01315s ago] {'table_name': 'project_configs', 'param_1': 'r', 'param_2': 'p', 'param_3': 'f', 'param_4': 'v', 'param_5': 'm', 'nspname_1': 'pg_catalog'}
2025-12-06 19:04:27,741 - sqlalchemy.engine.Engine - INFO - COMMIT
2025-12-06 19:04:27,742 - TestAutomationAPI - INFO - Database tables verified
2025-12-06 19:04:31,163 - TestAutomationAPI - INFO - Starting Test Automation API...
2025-12-06 19:04:31,261 - sqlalchemy.engine.Engine - INFO - select pg_catalog.version()
2025-12-06 19:04:31,261 - sqlalchemy.engine.Engine - INFO - [raw sql] {}
2025-12-06 19:04:31,272 - sqlalchemy.engine.Engine - INFO - select current_schema()
2025-12-06 19:04:31,272 - sqlalchemy.engine.Engine - INFO - [raw sql] {}
2025-12-06 19:04:31,272 - sqlalchemy.engine.Engine - INFO - show standard_conforming_strings
2025-12-06 19:04:31,275 - sqlalchemy.engine.Engine - INFO - [raw sql] {}
2025-12-06 19:04:31,275 - sqlalchemy.engine.Engine - INFO - BEGIN (implicit)
2025-12-06 19:04:31,279 - sqlalchemy.engine.Engine - INFO - SELECT pg_catalog.pg_class.relname 
FROM pg_catalog.pg_class JOIN pg_catalog.pg_namespace ON pg_catalog.pg_namespace.oid = pg_catalog.pg_class.relnamespace 
WHERE pg_catalog.pg_class.relname = %(table_name)s AND pg_catalog.pg_class.relkind = ANY (ARRAY[%(param_1)s, %(param_2)s, %(param_3)s, %(param_4)s, %(param_5)s]) AND pg_catalog.pg_table_is_visible(pg_catalog.pg_class.oid) AND pg_catalog.pg_namespace.nspname != %(nspname_1)s
2025-12-06 19:04:31,279 - sqlalchemy.engine.Engine - INFO - [generated in 0.00073s] {'table_name': 'projects', 'param_1': 'r', 'param_2': 'p', 'param_3': 'f', 'param_4': 'v', 'param_5': 'm', 'nspname_1': 'pg_catalog'}
2025-12-06 19:04:31,281 - sqlalchemy.engine.Engine - INFO - SELECT pg_catalog.pg_class.relname 
FROM pg_catalog.pg_class JOIN pg_catalog.pg_namespace ON pg_catalog.pg_namespace.oid = pg_catalog.pg_class.relnamespace 
WHERE pg_catalog.pg_class.relname = %(table_name)s AND pg_catalog.pg_class.relkind = ANY (ARRAY[%(param_1)s, %(param_2)s, %(param_3)s, %(param_4)s, %(param_5)s]) AND pg_catalog.pg_table_is_visible(pg_catalog.pg_class.oid) AND pg_catalog.pg_namespace.nspname != %(nspname_1)s
2025-12-06 19:04:31,281 - sqlalchemy.engine.Engine - INFO - [cached since 0.006847s ago] {'table_name': 'testers', 'param_1': 'r', 'param_2': 'p', 'param_3': 'f', 'param_4': 'v', 'param_5': 'm', 'nspname_1': 'pg_catalog'}
2025-12-06 19:04:31,288 - sqlalchemy.engine.Engine - INFO - SELECT pg_catalog.pg_class.relname 
FROM pg_catalog.pg_class JOIN pg_catalog.pg_namespace ON pg_catalog.pg_namespace.oid = pg_catalog.pg_class.relnamespace 
WHERE pg_catalog.pg_class.relname = %(table_name)s AND pg_catalog.pg_class.relkind = ANY (ARRAY[%(param_1)s, %(param_2)s, %(param_3)s, %(param_4)s, %(param_5)s]) AND pg_catalog.pg_table_is_visible(pg_catalog.pg_class.oid) AND pg_catalog.pg_namespace.nspname != %(nspname_1)s
2025-12-06 19:04:31,288 - sqlalchemy.engine.Engine - INFO - [cached since 0.00898s ago] {'table_name': 'tickets', 'param_1': 'r', 'param_2': 'p', 'param_3': 'f', 'param_4': 'v', 'param_5': 'm', 'nspname_1': 'pg_catalog'}
2025-12-06 19:04:31,288 - sqlalchemy.engine.Engine - INFO - SELECT pg_catalog.pg_class.relname 
FROM pg_catalog.pg_class JOIN pg_catalog.pg_namespace ON pg_catalog.pg_namespace.oid = pg_catalog.pg_class.relnamespace 
WHERE pg_catalog.pg_class.relname = %(table_name)s AND pg_catalog.pg_class.relkind = ANY (ARRAY[%(param_1)s, %(param_2)s, %(param_3)s, %(param_4)s, %(param_5)s]) AND pg_catalog.pg_table_is_visible(pg_catalog.pg_class.oid) AND pg_catalog.pg_namespace.nspname != %(nspname_1)s
2025-12-06 19:04:31,288 - sqlalchemy.engine.Engine - INFO - [cached since 0.01034s ago] {'table_name': 'test_executions', 'param_1': 'r', 'param_2': 'p', 'param_3': 'f', 'param_4': 'v', 'param_5': 'm', 'nspname_1': 'pg_catalog'}
2025-12-06 19:04:31,291 - sqlalchemy.engine.Engine - INFO - SELECT pg_catalog.pg_class.relname 
FROM pg_catalog.pg_class JOIN pg_catalog.pg_namespace ON pg_catalog.pg_namespace.oid = pg_catalog.pg_class.relnamespace 
WHERE pg_catalog.pg_class.relname = %(table_name)s AND pg_catalog.pg_class.relkind = ANY (ARRAY[%(param_1)s, %(param_2)s, %(param_3)s, %(param_4)s, %(param_5)s]) AND pg_catalog.pg_table_is_visible(pg_catalog.pg_class.oid) AND pg_catalog.pg_namespace.nspname != %(nspname_1)s
2025-12-06 19:04:31,291 - sqlalchemy.engine.Engine - INFO - [cached since 0.01273s ago] {'table_name': 'execution_steps', 'param_1': 'r', 'param_2': 'p', 'param_3': 'f', 'param_4': 'v', 'param_5': 'm', 'nspname_1': 'pg_catalog'}
2025-12-06 19:04:31,294 - sqlalchemy.engine.Engine - INFO - SELECT pg_catalog.pg_class.relname 
FROM pg_catalog.pg_class JOIN pg_catalog.pg_namespace ON pg_catalog.pg_namespace.oid = pg_catalog.pg_class.relnamespace 
WHERE pg_catalog.pg_class.relname = %(table_name)s AND pg_catalog.pg_class.relkind = ANY (ARRAY[%(param_1)s, %(param_2)s, %(param_3)s, %(param_4)s, %(param_5)s]) AND pg_catalog.pg_table_is_visible(pg_catalog.pg_class.oid) AND pg_catalog.pg_namespace.nspname != %(nspname_1)s
2025-12-06 19:04:31,294 - sqlalchemy.engine.Engine - INFO - [cached since 0.01586s ago] {'table_name': 'project_configs', 'param_1': 'r', 'param_2': 'p', 'param_3': 'f', 'param_4': 'v', 'param_5': 'm', 'nspname_1': 'pg_catalog'}
2025-12-06 19:04:31,294 - sqlalchemy.engine.Engine - INFO - COMMIT
2025-12-06 19:04:31,294 - TestAutomationAPI - INFO - Database tables verified
2025-12-06 19:04:34,649 - TestAutomationAPI - INFO - Starting Test Automation API...
2025-12-06 19:04:34,742 - sqlalchemy.engine.Engine - INFO - select pg_catalog.version()
2025-12-06 19:04:34,742 - sqlalchemy.engine.Engine - INFO - [raw sql] {}
2025-12-06 19:04:34,752 - sqlalchemy.engine.Engine - INFO - select current_schema()
2025-12-06 19:04:34,752 - sqlalchemy.engine.Engine - INFO - [raw sql] {}
2025-12-06 19:04:34,752 - sqlalchemy.engine.Engine - INFO - show standard_conforming_strings
2025-12-06 19:04:34,755 - sqlalchemy.engine.Engine - INFO - [raw sql] {}
2025-12-06 19:04:34,755 - sqlalchemy.engine.Engine - INFO - BEGIN (implicit)
2025-12-06 19:04:34,762 - sqlalchemy.engine.Engine - INFO - SELECT pg_catalog.pg_class.relname 
FROM pg_catalog.pg_class JOIN pg_catalog.pg_namespace ON pg_catalog.pg_namespace.oid = pg_catalog.pg_class.relnamespace 
WHERE pg_catalog.pg_class.relname = %(table_name)s AND pg_catalog.pg_class.relkind = ANY (ARRAY[%(param_1)s, %(param_2)s, %(param_3)s, %(param_4)s, %(param_5)s]) AND pg_catalog.pg_table_is_visible(pg_catalog.pg_class.oid) AND pg_catalog.pg_namespace.nspname != %(nspname_1)s
2025-12-06 19:04:34,762 - sqlalchemy.engine.Engine - INFO - [generated in 0.00094s] {'table_name': 'projects', 'param_1': 'r', 'param_2': 'p', 'param_3': 'f', 'param_4': 'v', 'param_5': 'm', 'nspname_1': 'pg_catalog'}
2025-12-06 19:04:34,768 - sqlalchemy.engine.Engine - INFO - SELECT pg_catalog.pg_class.relname 
FROM pg_catalog.pg_class JOIN pg_catalog.pg_namespace ON pg_catalog.pg_namespace.oid = pg_catalog.pg_class.relnamespace 
WHERE pg_catalog.pg_class.relname = %(table_name)s AND pg_catalog.pg_class.relkind = ANY (ARRAY[%(param_1)s, %(param_2)s, %(param_3)s, %(param_4)s, %(param_5)s]) AND pg_catalog.pg_table_is_visible(pg_catalog.pg_class.oid) AND pg_catalog.pg_namespace.nspname != %(nspname_1)s
2025-12-06 19:04:34,768 - sqlalchemy.engine.Engine - INFO - [cached since 0.008715s ago] {'table_name': 'testers', 'param_1': 'r', 'param_2': 'p', 'param_3': 'f', 'param_4': 'v', 'param_5': 'm', 'nspname_1': 'pg_catalog'}
2025-12-06 19:04:34,768 - sqlalchemy.engine.Engine - INFO - SELECT pg_catalog.pg_class.relname 
FROM pg_catalog.pg_class JOIN pg_catalog.pg_namespace ON pg_catalog.pg_namespace.oid = pg_catalog.pg_class.relnamespace 
WHERE pg_catalog.pg_class.relname = %(table_name)s AND pg_catalog.pg_class.relkind = ANY (ARRAY[%(param_1)s, %(param_2)s, %(param_3)s, %(param_4)s, %(param_5)s]) AND pg_catalog.pg_table_is_visible(pg_catalog.pg_class.oid) AND pg_catalog.pg_namespace.nspname != %(nspname_1)s
2025-12-06 19:04:34,773 - sqlalchemy.engine.Engine - INFO - [cached since 0.01067s ago] {'table_name': 'tickets', 'param_1': 'r', 'param_2': 'p', 'param_3': 'f', 'param_4': 'v', 'param_5': 'm', 'nspname_1': 'pg_catalog'}
2025-12-06 19:04:34,774 - sqlalchemy.engine.Engine - INFO - SELECT pg_catalog.pg_class.relname 
FROM pg_catalog.pg_class JOIN pg_catalog.pg_namespace ON pg_catalog.pg_namespace.oid = pg_catalog.pg_class.relnamespace 
WHERE pg_catalog.pg_class.relname = %(table_name)s AND pg_catalog.pg_class.relkind = ANY (ARRAY[%(param_1)s, %(param_2)s, %(param_3)s, %(param_4)s, %(param_5)s]) AND pg_catalog.pg_table_is_visible(pg_catalog.pg_class.oid) AND pg_catalog.pg_namespace.nspname != %(nspname_1)s
2025-12-06 19:04:34,774 - sqlalchemy.engine.Engine - INFO - [cached since 0.01294s ago] {'table_name': 'test_executions', 'param_1': 'r', 'param_2': 'p', 'param_3': 'f', 'param_4': 'v', 'param_5': 'm', 'nspname_1': 'pg_catalog'}
2025-12-06 19:04:34,774 - sqlalchemy.engine.Engine - INFO - SELECT pg_catalog.pg_class.relname 
FROM pg_catalog.pg_class JOIN pg_catalog.pg_namespace ON pg_catalog.pg_namespace.oid = pg_catalog.pg_class.relnamespace 
WHERE pg_catalog.pg_class.relname = %(table_name)s AND pg_catalog.pg_class.relkind = ANY (ARRAY[%(param_1)s, %(param_2)s, %(param_3)s, %(param_4)s, %(param_5)s]) AND pg_catalog.pg_table_is_visible(pg_catalog.pg_class.oid) AND pg_catalog.pg_namespace.nspname != %(nspname_1)s
2025-12-06 19:04:34,777 - sqlalchemy.engine.Engine - INFO - [cached since 0.01544s ago] {'table_name': 'execution_steps', 'param_1': 'r', 'param_2': 'p', 'param_3': 'f', 'param_4': 'v', 'param_5': 'm', 'nspname_1': 'pg_catalog'}
2025-12-06 19:04:34,779 - sqlalchemy.engine.Engine - INFO - SELECT pg_catalog.pg_class.relname 
FROM pg_catalog.pg_class JOIN pg_catalog.pg_namespace ON pg_catalog.pg_namespace.oid = pg_catalog.pg_class.relnamespace 
WHERE pg_catalog.pg_class.relname = %(table_name)s AND pg_catalog.pg_class.relkind = ANY (ARRAY[%(param_1)s, %(param_2)s, %(param_3)s, %(param_4)s, %(param_5)s]) AND pg_catalog.pg_table_is_visible(pg_catalog.pg_class.oid) AND pg_catalog.pg_namespace.nspname != %(nspname_1)s
2025-12-06 19:04:34,779 - sqlalchemy.engine.Engine - INFO - [cached since 0.01827s ago] {'table_name': 'project_configs', 'param_1': 'r', 'param_2': 'p', 'param_3': 'f', 'param_4': 'v', 'param_5': 'm', 'nspname_1': 'pg_catalog'}
2025-12-06 19:04:34,781 - sqlalchemy.engine.Engine - INFO - COMMIT
2025-12-06 19:04:34,781 - TestAutomationAPI - INFO - Database tables verified
2025-12-06 19:04:41,844 - TestAutomationAPI - INFO - Starting Test Automation API...
2025-12-06 19:04:41,940 - sqlalchemy.engine.Engine - INFO - select pg_catalog.version()
2025-12-06 19:04:41,941 - sqlalchemy.engine.Engine - INFO - [raw sql] {}
2025-12-06 19:04:41,943 - sqlalchemy.engine.Engine - INFO - select current_schema()
2025-12-06 19:04:41,943 - sqlalchemy.engine.Engine - INFO - [raw sql] {}
2025-12-06 19:04:41,945 - sqlalchemy.engine.Engine - INFO - show standard_conforming_strings
2025-12-06 19:04:41,945 - sqlalchemy.engine.Engine - INFO - [raw sql] {}
2025-12-06 19:04:41,946 - sqlalchemy.engine.Engine - INFO - BEGIN (implicit)
2025-12-06 19:04:41,948 - sqlalchemy.engine.Engine - INFO - SELECT pg_catalog.pg_class.relname 
FROM pg_catalog.pg_class JOIN pg_catalog.pg_namespace ON pg_catalog.pg_namespace.oid = pg_catalog.pg_class.relnamespace 
WHERE pg_catalog.pg_class.relname = %(table_name)s AND pg_catalog.pg_class.relkind = ANY (ARRAY[%(param_1)s, %(param_2)s, %(param_3)s, %(param_4)s, %(param_5)s]) AND pg_catalog.pg_table_is_visible(pg_catalog.pg_class.oid) AND pg_catalog.pg_namespace.nspname != %(nspname_1)s
2025-12-06 19:04:41,948 - sqlalchemy.engine.Engine - INFO - [generated in 0.00081s] {'table_name': 'projects', 'param_1': 'r', 'param_2': 'p', 'param_3': 'f', 'param_4': 'v', 'param_5': 'm', 'nspname_1': 'pg_catalog'}
2025-12-06 19:04:41,957 - sqlalchemy.engine.Engine - INFO - SELECT pg_catalog.pg_class.relname 
FROM pg_catalog.pg_class JOIN pg_catalog.pg_namespace ON pg_catalog.pg_namespace.oid = pg_catalog.pg_class.relnamespace 
WHERE pg_catalog.pg_class.relname = %(table_name)s AND pg_catalog.pg_class.relkind = ANY (ARRAY[%(param_1)s, %(param_2)s, %(param_3)s, %(param_4)s, %(param_5)s]) AND pg_catalog.pg_table_is_visible(pg_catalog.pg_class.oid) AND pg_catalog.pg_namespace.nspname != %(nspname_1)s
2025-12-06 19:04:41,957 - sqlalchemy.engine.Engine - INFO - [cached since 0.008291s ago] {'table_name': 'testers', 'param_1': 'r', 'param_2': 'p', 'param_3': 'f', 'param_4': 'v', 'param_5': 'm', 'nspname_1': 'pg_catalog'}
2025-12-06 19:04:41,962 - sqlalchemy.engine.Engine - INFO - SELECT pg_catalog.pg_class.relname 
FROM pg_catalog.pg_class JOIN pg_catalog.pg_namespace ON pg_catalog.pg_namespace.oid = pg_catalog.pg_class.relnamespace 
WHERE pg_catalog.pg_class.relname = %(table_name)s AND pg_catalog.pg_class.relkind = ANY (ARRAY[%(param_1)s, %(param_2)s, %(param_3)s, %(param_4)s, %(param_5)s]) AND pg_catalog.pg_table_is_visible(pg_catalog.pg_class.oid) AND pg_catalog.pg_namespace.nspname != %(nspname_1)s
2025-12-06 19:04:41,962 - sqlalchemy.engine.Engine - INFO - [cached since 0.01064s ago] {'table_name': 'tickets', 'param_1': 'r', 'param_2': 'p', 'param_3': 'f', 'param_4': 'v', 'param_5': 'm', 'nspname_1': 'pg_catalog'}
2025-12-06 19:04:41,964 - sqlalchemy.engine.Engine - INFO - SELECT pg_catalog.pg_class.relname 
FROM pg_catalog.pg_class JOIN pg_catalog.pg_namespace ON pg_catalog.pg_namespace.oid = pg_catalog.pg_class.relnamespace 
WHERE pg_catalog.pg_class.relname = %(table_name)s AND pg_catalog.pg_class.relkind = ANY (ARRAY[%(param_1)s, %(param_2)s, %(param_3)s, %(param_4)s, %(param_5)s]) AND pg_catalog.pg_table_is_visible(pg_catalog.pg_class.oid) AND pg_catalog.pg_namespace.nspname != %(nspname_1)s
2025-12-06 19:04:41,964 - sqlalchemy.engine.Engine - INFO - [cached since 0.01257s ago] {'table_name': 'test_executions', 'param_1': 'r', 'param_2': 'p', 'param_3': 'f', 'param_4': 'v', 'param_5': 'm', 'nspname_1': 'pg_catalog'}
2025-12-06 19:04:41,966 - sqlalchemy.engine.Engine - INFO - SELECT pg_catalog.pg_class.relname 
FROM pg_catalog.pg_class JOIN pg_catalog.pg_namespace ON pg_catalog.pg_namespace.oid = pg_catalog.pg_class.relnamespace 
WHERE pg_catalog.pg_class.relname = %(table_name)s AND pg_catalog.pg_class.relkind = ANY (ARRAY[%(param_1)s, %(param_2)s, %(param_3)s, %(param_4)s, %(param_5)s]) AND pg_catalog.pg_table_is_visible(pg_catalog.pg_class.oid) AND pg_catalog.pg_namespace.nspname != %(nspname_1)s
2025-12-06 19:04:41,966 - sqlalchemy.engine.Engine - INFO - [cached since 0.01443s ago] {'table_name': 'execution_steps', 'param_1': 'r', 'param_2': 'p', 'param_3': 'f', 'param_4': 'v', 'param_5': 'm', 'nspname_1': 'pg_catalog'}
2025-12-06 19:04:41,967 - sqlalchemy.engine.Engine - INFO - SELECT pg_catalog.pg_class.relname 
FROM pg_catalog.pg_class JOIN pg_catalog.pg_namespace ON pg_catalog.pg_namespace.oid = pg_catalog.pg_class.relnamespace 
WHERE pg_catalog.pg_class.relname = %(table_name)s AND pg_catalog.pg_class.relkind = ANY (ARRAY[%(param_1)s, %(param_2)s, %(param_3)s, %(param_4)s, %(param_5)s]) AND pg_catalog.pg_table_is_visible(pg_catalog.pg_class.oid) AND pg_catalog.pg_namespace.nspname != %(nspname_1)s
2025-12-06 19:04:41,967 - sqlalchemy.engine.Engine - INFO - [cached since 0.01698s ago] {'table_name': 'project_configs', 'param_1': 'r', 'param_2': 'p', 'param_3': 'f', 'param_4': 'v', 'param_5': 'm', 'nspname_1': 'pg_catalog'}
2025-12-06 19:04:41,967 - sqlalchemy.engine.Engine - INFO - COMMIT
2025-12-06 19:04:41,967 - TestAutomationAPI - INFO - Database tables verified
2025-12-06 19:04:45,897 - TestAutomationAPI - INFO - Starting Test Automation API...
2025-12-06 19:04:46,004 - sqlalchemy.engine.Engine - INFO - select pg_catalog.version()
2025-12-06 19:04:46,004 - sqlalchemy.engine.Engine - INFO - [raw sql] {}
2025-12-06 19:04:46,006 - sqlalchemy.engine.Engine - INFO - select current_schema()
2025-12-06 19:04:46,006 - sqlalchemy.engine.Engine - INFO - [raw sql] {}
2025-12-06 19:04:46,008 - sqlalchemy.engine.Engine - INFO - show standard_conforming_strings
2025-12-06 19:04:46,008 - sqlalchemy.engine.Engine - INFO - [raw sql] {}
2025-12-06 19:04:46,011 - sqlalchemy.engine.Engine - INFO - BEGIN (implicit)
2025-12-06 19:04:46,016 - sqlalchemy.engine.Engine - INFO - SELECT pg_catalog.pg_class.relname 
FROM pg_catalog.pg_class JOIN pg_catalog.pg_namespace ON pg_catalog.pg_namespace.oid = pg_catalog.pg_class.relnamespace 
WHERE pg_catalog.pg_class.relname = %(table_name)s AND pg_catalog.pg_class.relkind = ANY (ARRAY[%(param_1)s, %(param_2)s, %(param_3)s, %(param_4)s, %(param_5)s]) AND pg_catalog.pg_table_is_visible(pg_catalog.pg_class.oid) AND pg_catalog.pg_namespace.nspname != %(nspname_1)s
2025-12-06 19:04:46,018 - sqlalchemy.engine.Engine - INFO - [generated in 0.00090s] {'table_name': 'projects', 'param_1': 'r', 'param_2': 'p', 'param_3': 'f', 'param_4': 'v', 'param_5': 'm', 'nspname_1': 'pg_catalog'}
2025-12-06 19:04:46,023 - sqlalchemy.engine.Engine - INFO - SELECT pg_catalog.pg_class.relname 
FROM pg_catalog.pg_class JOIN pg_catalog.pg_namespace ON pg_catalog.pg_namespace.oid = pg_catalog.pg_class.relnamespace 
WHERE pg_catalog.pg_class.relname = %(table_name)s AND pg_catalog.pg_class.relkind = ANY (ARRAY[%(param_1)s, %(param_2)s, %(param_3)s, %(param_4)s, %(param_5)s]) AND pg_catalog.pg_table_is_visible(pg_catalog.pg_class.oid) AND pg_catalog.pg_namespace.nspname != %(nspname_1)s
2025-12-06 19:04:46,024 - sqlalchemy.engine.Engine - INFO - [cached since 0.007831s ago] {'table_name': 'testers', 'param_1': 'r', 'param_2': 'p', 'param_3': 'f', 'param_4': 'v', 'param_5': 'm', 'nspname_1': 'pg_catalog'}
2025-12-06 19:04:46,027 - sqlalchemy.engine.Engine - INFO - SELECT pg_catalog.pg_class.relname 
FROM pg_catalog.pg_class JOIN pg_catalog.pg_namespace ON pg_catalog.pg_namespace.oid = pg_catalog.pg_class.relnamespace 
WHERE pg_catalog.pg_class.relname = %(table_name)s AND pg_catalog.pg_class.relkind = ANY (ARRAY[%(param_1)s, %(param_2)s, %(param_3)s, %(param_4)s, %(param_5)s]) AND pg_catalog.pg_table_is_visible(pg_catalog.pg_class.oid) AND pg_catalog.pg_namespace.nspname != %(nspname_1)s
2025-12-06 19:04:46,027 - sqlalchemy.engine.Engine - INFO - [cached since 0.01088s ago] {'table_name': 'tickets', 'param_1': 'r', 'param_2': 'p', 'param_3': 'f', 'param_4': 'v', 'param_5': 'm', 'nspname_1': 'pg_catalog'}
2025-12-06 19:04:46,029 - sqlalchemy.engine.Engine - INFO - SELECT pg_catalog.pg_class.relname 
FROM pg_catalog.pg_class JOIN pg_catalog.pg_namespace ON pg_catalog.pg_namespace.oid = pg_catalog.pg_class.relnamespace 
WHERE pg_catalog.pg_class.relname = %(table_name)s AND pg_catalog.pg_class.relkind = ANY (ARRAY[%(param_1)s, %(param_2)s, %(param_3)s, %(param_4)s, %(param_5)s]) AND pg_catalog.pg_table_is_visible(pg_catalog.pg_class.oid) AND pg_catalog.pg_namespace.nspname != %(nspname_1)s
2025-12-06 19:04:46,029 - sqlalchemy.engine.Engine - INFO - [cached since 0.01382s ago] {'table_name': 'test_executions', 'param_1': 'r', 'param_2': 'p', 'param_3': 'f', 'param_4': 'v', 'param_5': 'm', 'nspname_1': 'pg_catalog'}
2025-12-06 19:04:46,032 - sqlalchemy.engine.Engine - INFO - SELECT pg_catalog.pg_class.relname 
FROM pg_catalog.pg_class JOIN pg_catalog.pg_namespace ON pg_catalog.pg_namespace.oid = pg_catalog.pg_class.relnamespace 
WHERE pg_catalog.pg_class.relname = %(table_name)s AND pg_catalog.pg_class.relkind = ANY (ARRAY[%(param_1)s, %(param_2)s, %(param_3)s, %(param_4)s, %(param_5)s]) AND pg_catalog.pg_table_is_visible(pg_catalog.pg_class.oid) AND pg_catalog.pg_namespace.nspname != %(nspname_1)s
2025-12-06 19:04:46,032 - sqlalchemy.engine.Engine - INFO - [cached since 0.01619s ago] {'table_name': 'execution_steps', 'param_1': 'r', 'param_2': 'p', 'param_3': 'f', 'param_4': 'v', 'param_5': 'm', 'nspname_1': 'pg_catalog'}
2025-12-06 19:04:46,034 - sqlalchemy.engine.Engine - INFO - SELECT pg_catalog.pg_class.relname 
FROM pg_catalog.pg_class JOIN pg_catalog.pg_namespace ON pg_catalog.pg_namespace.oid = pg_catalog.pg_class.relnamespace 
WHERE pg_catalog.pg_class.relname = %(table_name)s AND pg_catalog.pg_class.relkind = ANY (ARRAY[%(param_1)s, %(param_2)s, %(param_3)s, %(param_4)s, %(param_5)s]) AND pg_catalog.pg_table_is_visible(pg_catalog.pg_class.oid) AND pg_catalog.pg_namespace.nspname != %(nspname_1)s
2025-12-06 19:04:46,034 - sqlalchemy.engine.Engine - INFO - [cached since 0.01803s ago] {'table_name': 'project_configs', 'param_1': 'r', 'param_2': 'p', 'param_3': 'f', 'param_4': 'v', 'param_5': 'm', 'nspname_1': 'pg_catalog'}
2025-12-06 19:04:46,036 - sqlalchemy.engine.Engine - INFO - COMMIT
2025-12-06 19:04:46,036 - TestAutomationAPI - INFO - Database tables verified
2025-12-06 19:04:58,696 - TestAutomationAPI - INFO - Starting Test Automation API...
2025-12-06 19:04:58,794 - sqlalchemy.engine.Engine - INFO - select pg_catalog.version()
2025-12-06 19:04:58,794 - sqlalchemy.engine.Engine - INFO - [raw sql] {}
2025-12-06 19:04:58,794 - sqlalchemy.engine.Engine - INFO - select current_schema()
2025-12-06 19:04:58,794 - sqlalchemy.engine.Engine - INFO - [raw sql] {}
2025-12-06 19:04:58,794 - sqlalchemy.engine.Engine - INFO - show standard_conforming_strings
2025-12-06 19:04:58,794 - sqlalchemy.engine.Engine - INFO - [raw sql] {}
2025-12-06 19:04:58,802 - sqlalchemy.engine.Engine - INFO - BEGIN (implicit)
2025-12-06 19:04:58,808 - sqlalchemy.engine.Engine - INFO - SELECT pg_catalog.pg_class.relname 
FROM pg_catalog.pg_class JOIN pg_catalog.pg_namespace ON pg_catalog.pg_namespace.oid = pg_catalog.pg_class.relnamespace 
WHERE pg_catalog.pg_class.relname = %(table_name)s AND pg_catalog.pg_class.relkind = ANY (ARRAY[%(param_1)s, %(param_2)s, %(param_3)s, %(param_4)s, %(param_5)s]) AND pg_catalog.pg_table_is_visible(pg_catalog.pg_class.oid) AND pg_catalog.pg_namespace.nspname != %(nspname_1)s
2025-12-06 19:04:58,808 - sqlalchemy.engine.Engine - INFO - [generated in 0.00152s] {'table_name': 'projects', 'param_1': 'r', 'param_2': 'p', 'param_3': 'f', 'param_4': 'v', 'param_5': 'm', 'nspname_1': 'pg_catalog'}
2025-12-06 19:04:58,810 - sqlalchemy.engine.Engine - INFO - SELECT pg_catalog.pg_class.relname 
FROM pg_catalog.pg_class JOIN pg_catalog.pg_namespace ON pg_catalog.pg_namespace.oid = pg_catalog.pg_class.relnamespace 
WHERE pg_catalog.pg_class.relname = %(table_name)s AND pg_catalog.pg_class.relkind = ANY (ARRAY[%(param_1)s, %(param_2)s, %(param_3)s, %(param_4)s, %(param_5)s]) AND pg_catalog.pg_table_is_visible(pg_catalog.pg_class.oid) AND pg_catalog.pg_namespace.nspname != %(nspname_1)s
2025-12-06 19:04:58,810 - sqlalchemy.engine.Engine - INFO - [cached since 0.007804s ago] {'table_name': 'testers', 'param_1': 'r', 'param_2': 'p', 'param_3': 'f', 'param_4': 'v', 'param_5': 'm', 'nspname_1': 'pg_catalog'}
2025-12-06 19:04:58,816 - sqlalchemy.engine.Engine - INFO - SELECT pg_catalog.pg_class.relname 
FROM pg_catalog.pg_class JOIN pg_catalog.pg_namespace ON pg_catalog.pg_namespace.oid = pg_catalog.pg_class.relnamespace 
WHERE pg_catalog.pg_class.relname = %(table_name)s AND pg_catalog.pg_class.relkind = ANY (ARRAY[%(param_1)s, %(param_2)s, %(param_3)s, %(param_4)s, %(param_5)s]) AND pg_catalog.pg_table_is_visible(pg_catalog.pg_class.oid) AND pg_catalog.pg_namespace.nspname != %(nspname_1)s
2025-12-06 19:04:58,816 - sqlalchemy.engine.Engine - INFO - [cached since 0.01021s ago] {'table_name': 'tickets', 'param_1': 'r', 'param_2': 'p', 'param_3': 'f', 'param_4': 'v', 'param_5': 'm', 'nspname_1': 'pg_catalog'}
2025-12-06 19:04:58,819 - sqlalchemy.engine.Engine - INFO - SELECT pg_catalog.pg_class.relname 
FROM pg_catalog.pg_class JOIN pg_catalog.pg_namespace ON pg_catalog.pg_namespace.oid = pg_catalog.pg_class.relnamespace 
WHERE pg_catalog.pg_class.relname = %(table_name)s AND pg_catalog.pg_class.relkind = ANY (ARRAY[%(param_1)s, %(param_2)s, %(param_3)s, %(param_4)s, %(param_5)s]) AND pg_catalog.pg_table_is_visible(pg_catalog.pg_class.oid) AND pg_catalog.pg_namespace.nspname != %(nspname_1)s
2025-12-06 19:04:58,819 - sqlalchemy.engine.Engine - INFO - [cached since 0.01225s ago] {'table_name': 'test_executions', 'param_1': 'r', 'param_2': 'p', 'param_3': 'f', 'param_4': 'v', 'param_5': 'm', 'nspname_1': 'pg_catalog'}
2025-12-06 19:04:58,821 - sqlalchemy.engine.Engine - INFO - SELECT pg_catalog.pg_class.relname 
FROM pg_catalog.pg_class JOIN pg_catalog.pg_namespace ON pg_catalog.pg_namespace.oid = pg_catalog.pg_class.relnamespace 
WHERE pg_catalog.pg_class.relname = %(table_name)s AND pg_catalog.pg_class.relkind = ANY (ARRAY[%(param_1)s, %(param_2)s, %(param_3)s, %(param_4)s, %(param_5)s]) AND pg_catalog.pg_table_is_visible(pg_catalog.pg_class.oid) AND pg_catalog.pg_namespace.nspname != %(nspname_1)s
2025-12-06 19:04:58,821 - sqlalchemy.engine.Engine - INFO - [cached since 0.01428s ago] {'table_name': 'execution_steps', 'param_1': 'r', 'param_2': 'p', 'param_3': 'f', 'param_4': 'v', 'param_5': 'm', 'nspname_1': 'pg_catalog'}
2025-12-06 19:04:58,824 - sqlalchemy.engine.Engine - INFO - SELECT pg_catalog.pg_class.relname 
FROM pg_catalog.pg_class JOIN pg_catalog.pg_namespace ON pg_catalog.pg_namespace.oid = pg_catalog.pg_class.relnamespace 
WHERE pg_catalog.pg_class.relname = %(table_name)s AND pg_catalog.pg_class.relkind = ANY (ARRAY[%(param_1)s, %(param_2)s, %(param_3)s, %(param_4)s, %(param_5)s]) AND pg_catalog.pg_table_is_visible(pg_catalog.pg_class.oid) AND pg_catalog.pg_namespace.nspname != %(nspname_1)s
2025-12-06 19:04:58,824 - sqlalchemy.engine.Engine - INFO - [cached since 0.01705s ago] {'table_name': 'project_configs', 'param_1': 'r', 'param_2': 'p', 'param_3': 'f', 'param_4': 'v', 'param_5': 'm', 'nspname_1': 'pg_catalog'}
2025-12-06 19:04:58,826 - sqlalchemy.engine.Engine - INFO - COMMIT
2025-12-06 19:04:58,826 - TestAutomationAPI - INFO - Database tables verified
2025-12-06 19:07:12,718 - TestAutomationAPI - INFO - Starting Test Automation API...
2025-12-06 19:07:12,802 - sqlalchemy.engine.Engine - INFO - select pg_catalog.version()
2025-12-06 19:07:12,813 - sqlalchemy.engine.Engine - INFO - [raw sql] {}
2025-12-06 19:07:12,813 - sqlalchemy.engine.Engine - INFO - select current_schema()
2025-12-06 19:07:12,813 - sqlalchemy.engine.Engine - INFO - [raw sql] {}
2025-12-06 19:07:12,813 - sqlalchemy.engine.Engine - INFO - show standard_conforming_strings
2025-12-06 19:07:12,817 - sqlalchemy.engine.Engine - INFO - [raw sql] {}
2025-12-06 19:07:12,818 - sqlalchemy.engine.Engine - INFO - BEGIN (implicit)
2025-12-06 19:07:12,824 - sqlalchemy.engine.Engine - INFO - SELECT pg_catalog.pg_class.relname 
FROM pg_catalog.pg_class JOIN pg_catalog.pg_namespace ON pg_catalog.pg_namespace.oid = pg_catalog.pg_class.relnamespace 
WHERE pg_catalog.pg_class.relname = %(table_name)s AND pg_catalog.pg_class.relkind = ANY (ARRAY[%(param_1)s, %(param_2)s, %(param_3)s, %(param_4)s, %(param_5)s]) AND pg_catalog.pg_table_is_visible(pg_catalog.pg_class.oid) AND pg_catalog.pg_namespace.nspname != %(nspname_1)s
2025-12-06 19:07:12,824 - sqlalchemy.engine.Engine - INFO - [generated in 0.00077s] {'table_name': 'projects', 'param_1': 'r', 'param_2': 'p', 'param_3': 'f', 'param_4': 'v', 'param_5': 'm', 'nspname_1': 'pg_catalog'}
2025-12-06 19:07:12,829 - sqlalchemy.engine.Engine - INFO - SELECT pg_catalog.pg_class.relname 
FROM pg_catalog.pg_class JOIN pg_catalog.pg_namespace ON pg_catalog.pg_namespace.oid = pg_catalog.pg_class.relnamespace 
WHERE pg_catalog.pg_class.relname = %(table_name)s AND pg_catalog.pg_class.relkind = ANY (ARRAY[%(param_1)s, %(param_2)s, %(param_3)s, %(param_4)s, %(param_5)s]) AND pg_catalog.pg_table_is_visible(pg_catalog.pg_class.oid) AND pg_catalog.pg_namespace.nspname != %(nspname_1)s
2025-12-06 19:07:12,829 - sqlalchemy.engine.Engine - INFO - [cached since 0.007083s ago] {'table_name': 'testers', 'param_1': 'r', 'param_2': 'p', 'param_3': 'f', 'param_4': 'v', 'param_5': 'm', 'nspname_1': 'pg_catalog'}
2025-12-06 19:07:12,829 - sqlalchemy.engine.Engine - INFO - SELECT pg_catalog.pg_class.relname 
FROM pg_catalog.pg_class JOIN pg_catalog.pg_namespace ON pg_catalog.pg_namespace.oid = pg_catalog.pg_class.relnamespace 
WHERE pg_catalog.pg_class.relname = %(table_name)s AND pg_catalog.pg_class.relkind = ANY (ARRAY[%(param_1)s, %(param_2)s, %(param_3)s, %(param_4)s, %(param_5)s]) AND pg_catalog.pg_table_is_visible(pg_catalog.pg_class.oid) AND pg_catalog.pg_namespace.nspname != %(nspname_1)s
2025-12-06 19:07:12,834 - sqlalchemy.engine.Engine - INFO - [cached since 0.009946s ago] {'table_name': 'tickets', 'param_1': 'r', 'param_2': 'p', 'param_3': 'f', 'param_4': 'v', 'param_5': 'm', 'nspname_1': 'pg_catalog'}
2025-12-06 19:07:12,836 - sqlalchemy.engine.Engine - INFO - SELECT pg_catalog.pg_class.relname 
FROM pg_catalog.pg_class JOIN pg_catalog.pg_namespace ON pg_catalog.pg_namespace.oid = pg_catalog.pg_class.relnamespace 
WHERE pg_catalog.pg_class.relname = %(table_name)s AND pg_catalog.pg_class.relkind = ANY (ARRAY[%(param_1)s, %(param_2)s, %(param_3)s, %(param_4)s, %(param_5)s]) AND pg_catalog.pg_table_is_visible(pg_catalog.pg_class.oid) AND pg_catalog.pg_namespace.nspname != %(nspname_1)s
2025-12-06 19:07:12,837 - sqlalchemy.engine.Engine - INFO - [cached since 0.01291s ago] {'table_name': 'test_executions', 'param_1': 'r', 'param_2': 'p', 'param_3': 'f', 'param_4': 'v', 'param_5': 'm', 'nspname_1': 'pg_catalog'}
2025-12-06 19:07:12,837 - sqlalchemy.engine.Engine - INFO - SELECT pg_catalog.pg_class.relname 
FROM pg_catalog.pg_class JOIN pg_catalog.pg_namespace ON pg_catalog.pg_namespace.oid = pg_catalog.pg_class.relnamespace 
WHERE pg_catalog.pg_class.relname = %(table_name)s AND pg_catalog.pg_class.relkind = ANY (ARRAY[%(param_1)s, %(param_2)s, %(param_3)s, %(param_4)s, %(param_5)s]) AND pg_catalog.pg_table_is_visible(pg_catalog.pg_class.oid) AND pg_catalog.pg_namespace.nspname != %(nspname_1)s
2025-12-06 19:07:12,837 - sqlalchemy.engine.Engine - INFO - [cached since 0.01565s ago] {'table_name': 'execution_steps', 'param_1': 'r', 'param_2': 'p', 'param_3': 'f', 'param_4': 'v', 'param_5': 'm', 'nspname_1': 'pg_catalog'}
2025-12-06 19:07:12,837 - sqlalchemy.engine.Engine - INFO - SELECT pg_catalog.pg_class.relname 
FROM pg_catalog.pg_class JOIN pg_catalog.pg_namespace ON pg_catalog.pg_namespace.oid = pg_catalog.pg_class.relnamespace 
WHERE pg_catalog.pg_class.relname = %(table_name)s AND pg_catalog.pg_class.relkind = ANY (ARRAY[%(param_1)s, %(param_2)s, %(param_3)s, %(param_4)s, %(param_5)s]) AND pg_catalog.pg_table_is_visible(pg_catalog.pg_class.oid) AND pg_catalog.pg_namespace.nspname != %(nspname_1)s
2025-12-06 19:07:12,837 - sqlalchemy.engine.Engine - INFO - [cached since 0.01758s ago] {'table_name': 'project_configs', 'param_1': 'r', 'param_2': 'p', 'param_3': 'f', 'param_4': 'v', 'param_5': 'm', 'nspname_1': 'pg_catalog'}
2025-12-06 19:07:12,837 - sqlalchemy.engine.Engine - INFO - COMMIT
2025-12-06 19:07:12,837 - TestAutomationAPI - INFO - Database tables verified
2025-12-06 19:07:16,620 - TestAutomationAPI - INFO - Starting Test Automation API...
2025-12-06 19:07:16,705 - sqlalchemy.engine.Engine - INFO - select pg_catalog.version()
2025-12-06 19:07:16,705 - sqlalchemy.engine.Engine - INFO - [raw sql] {}
2025-12-06 19:07:16,705 - sqlalchemy.engine.Engine - INFO - select current_schema()
2025-12-06 19:07:16,705 - sqlalchemy.engine.Engine - INFO - [raw sql] {}
2025-12-06 19:07:16,717 - sqlalchemy.engine.Engine - INFO - show standard_conforming_strings
2025-12-06 19:07:16,717 - sqlalchemy.engine.Engine - INFO - [raw sql] {}
2025-12-06 19:07:16,718 - sqlalchemy.engine.Engine - INFO - BEGIN (implicit)
2025-12-06 19:07:16,722 - sqlalchemy.engine.Engine - INFO - SELECT pg_catalog.pg_class.relname 
FROM pg_catalog.pg_class JOIN pg_catalog.pg_namespace ON pg_catalog.pg_namespace.oid = pg_catalog.pg_class.relnamespace 
WHERE pg_catalog.pg_class.relname = %(table_name)s AND pg_catalog.pg_class.relkind = ANY (ARRAY[%(param_1)s, %(param_2)s, %(param_3)s, %(param_4)s, %(param_5)s]) AND pg_catalog.pg_table_is_visible(pg_catalog.pg_class.oid) AND pg_catalog.pg_namespace.nspname != %(nspname_1)s
2025-12-06 19:07:16,724 - sqlalchemy.engine.Engine - INFO - [generated in 0.00060s] {'table_name': 'projects', 'param_1': 'r', 'param_2': 'p', 'param_3': 'f', 'param_4': 'v', 'param_5': 'm', 'nspname_1': 'pg_catalog'}
2025-12-06 19:07:16,724 - sqlalchemy.engine.Engine - INFO - SELECT pg_catalog.pg_class.relname 
FROM pg_catalog.pg_class JOIN pg_catalog.pg_namespace ON pg_catalog.pg_namespace.oid = pg_catalog.pg_class.relnamespace 
WHERE pg_catalog.pg_class.relname = %(table_name)s AND pg_catalog.pg_class.relkind = ANY (ARRAY[%(param_1)s, %(param_2)s, %(param_3)s, %(param_4)s, %(param_5)s]) AND pg_catalog.pg_table_is_visible(pg_catalog.pg_class.oid) AND pg_catalog.pg_namespace.nspname != %(nspname_1)s
2025-12-06 19:07:16,724 - sqlalchemy.engine.Engine - INFO - [cached since 0.006827s ago] {'table_name': 'testers', 'param_1': 'r', 'param_2': 'p', 'param_3': 'f', 'param_4': 'v', 'param_5': 'm', 'nspname_1': 'pg_catalog'}
2025-12-06 19:07:16,724 - sqlalchemy.engine.Engine - INFO - SELECT pg_catalog.pg_class.relname 
FROM pg_catalog.pg_class JOIN pg_catalog.pg_namespace ON pg_catalog.pg_namespace.oid = pg_catalog.pg_class.relnamespace 
WHERE pg_catalog.pg_class.relname = %(table_name)s AND pg_catalog.pg_class.relkind = ANY (ARRAY[%(param_1)s, %(param_2)s, %(param_3)s, %(param_4)s, %(param_5)s]) AND pg_catalog.pg_table_is_visible(pg_catalog.pg_class.oid) AND pg_catalog.pg_namespace.nspname != %(nspname_1)s
2025-12-06 19:07:16,732 - sqlalchemy.engine.Engine - INFO - [cached since 0.009227s ago] {'table_name': 'tickets', 'param_1': 'r', 'param_2': 'p', 'param_3': 'f', 'param_4': 'v', 'param_5': 'm', 'nspname_1': 'pg_catalog'}
2025-12-06 19:07:16,735 - sqlalchemy.engine.Engine - INFO - SELECT pg_catalog.pg_class.relname 
FROM pg_catalog.pg_class JOIN pg_catalog.pg_namespace ON pg_catalog.pg_namespace.oid = pg_catalog.pg_class.relnamespace 
WHERE pg_catalog.pg_class.relname = %(table_name)s AND pg_catalog.pg_class.relkind = ANY (ARRAY[%(param_1)s, %(param_2)s, %(param_3)s, %(param_4)s, %(param_5)s]) AND pg_catalog.pg_table_is_visible(pg_catalog.pg_class.oid) AND pg_catalog.pg_namespace.nspname != %(nspname_1)s
2025-12-06 19:07:16,736 - sqlalchemy.engine.Engine - INFO - [cached since 0.01237s ago] {'table_name': 'test_executions', 'param_1': 'r', 'param_2': 'p', 'param_3': 'f', 'param_4': 'v', 'param_5': 'm', 'nspname_1': 'pg_catalog'}
2025-12-06 19:07:16,738 - sqlalchemy.engine.Engine - INFO - SELECT pg_catalog.pg_class.relname 
FROM pg_catalog.pg_class JOIN pg_catalog.pg_namespace ON pg_catalog.pg_namespace.oid = pg_catalog.pg_class.relnamespace 
WHERE pg_catalog.pg_class.relname = %(table_name)s AND pg_catalog.pg_class.relkind = ANY (ARRAY[%(param_1)s, %(param_2)s, %(param_3)s, %(param_4)s, %(param_5)s]) AND pg_catalog.pg_table_is_visible(pg_catalog.pg_class.oid) AND pg_catalog.pg_namespace.nspname != %(nspname_1)s
2025-12-06 19:07:16,738 - sqlalchemy.engine.Engine - INFO - [cached since 0.01499s ago] {'table_name': 'execution_steps', 'param_1': 'r', 'param_2': 'p', 'param_3': 'f', 'param_4': 'v', 'param_5': 'm', 'nspname_1': 'pg_catalog'}
2025-12-06 19:07:16,740 - sqlalchemy.engine.Engine - INFO - SELECT pg_catalog.pg_class.relname 
FROM pg_catalog.pg_class JOIN pg_catalog.pg_namespace ON pg_catalog.pg_namespace.oid = pg_catalog.pg_class.relnamespace 
WHERE pg_catalog.pg_class.relname = %(table_name)s AND pg_catalog.pg_class.relkind = ANY (ARRAY[%(param_1)s, %(param_2)s, %(param_3)s, %(param_4)s, %(param_5)s]) AND pg_catalog.pg_table_is_visible(pg_catalog.pg_class.oid) AND pg_catalog.pg_namespace.nspname != %(nspname_1)s
2025-12-06 19:07:16,740 - sqlalchemy.engine.Engine - INFO - [cached since 0.01722s ago] {'table_name': 'project_configs', 'param_1': 'r', 'param_2': 'p', 'param_3': 'f', 'param_4': 'v', 'param_5': 'm', 'nspname_1': 'pg_catalog'}
2025-12-06 19:07:16,742 - sqlalchemy.engine.Engine - INFO - COMMIT
2025-12-06 19:07:16,742 - TestAutomationAPI - INFO - Database tables verified
2025-12-06 19:07:25,574 - TestAutomationAPI - INFO - Starting Test Automation API...
2025-12-06 19:07:25,700 - sqlalchemy.engine.Engine - INFO - select pg_catalog.version()
2025-12-06 19:07:25,700 - sqlalchemy.engine.Engine - INFO - [raw sql] {}
2025-12-06 19:07:25,700 - sqlalchemy.engine.Engine - INFO - select current_schema()
2025-12-06 19:07:25,700 - sqlalchemy.engine.Engine - INFO - [raw sql] {}
2025-12-06 19:07:25,700 - sqlalchemy.engine.Engine - INFO - show standard_conforming_strings
2025-12-06 19:07:25,700 - sqlalchemy.engine.Engine - INFO - [raw sql] {}
2025-12-06 19:07:25,700 - sqlalchemy.engine.Engine - INFO - BEGIN (implicit)
2025-12-06 19:07:25,712 - sqlalchemy.engine.Engine - INFO - SELECT pg_catalog.pg_class.relname 
FROM pg_catalog.pg_class JOIN pg_catalog.pg_namespace ON pg_catalog.pg_namespace.oid = pg_catalog.pg_class.relnamespace 
WHERE pg_catalog.pg_class.relname = %(table_name)s AND pg_catalog.pg_class.relkind = ANY (ARRAY[%(param_1)s, %(param_2)s, %(param_3)s, %(param_4)s, %(param_5)s]) AND pg_catalog.pg_table_is_visible(pg_catalog.pg_class.oid) AND pg_catalog.pg_namespace.nspname != %(nspname_1)s
2025-12-06 19:07:25,712 - sqlalchemy.engine.Engine - INFO - [generated in 0.00083s] {'table_name': 'projects', 'param_1': 'r', 'param_2': 'p', 'param_3': 'f', 'param_4': 'v', 'param_5': 'm', 'nspname_1': 'pg_catalog'}
2025-12-06 19:07:25,720 - sqlalchemy.engine.Engine - INFO - SELECT pg_catalog.pg_class.relname 
FROM pg_catalog.pg_class JOIN pg_catalog.pg_namespace ON pg_catalog.pg_namespace.oid = pg_catalog.pg_class.relnamespace 
WHERE pg_catalog.pg_class.relname = %(table_name)s AND pg_catalog.pg_class.relkind = ANY (ARRAY[%(param_1)s, %(param_2)s, %(param_3)s, %(param_4)s, %(param_5)s]) AND pg_catalog.pg_table_is_visible(pg_catalog.pg_class.oid) AND pg_catalog.pg_namespace.nspname != %(nspname_1)s
2025-12-06 19:07:25,720 - sqlalchemy.engine.Engine - INFO - [cached since 0.008352s ago] {'table_name': 'testers', 'param_1': 'r', 'param_2': 'p', 'param_3': 'f', 'param_4': 'v', 'param_5': 'm', 'nspname_1': 'pg_catalog'}
2025-12-06 19:07:25,724 - sqlalchemy.engine.Engine - INFO - SELECT pg_catalog.pg_class.relname 
FROM pg_catalog.pg_class JOIN pg_catalog.pg_namespace ON pg_catalog.pg_namespace.oid = pg_catalog.pg_class.relnamespace 
WHERE pg_catalog.pg_class.relname = %(table_name)s AND pg_catalog.pg_class.relkind = ANY (ARRAY[%(param_1)s, %(param_2)s, %(param_3)s, %(param_4)s, %(param_5)s]) AND pg_catalog.pg_table_is_visible(pg_catalog.pg_class.oid) AND pg_catalog.pg_namespace.nspname != %(nspname_1)s
2025-12-06 19:07:25,724 - sqlalchemy.engine.Engine - INFO - [cached since 0.01076s ago] {'table_name': 'tickets', 'param_1': 'r', 'param_2': 'p', 'param_3': 'f', 'param_4': 'v', 'param_5': 'm', 'nspname_1': 'pg_catalog'}
2025-12-06 19:07:25,724 - sqlalchemy.engine.Engine - INFO - SELECT pg_catalog.pg_class.relname 
FROM pg_catalog.pg_class JOIN pg_catalog.pg_namespace ON pg_catalog.pg_namespace.oid = pg_catalog.pg_class.relnamespace 
WHERE pg_catalog.pg_class.relname = %(table_name)s AND pg_catalog.pg_class.relkind = ANY (ARRAY[%(param_1)s, %(param_2)s, %(param_3)s, %(param_4)s, %(param_5)s]) AND pg_catalog.pg_table_is_visible(pg_catalog.pg_class.oid) AND pg_catalog.pg_namespace.nspname != %(nspname_1)s
2025-12-06 19:07:25,724 - sqlalchemy.engine.Engine - INFO - [cached since 0.01272s ago] {'table_name': 'test_executions', 'param_1': 'r', 'param_2': 'p', 'param_3': 'f', 'param_4': 'v', 'param_5': 'm', 'nspname_1': 'pg_catalog'}
2025-12-06 19:07:25,728 - sqlalchemy.engine.Engine - INFO - SELECT pg_catalog.pg_class.relname 
FROM pg_catalog.pg_class JOIN pg_catalog.pg_namespace ON pg_catalog.pg_namespace.oid = pg_catalog.pg_class.relnamespace 
WHERE pg_catalog.pg_class.relname = %(table_name)s AND pg_catalog.pg_class.relkind = ANY (ARRAY[%(param_1)s, %(param_2)s, %(param_3)s, %(param_4)s, %(param_5)s]) AND pg_catalog.pg_table_is_visible(pg_catalog.pg_class.oid) AND pg_catalog.pg_namespace.nspname != %(nspname_1)s
2025-12-06 19:07:25,728 - sqlalchemy.engine.Engine - INFO - [cached since 0.0148s ago] {'table_name': 'execution_steps', 'param_1': 'r', 'param_2': 'p', 'param_3': 'f', 'param_4': 'v', 'param_5': 'm', 'nspname_1': 'pg_catalog'}
2025-12-06 19:07:25,728 - sqlalchemy.engine.Engine - INFO - SELECT pg_catalog.pg_class.relname 
FROM pg_catalog.pg_class JOIN pg_catalog.pg_namespace ON pg_catalog.pg_namespace.oid = pg_catalog.pg_class.relnamespace 
WHERE pg_catalog.pg_class.relname = %(table_name)s AND pg_catalog.pg_class.relkind = ANY (ARRAY[%(param_1)s, %(param_2)s, %(param_3)s, %(param_4)s, %(param_5)s]) AND pg_catalog.pg_table_is_visible(pg_catalog.pg_class.oid) AND pg_catalog.pg_namespace.nspname != %(nspname_1)s
2025-12-06 19:07:25,728 - sqlalchemy.engine.Engine - INFO - [cached since 0.0167s ago] {'table_name': 'project_configs', 'param_1': 'r', 'param_2': 'p', 'param_3': 'f', 'param_4': 'v', 'param_5': 'm', 'nspname_1': 'pg_catalog'}
2025-12-06 19:07:25,728 - sqlalchemy.engine.Engine - INFO - COMMIT
2025-12-06 19:07:25,733 - TestAutomationAPI - INFO - Database tables verified
2025-12-06 19:07:38,533 - TestAutomationAPI - INFO - Starting Test Automation API...
2025-12-06 19:07:38,625 - sqlalchemy.engine.Engine - INFO - select pg_catalog.version()
2025-12-06 19:07:38,625 - sqlalchemy.engine.Engine - INFO - [raw sql] {}
2025-12-06 19:07:38,628 - sqlalchemy.engine.Engine - INFO - select current_schema()
2025-12-06 19:07:38,628 - sqlalchemy.engine.Engine - INFO - [raw sql] {}
2025-12-06 19:07:38,630 - sqlalchemy.engine.Engine - INFO - show standard_conforming_strings
2025-12-06 19:07:38,630 - sqlalchemy.engine.Engine - INFO - [raw sql] {}
2025-12-06 19:07:38,630 - sqlalchemy.engine.Engine - INFO - BEGIN (implicit)
2025-12-06 19:07:38,633 - sqlalchemy.engine.Engine - INFO - SELECT pg_catalog.pg_class.relname 
FROM pg_catalog.pg_class JOIN pg_catalog.pg_namespace ON pg_catalog.pg_namespace.oid = pg_catalog.pg_class.relnamespace 
WHERE pg_catalog.pg_class.relname = %(table_name)s AND pg_catalog.pg_class.relkind = ANY (ARRAY[%(param_1)s, %(param_2)s, %(param_3)s, %(param_4)s, %(param_5)s]) AND pg_catalog.pg_table_is_visible(pg_catalog.pg_class.oid) AND pg_catalog.pg_namespace.nspname != %(nspname_1)s
2025-12-06 19:07:38,638 - sqlalchemy.engine.Engine - INFO - [generated in 0.00085s] {'table_name': 'projects', 'param_1': 'r', 'param_2': 'p', 'param_3': 'f', 'param_4': 'v', 'param_5': 'm', 'nspname_1': 'pg_catalog'}
2025-12-06 19:07:38,642 - sqlalchemy.engine.Engine - INFO - SELECT pg_catalog.pg_class.relname 
FROM pg_catalog.pg_class JOIN pg_catalog.pg_namespace ON pg_catalog.pg_namespace.oid = pg_catalog.pg_class.relnamespace 
WHERE pg_catalog.pg_class.relname = %(table_name)s AND pg_catalog.pg_class.relkind = ANY (ARRAY[%(param_1)s, %(param_2)s, %(param_3)s, %(param_4)s, %(param_5)s]) AND pg_catalog.pg_table_is_visible(pg_catalog.pg_class.oid) AND pg_catalog.pg_namespace.nspname != %(nspname_1)s
2025-12-06 19:07:38,645 - sqlalchemy.engine.Engine - INFO - [cached since 0.007582s ago] {'table_name': 'testers', 'param_1': 'r', 'param_2': 'p', 'param_3': 'f', 'param_4': 'v', 'param_5': 'm', 'nspname_1': 'pg_catalog'}
2025-12-06 19:07:38,645 - sqlalchemy.engine.Engine - INFO - SELECT pg_catalog.pg_class.relname 
FROM pg_catalog.pg_class JOIN pg_catalog.pg_namespace ON pg_catalog.pg_namespace.oid = pg_catalog.pg_class.relnamespace 
WHERE pg_catalog.pg_class.relname = %(table_name)s AND pg_catalog.pg_class.relkind = ANY (ARRAY[%(param_1)s, %(param_2)s, %(param_3)s, %(param_4)s, %(param_5)s]) AND pg_catalog.pg_table_is_visible(pg_catalog.pg_class.oid) AND pg_catalog.pg_namespace.nspname != %(nspname_1)s
2025-12-06 19:07:38,645 - sqlalchemy.engine.Engine - INFO - [cached since 0.01011s ago] {'table_name': 'tickets', 'param_1': 'r', 'param_2': 'p', 'param_3': 'f', 'param_4': 'v', 'param_5': 'm', 'nspname_1': 'pg_catalog'}
2025-12-06 19:07:38,645 - sqlalchemy.engine.Engine - INFO - SELECT pg_catalog.pg_class.relname 
FROM pg_catalog.pg_class JOIN pg_catalog.pg_namespace ON pg_catalog.pg_namespace.oid = pg_catalog.pg_class.relnamespace 
WHERE pg_catalog.pg_class.relname = %(table_name)s AND pg_catalog.pg_class.relkind = ANY (ARRAY[%(param_1)s, %(param_2)s, %(param_3)s, %(param_4)s, %(param_5)s]) AND pg_catalog.pg_table_is_visible(pg_catalog.pg_class.oid) AND pg_catalog.pg_namespace.nspname != %(nspname_1)s
2025-12-06 19:07:38,648 - sqlalchemy.engine.Engine - INFO - [cached since 0.01197s ago] {'table_name': 'test_executions', 'param_1': 'r', 'param_2': 'p', 'param_3': 'f', 'param_4': 'v', 'param_5': 'm', 'nspname_1': 'pg_catalog'}
2025-12-06 19:07:38,650 - sqlalchemy.engine.Engine - INFO - SELECT pg_catalog.pg_class.relname 
FROM pg_catalog.pg_class JOIN pg_catalog.pg_namespace ON pg_catalog.pg_namespace.oid = pg_catalog.pg_class.relnamespace 
WHERE pg_catalog.pg_class.relname = %(table_name)s AND pg_catalog.pg_class.relkind = ANY (ARRAY[%(param_1)s, %(param_2)s, %(param_3)s, %(param_4)s, %(param_5)s]) AND pg_catalog.pg_table_is_visible(pg_catalog.pg_class.oid) AND pg_catalog.pg_namespace.nspname != %(nspname_1)s
2025-12-06 19:07:38,650 - sqlalchemy.engine.Engine - INFO - [cached since 0.0147s ago] {'table_name': 'execution_steps', 'param_1': 'r', 'param_2': 'p', 'param_3': 'f', 'param_4': 'v', 'param_5': 'm', 'nspname_1': 'pg_catalog'}
2025-12-06 19:07:38,650 - sqlalchemy.engine.Engine - INFO - SELECT pg_catalog.pg_class.relname 
FROM pg_catalog.pg_class JOIN pg_catalog.pg_namespace ON pg_catalog.pg_namespace.oid = pg_catalog.pg_class.relnamespace 
WHERE pg_catalog.pg_class.relname = %(table_name)s AND pg_catalog.pg_class.relkind = ANY (ARRAY[%(param_1)s, %(param_2)s, %(param_3)s, %(param_4)s, %(param_5)s]) AND pg_catalog.pg_table_is_visible(pg_catalog.pg_class.oid) AND pg_catalog.pg_namespace.nspname != %(nspname_1)s
2025-12-06 19:07:38,650 - sqlalchemy.engine.Engine - INFO - [cached since 0.0175s ago] {'table_name': 'project_configs', 'param_1': 'r', 'param_2': 'p', 'param_3': 'f', 'param_4': 'v', 'param_5': 'm', 'nspname_1': 'pg_catalog'}
2025-12-06 19:07:38,655 - sqlalchemy.engine.Engine - INFO - COMMIT
2025-12-06 19:07:38,657 - TestAutomationAPI - INFO - Database tables verified
2025-12-06 19:07:56,755 - TestAutomationAPI - INFO - Starting Test Automation API...
2025-12-06 19:07:56,859 - sqlalchemy.engine.Engine - INFO - select pg_catalog.version()
2025-12-06 19:07:56,859 - sqlalchemy.engine.Engine - INFO - [raw sql] {}
2025-12-06 19:07:56,863 - sqlalchemy.engine.Engine - INFO - select current_schema()
2025-12-06 19:07:56,864 - sqlalchemy.engine.Engine - INFO - [raw sql] {}
2025-12-06 19:07:56,864 - sqlalchemy.engine.Engine - INFO - show standard_conforming_strings
2025-12-06 19:07:56,864 - sqlalchemy.engine.Engine - INFO - [raw sql] {}
2025-12-06 19:07:56,866 - sqlalchemy.engine.Engine - INFO - BEGIN (implicit)
2025-12-06 19:07:56,871 - sqlalchemy.engine.Engine - INFO - SELECT pg_catalog.pg_class.relname 
FROM pg_catalog.pg_class JOIN pg_catalog.pg_namespace ON pg_catalog.pg_namespace.oid = pg_catalog.pg_class.relnamespace 
WHERE pg_catalog.pg_class.relname = %(table_name)s AND pg_catalog.pg_class.relkind = ANY (ARRAY[%(param_1)s, %(param_2)s, %(param_3)s, %(param_4)s, %(param_5)s]) AND pg_catalog.pg_table_is_visible(pg_catalog.pg_class.oid) AND pg_catalog.pg_namespace.nspname != %(nspname_1)s
2025-12-06 19:07:56,871 - sqlalchemy.engine.Engine - INFO - [generated in 0.00083s] {'table_name': 'projects', 'param_1': 'r', 'param_2': 'p', 'param_3': 'f', 'param_4': 'v', 'param_5': 'm', 'nspname_1': 'pg_catalog'}
2025-12-06 19:07:56,876 - sqlalchemy.engine.Engine - INFO - SELECT pg_catalog.pg_class.relname 
FROM pg_catalog.pg_class JOIN pg_catalog.pg_namespace ON pg_catalog.pg_namespace.oid = pg_catalog.pg_class.relnamespace 
WHERE pg_catalog.pg_class.relname = %(table_name)s AND pg_catalog.pg_class.relkind = ANY (ARRAY[%(param_1)s, %(param_2)s, %(param_3)s, %(param_4)s, %(param_5)s]) AND pg_catalog.pg_table_is_visible(pg_catalog.pg_class.oid) AND pg_catalog.pg_namespace.nspname != %(nspname_1)s
2025-12-06 19:07:56,876 - sqlalchemy.engine.Engine - INFO - [cached since 0.008293s ago] {'table_name': 'testers', 'param_1': 'r', 'param_2': 'p', 'param_3': 'f', 'param_4': 'v', 'param_5': 'm', 'nspname_1': 'pg_catalog'}
2025-12-06 19:07:56,882 - sqlalchemy.engine.Engine - INFO - SELECT pg_catalog.pg_class.relname 
FROM pg_catalog.pg_class JOIN pg_catalog.pg_namespace ON pg_catalog.pg_namespace.oid = pg_catalog.pg_class.relnamespace 
WHERE pg_catalog.pg_class.relname = %(table_name)s AND pg_catalog.pg_class.relkind = ANY (ARRAY[%(param_1)s, %(param_2)s, %(param_3)s, %(param_4)s, %(param_5)s]) AND pg_catalog.pg_table_is_visible(pg_catalog.pg_class.oid) AND pg_catalog.pg_namespace.nspname != %(nspname_1)s
2025-12-06 19:07:56,883 - sqlalchemy.engine.Engine - INFO - [cached since 0.01112s ago] {'table_name': 'tickets', 'param_1': 'r', 'param_2': 'p', 'param_3': 'f', 'param_4': 'v', 'param_5': 'm', 'nspname_1': 'pg_catalog'}
2025-12-06 19:07:56,885 - sqlalchemy.engine.Engine - INFO - SELECT pg_catalog.pg_class.relname 
FROM pg_catalog.pg_class JOIN pg_catalog.pg_namespace ON pg_catalog.pg_namespace.oid = pg_catalog.pg_class.relnamespace 
WHERE pg_catalog.pg_class.relname = %(table_name)s AND pg_catalog.pg_class.relkind = ANY (ARRAY[%(param_1)s, %(param_2)s, %(param_3)s, %(param_4)s, %(param_5)s]) AND pg_catalog.pg_table_is_visible(pg_catalog.pg_class.oid) AND pg_catalog.pg_namespace.nspname != %(nspname_1)s
2025-12-06 19:07:56,885 - sqlalchemy.engine.Engine - INFO - [cached since 0.01374s ago] {'table_name': 'test_executions', 'param_1': 'r', 'param_2': 'p', 'param_3': 'f', 'param_4': 'v', 'param_5': 'm', 'nspname_1': 'pg_catalog'}
2025-12-06 19:07:56,887 - sqlalchemy.engine.Engine - INFO - SELECT pg_catalog.pg_class.relname 
FROM pg_catalog.pg_class JOIN pg_catalog.pg_namespace ON pg_catalog.pg_namespace.oid = pg_catalog.pg_class.relnamespace 
WHERE pg_catalog.pg_class.relname = %(table_name)s AND pg_catalog.pg_class.relkind = ANY (ARRAY[%(param_1)s, %(param_2)s, %(param_3)s, %(param_4)s, %(param_5)s]) AND pg_catalog.pg_table_is_visible(pg_catalog.pg_class.oid) AND pg_catalog.pg_namespace.nspname != %(nspname_1)s
2025-12-06 19:07:56,887 - sqlalchemy.engine.Engine - INFO - [cached since 0.01595s ago] {'table_name': 'execution_steps', 'param_1': 'r', 'param_2': 'p', 'param_3': 'f', 'param_4': 'v', 'param_5': 'm', 'nspname_1': 'pg_catalog'}
2025-12-06 19:07:56,887 - sqlalchemy.engine.Engine - INFO - SELECT pg_catalog.pg_class.relname 
FROM pg_catalog.pg_class JOIN pg_catalog.pg_namespace ON pg_catalog.pg_namespace.oid = pg_catalog.pg_class.relnamespace 
WHERE pg_catalog.pg_class.relname = %(table_name)s AND pg_catalog.pg_class.relkind = ANY (ARRAY[%(param_1)s, %(param_2)s, %(param_3)s, %(param_4)s, %(param_5)s]) AND pg_catalog.pg_table_is_visible(pg_catalog.pg_class.oid) AND pg_catalog.pg_namespace.nspname != %(nspname_1)s
2025-12-06 19:07:56,887 - sqlalchemy.engine.Engine - INFO - [cached since 0.01778s ago] {'table_name': 'project_configs', 'param_1': 'r', 'param_2': 'p', 'param_3': 'f', 'param_4': 'v', 'param_5': 'm', 'nspname_1': 'pg_catalog'}
2025-12-06 19:07:56,887 - sqlalchemy.engine.Engine - INFO - COMMIT
2025-12-06 19:07:56,887 - TestAutomationAPI - INFO - Database tables verified
2025-12-06 19:08:00,870 - TestAutomationAPI - INFO - Starting Test Automation API...
2025-12-06 19:08:00,972 - sqlalchemy.engine.Engine - INFO - select pg_catalog.version()
2025-12-06 19:08:00,972 - sqlalchemy.engine.Engine - INFO - [raw sql] {}
2025-12-06 19:08:00,976 - sqlalchemy.engine.Engine - INFO - select current_schema()
2025-12-06 19:08:00,976 - sqlalchemy.engine.Engine - INFO - [raw sql] {}
2025-12-06 19:08:00,979 - sqlalchemy.engine.Engine - INFO - show standard_conforming_strings
2025-12-06 19:08:00,979 - sqlalchemy.engine.Engine - INFO - [raw sql] {}
2025-12-06 19:08:00,982 - sqlalchemy.engine.Engine - INFO - BEGIN (implicit)
2025-12-06 19:08:00,986 - sqlalchemy.engine.Engine - INFO - SELECT pg_catalog.pg_class.relname 
FROM pg_catalog.pg_class JOIN pg_catalog.pg_namespace ON pg_catalog.pg_namespace.oid = pg_catalog.pg_class.relnamespace 
WHERE pg_catalog.pg_class.relname = %(table_name)s AND pg_catalog.pg_class.relkind = ANY (ARRAY[%(param_1)s, %(param_2)s, %(param_3)s, %(param_4)s, %(param_5)s]) AND pg_catalog.pg_table_is_visible(pg_catalog.pg_class.oid) AND pg_catalog.pg_namespace.nspname != %(nspname_1)s
2025-12-06 19:08:00,986 - sqlalchemy.engine.Engine - INFO - [generated in 0.00073s] {'table_name': 'projects', 'param_1': 'r', 'param_2': 'p', 'param_3': 'f', 'param_4': 'v', 'param_5': 'm', 'nspname_1': 'pg_catalog'}
2025-12-06 19:08:00,992 - sqlalchemy.engine.Engine - INFO - SELECT pg_catalog.pg_class.relname 
FROM pg_catalog.pg_class JOIN pg_catalog.pg_namespace ON pg_catalog.pg_namespace.oid = pg_catalog.pg_class.relnamespace 
WHERE pg_catalog.pg_class.relname = %(table_name)s AND pg_catalog.pg_class.relkind = ANY (ARRAY[%(param_1)s, %(param_2)s, %(param_3)s, %(param_4)s, %(param_5)s]) AND pg_catalog.pg_table_is_visible(pg_catalog.pg_class.oid) AND pg_catalog.pg_namespace.nspname != %(nspname_1)s
2025-12-06 19:08:00,992 - sqlalchemy.engine.Engine - INFO - [cached since 0.00974s ago] {'table_name': 'testers', 'param_1': 'r', 'param_2': 'p', 'param_3': 'f', 'param_4': 'v', 'param_5': 'm', 'nspname_1': 'pg_catalog'}
2025-12-06 19:08:01,000 - sqlalchemy.engine.Engine - INFO - SELECT pg_catalog.pg_class.relname 
FROM pg_catalog.pg_class JOIN pg_catalog.pg_namespace ON pg_catalog.pg_namespace.oid = pg_catalog.pg_class.relnamespace 
WHERE pg_catalog.pg_class.relname = %(table_name)s AND pg_catalog.pg_class.relkind = ANY (ARRAY[%(param_1)s, %(param_2)s, %(param_3)s, %(param_4)s, %(param_5)s]) AND pg_catalog.pg_table_is_visible(pg_catalog.pg_class.oid) AND pg_catalog.pg_namespace.nspname != %(nspname_1)s
2025-12-06 19:08:01,000 - sqlalchemy.engine.Engine - INFO - [cached since 0.01433s ago] {'table_name': 'tickets', 'param_1': 'r', 'param_2': 'p', 'param_3': 'f', 'param_4': 'v', 'param_5': 'm', 'nspname_1': 'pg_catalog'}
2025-12-06 19:08:01,000 - sqlalchemy.engine.Engine - INFO - SELECT pg_catalog.pg_class.relname 
FROM pg_catalog.pg_class JOIN pg_catalog.pg_namespace ON pg_catalog.pg_namespace.oid = pg_catalog.pg_class.relnamespace 
WHERE pg_catalog.pg_class.relname = %(table_name)s AND pg_catalog.pg_class.relkind = ANY (ARRAY[%(param_1)s, %(param_2)s, %(param_3)s, %(param_4)s, %(param_5)s]) AND pg_catalog.pg_table_is_visible(pg_catalog.pg_class.oid) AND pg_catalog.pg_namespace.nspname != %(nspname_1)s
2025-12-06 19:08:01,005 - sqlalchemy.engine.Engine - INFO - [cached since 0.01923s ago] {'table_name': 'test_executions', 'param_1': 'r', 'param_2': 'p', 'param_3': 'f', 'param_4': 'v', 'param_5': 'm', 'nspname_1': 'pg_catalog'}
2025-12-06 19:08:01,005 - sqlalchemy.engine.Engine - INFO - SELECT pg_catalog.pg_class.relname 
FROM pg_catalog.pg_class JOIN pg_catalog.pg_namespace ON pg_catalog.pg_namespace.oid = pg_catalog.pg_class.relnamespace 
WHERE pg_catalog.pg_class.relname = %(table_name)s AND pg_catalog.pg_class.relkind = ANY (ARRAY[%(param_1)s, %(param_2)s, %(param_3)s, %(param_4)s, %(param_5)s]) AND pg_catalog.pg_table_is_visible(pg_catalog.pg_class.oid) AND pg_catalog.pg_namespace.nspname != %(nspname_1)s
2025-12-06 19:08:01,010 - sqlalchemy.engine.Engine - INFO - [cached since 0.02276s ago] {'table_name': 'execution_steps', 'param_1': 'r', 'param_2': 'p', 'param_3': 'f', 'param_4': 'v', 'param_5': 'm', 'nspname_1': 'pg_catalog'}
2025-12-06 19:08:01,010 - sqlalchemy.engine.Engine - INFO - SELECT pg_catalog.pg_class.relname 
FROM pg_catalog.pg_class JOIN pg_catalog.pg_namespace ON pg_catalog.pg_namespace.oid = pg_catalog.pg_class.relnamespace 
WHERE pg_catalog.pg_class.relname = %(table_name)s AND pg_catalog.pg_class.relkind = ANY (ARRAY[%(param_1)s, %(param_2)s, %(param_3)s, %(param_4)s, %(param_5)s]) AND pg_catalog.pg_table_is_visible(pg_catalog.pg_class.oid) AND pg_catalog.pg_namespace.nspname != %(nspname_1)s
2025-12-06 19:08:01,010 - sqlalchemy.engine.Engine - INFO - [cached since 0.02543s ago] {'table_name': 'project_configs', 'param_1': 'r', 'param_2': 'p', 'param_3': 'f', 'param_4': 'v', 'param_5': 'm', 'nspname_1': 'pg_catalog'}
2025-12-06 19:08:01,010 - sqlalchemy.engine.Engine - INFO - COMMIT
2025-12-06 19:08:01,016 - TestAutomationAPI - INFO - Database tables verified
2025-12-06 19:08:07,087 - TestAutomationAPI - INFO - Starting Test Automation API...
2025-12-06 19:08:07,198 - sqlalchemy.engine.Engine - INFO - select pg_catalog.version()
2025-12-06 19:08:07,198 - sqlalchemy.engine.Engine - INFO - [raw sql] {}
2025-12-06 19:08:07,198 - sqlalchemy.engine.Engine - INFO - select current_schema()
2025-12-06 19:08:07,198 - sqlalchemy.engine.Engine - INFO - [raw sql] {}
2025-12-06 19:08:07,198 - sqlalchemy.engine.Engine - INFO - show standard_conforming_strings
2025-12-06 19:08:07,198 - sqlalchemy.engine.Engine - INFO - [raw sql] {}
2025-12-06 19:08:07,205 - sqlalchemy.engine.Engine - INFO - BEGIN (implicit)
2025-12-06 19:08:07,209 - sqlalchemy.engine.Engine - INFO - SELECT pg_catalog.pg_class.relname 
FROM pg_catalog.pg_class JOIN pg_catalog.pg_namespace ON pg_catalog.pg_namespace.oid = pg_catalog.pg_class.relnamespace 
WHERE pg_catalog.pg_class.relname = %(table_name)s AND pg_catalog.pg_class.relkind = ANY (ARRAY[%(param_1)s, %(param_2)s, %(param_3)s, %(param_4)s, %(param_5)s]) AND pg_catalog.pg_table_is_visible(pg_catalog.pg_class.oid) AND pg_catalog.pg_namespace.nspname != %(nspname_1)s
2025-12-06 19:08:07,209 - sqlalchemy.engine.Engine - INFO - [generated in 0.00071s] {'table_name': 'projects', 'param_1': 'r', 'param_2': 'p', 'param_3': 'f', 'param_4': 'v', 'param_5': 'm', 'nspname_1': 'pg_catalog'}
2025-12-06 19:08:07,215 - sqlalchemy.engine.Engine - INFO - SELECT pg_catalog.pg_class.relname 
FROM pg_catalog.pg_class JOIN pg_catalog.pg_namespace ON pg_catalog.pg_namespace.oid = pg_catalog.pg_class.relnamespace 
WHERE pg_catalog.pg_class.relname = %(table_name)s AND pg_catalog.pg_class.relkind = ANY (ARRAY[%(param_1)s, %(param_2)s, %(param_3)s, %(param_4)s, %(param_5)s]) AND pg_catalog.pg_table_is_visible(pg_catalog.pg_class.oid) AND pg_catalog.pg_namespace.nspname != %(nspname_1)s
2025-12-06 19:08:07,215 - sqlalchemy.engine.Engine - INFO - [cached since 0.008156s ago] {'table_name': 'testers', 'param_1': 'r', 'param_2': 'p', 'param_3': 'f', 'param_4': 'v', 'param_5': 'm', 'nspname_1': 'pg_catalog'}
2025-12-06 19:08:07,221 - sqlalchemy.engine.Engine - INFO - SELECT pg_catalog.pg_class.relname 
FROM pg_catalog.pg_class JOIN pg_catalog.pg_namespace ON pg_catalog.pg_namespace.oid = pg_catalog.pg_class.relnamespace 
WHERE pg_catalog.pg_class.relname = %(table_name)s AND pg_catalog.pg_class.relkind = ANY (ARRAY[%(param_1)s, %(param_2)s, %(param_3)s, %(param_4)s, %(param_5)s]) AND pg_catalog.pg_table_is_visible(pg_catalog.pg_class.oid) AND pg_catalog.pg_namespace.nspname != %(nspname_1)s
2025-12-06 19:08:07,221 - sqlalchemy.engine.Engine - INFO - [cached since 0.0107s ago] {'table_name': 'tickets', 'param_1': 'r', 'param_2': 'p', 'param_3': 'f', 'param_4': 'v', 'param_5': 'm', 'nspname_1': 'pg_catalog'}
2025-12-06 19:08:07,221 - sqlalchemy.engine.Engine - INFO - SELECT pg_catalog.pg_class.relname 
FROM pg_catalog.pg_class JOIN pg_catalog.pg_namespace ON pg_catalog.pg_namespace.oid = pg_catalog.pg_class.relnamespace 
WHERE pg_catalog.pg_class.relname = %(table_name)s AND pg_catalog.pg_class.relkind = ANY (ARRAY[%(param_1)s, %(param_2)s, %(param_3)s, %(param_4)s, %(param_5)s]) AND pg_catalog.pg_table_is_visible(pg_catalog.pg_class.oid) AND pg_catalog.pg_namespace.nspname != %(nspname_1)s
2025-12-06 19:08:07,221 - sqlalchemy.engine.Engine - INFO - [cached since 0.01291s ago] {'table_name': 'test_executions', 'param_1': 'r', 'param_2': 'p', 'param_3': 'f', 'param_4': 'v', 'param_5': 'm', 'nspname_1': 'pg_catalog'}
2025-12-06 19:08:07,221 - sqlalchemy.engine.Engine - INFO - SELECT pg_catalog.pg_class.relname 
FROM pg_catalog.pg_class JOIN pg_catalog.pg_namespace ON pg_catalog.pg_namespace.oid = pg_catalog.pg_class.relnamespace 
WHERE pg_catalog.pg_class.relname = %(table_name)s AND pg_catalog.pg_class.relkind = ANY (ARRAY[%(param_1)s, %(param_2)s, %(param_3)s, %(param_4)s, %(param_5)s]) AND pg_catalog.pg_table_is_visible(pg_catalog.pg_class.oid) AND pg_catalog.pg_namespace.nspname != %(nspname_1)s
2025-12-06 19:08:07,221 - sqlalchemy.engine.Engine - INFO - [cached since 0.01474s ago] {'table_name': 'execution_steps', 'param_1': 'r', 'param_2': 'p', 'param_3': 'f', 'param_4': 'v', 'param_5': 'm', 'nspname_1': 'pg_catalog'}
2025-12-06 19:08:07,221 - sqlalchemy.engine.Engine - INFO - SELECT pg_catalog.pg_class.relname 
FROM pg_catalog.pg_class JOIN pg_catalog.pg_namespace ON pg_catalog.pg_namespace.oid = pg_catalog.pg_class.relnamespace 
WHERE pg_catalog.pg_class.relname = %(table_name)s AND pg_catalog.pg_class.relkind = ANY (ARRAY[%(param_1)s, %(param_2)s, %(param_3)s, %(param_4)s, %(param_5)s]) AND pg_catalog.pg_table_is_visible(pg_catalog.pg_class.oid) AND pg_catalog.pg_namespace.nspname != %(nspname_1)s
2025-12-06 19:08:07,221 - sqlalchemy.engine.Engine - INFO - [cached since 0.01649s ago] {'table_name': 'project_configs', 'param_1': 'r', 'param_2': 'p', 'param_3': 'f', 'param_4': 'v', 'param_5': 'm', 'nspname_1': 'pg_catalog'}
2025-12-06 19:08:07,221 - sqlalchemy.engine.Engine - INFO - COMMIT
2025-12-06 19:08:07,229 - TestAutomationAPI - INFO - Database tables verified
2025-12-06 19:08:54,851 - TestAutomationAPI - INFO - Starting Test Automation API...
2025-12-06 19:08:54,947 - sqlalchemy.engine.Engine - INFO - select pg_catalog.version()
2025-12-06 19:08:54,947 - sqlalchemy.engine.Engine - INFO - [raw sql] {}
2025-12-06 19:08:54,954 - sqlalchemy.engine.Engine - INFO - select current_schema()
2025-12-06 19:08:54,956 - sqlalchemy.engine.Engine - INFO - [raw sql] {}
2025-12-06 19:08:54,956 - sqlalchemy.engine.Engine - INFO - show standard_conforming_strings
2025-12-06 19:08:54,956 - sqlalchemy.engine.Engine - INFO - [raw sql] {}
2025-12-06 19:08:54,958 - sqlalchemy.engine.Engine - INFO - BEGIN (implicit)
2025-12-06 19:08:54,963 - sqlalchemy.engine.Engine - INFO - SELECT pg_catalog.pg_class.relname 
FROM pg_catalog.pg_class JOIN pg_catalog.pg_namespace ON pg_catalog.pg_namespace.oid = pg_catalog.pg_class.relnamespace 
WHERE pg_catalog.pg_class.relname = %(table_name)s AND pg_catalog.pg_class.relkind = ANY (ARRAY[%(param_1)s, %(param_2)s, %(param_3)s, %(param_4)s, %(param_5)s]) AND pg_catalog.pg_table_is_visible(pg_catalog.pg_class.oid) AND pg_catalog.pg_namespace.nspname != %(nspname_1)s
2025-12-06 19:08:54,963 - sqlalchemy.engine.Engine - INFO - [generated in 0.00094s] {'table_name': 'projects', 'param_1': 'r', 'param_2': 'p', 'param_3': 'f', 'param_4': 'v', 'param_5': 'm', 'nspname_1': 'pg_catalog'}
2025-12-06 19:08:54,968 - sqlalchemy.engine.Engine - INFO - SELECT pg_catalog.pg_class.relname 
FROM pg_catalog.pg_class JOIN pg_catalog.pg_namespace ON pg_catalog.pg_namespace.oid = pg_catalog.pg_class.relnamespace 
WHERE pg_catalog.pg_class.relname = %(table_name)s AND pg_catalog.pg_class.relkind = ANY (ARRAY[%(param_1)s, %(param_2)s, %(param_3)s, %(param_4)s, %(param_5)s]) AND pg_catalog.pg_table_is_visible(pg_catalog.pg_class.oid) AND pg_catalog.pg_namespace.nspname != %(nspname_1)s
2025-12-06 19:08:54,968 - sqlalchemy.engine.Engine - INFO - [cached since 0.007364s ago] {'table_name': 'testers', 'param_1': 'r', 'param_2': 'p', 'param_3': 'f', 'param_4': 'v', 'param_5': 'm', 'nspname_1': 'pg_catalog'}
2025-12-06 19:08:54,968 - sqlalchemy.engine.Engine - INFO - SELECT pg_catalog.pg_class.relname 
FROM pg_catalog.pg_class JOIN pg_catalog.pg_namespace ON pg_catalog.pg_namespace.oid = pg_catalog.pg_class.relnamespace 
WHERE pg_catalog.pg_class.relname = %(table_name)s AND pg_catalog.pg_class.relkind = ANY (ARRAY[%(param_1)s, %(param_2)s, %(param_3)s, %(param_4)s, %(param_5)s]) AND pg_catalog.pg_table_is_visible(pg_catalog.pg_class.oid) AND pg_catalog.pg_namespace.nspname != %(nspname_1)s
2025-12-06 19:08:54,968 - sqlalchemy.engine.Engine - INFO - [cached since 0.009476s ago] {'table_name': 'tickets', 'param_1': 'r', 'param_2': 'p', 'param_3': 'f', 'param_4': 'v', 'param_5': 'm', 'nspname_1': 'pg_catalog'}
2025-12-06 19:08:54,968 - sqlalchemy.engine.Engine - INFO - SELECT pg_catalog.pg_class.relname 
FROM pg_catalog.pg_class JOIN pg_catalog.pg_namespace ON pg_catalog.pg_namespace.oid = pg_catalog.pg_class.relnamespace 
WHERE pg_catalog.pg_class.relname = %(table_name)s AND pg_catalog.pg_class.relkind = ANY (ARRAY[%(param_1)s, %(param_2)s, %(param_3)s, %(param_4)s, %(param_5)s]) AND pg_catalog.pg_table_is_visible(pg_catalog.pg_class.oid) AND pg_catalog.pg_namespace.nspname != %(nspname_1)s
2025-12-06 19:08:54,968 - sqlalchemy.engine.Engine - INFO - [cached since 0.01147s ago] {'table_name': 'test_executions', 'param_1': 'r', 'param_2': 'p', 'param_3': 'f', 'param_4': 'v', 'param_5': 'm', 'nspname_1': 'pg_catalog'}
2025-12-06 19:08:54,968 - sqlalchemy.engine.Engine - INFO - SELECT pg_catalog.pg_class.relname 
FROM pg_catalog.pg_class JOIN pg_catalog.pg_namespace ON pg_catalog.pg_namespace.oid = pg_catalog.pg_class.relnamespace 
WHERE pg_catalog.pg_class.relname = %(table_name)s AND pg_catalog.pg_class.relkind = ANY (ARRAY[%(param_1)s, %(param_2)s, %(param_3)s, %(param_4)s, %(param_5)s]) AND pg_catalog.pg_table_is_visible(pg_catalog.pg_class.oid) AND pg_catalog.pg_namespace.nspname != %(nspname_1)s
2025-12-06 19:08:54,968 - sqlalchemy.engine.Engine - INFO - [cached since 0.01343s ago] {'table_name': 'execution_steps', 'param_1': 'r', 'param_2': 'p', 'param_3': 'f', 'param_4': 'v', 'param_5': 'm', 'nspname_1': 'pg_catalog'}
2025-12-06 19:08:54,968 - sqlalchemy.engine.Engine - INFO - SELECT pg_catalog.pg_class.relname 
FROM pg_catalog.pg_class JOIN pg_catalog.pg_namespace ON pg_catalog.pg_namespace.oid = pg_catalog.pg_class.relnamespace 
WHERE pg_catalog.pg_class.relname = %(table_name)s AND pg_catalog.pg_class.relkind = ANY (ARRAY[%(param_1)s, %(param_2)s, %(param_3)s, %(param_4)s, %(param_5)s]) AND pg_catalog.pg_table_is_visible(pg_catalog.pg_class.oid) AND pg_catalog.pg_namespace.nspname != %(nspname_1)s
2025-12-06 19:08:54,968 - sqlalchemy.engine.Engine - INFO - [cached since 0.01529s ago] {'table_name': 'project_configs', 'param_1': 'r', 'param_2': 'p', 'param_3': 'f', 'param_4': 'v', 'param_5': 'm', 'nspname_1': 'pg_catalog'}
2025-12-06 19:08:54,979 - sqlalchemy.engine.Engine - INFO - COMMIT
2025-12-06 19:08:54,979 - TestAutomationAPI - INFO - Database tables verified
2025-12-06 19:09:05,089 - TestAutomationAPI - INFO - Starting Test Automation API...
2025-12-06 19:09:05,179 - sqlalchemy.engine.Engine - INFO - select pg_catalog.version()
2025-12-06 19:09:05,179 - sqlalchemy.engine.Engine - INFO - [raw sql] {}
2025-12-06 19:09:05,179 - sqlalchemy.engine.Engine - INFO - select current_schema()
2025-12-06 19:09:05,179 - sqlalchemy.engine.Engine - INFO - [raw sql] {}
2025-12-06 19:09:05,184 - sqlalchemy.engine.Engine - INFO - show standard_conforming_strings
2025-12-06 19:09:05,184 - sqlalchemy.engine.Engine - INFO - [raw sql] {}
2025-12-06 19:09:05,186 - sqlalchemy.engine.Engine - INFO - BEGIN (implicit)
2025-12-06 19:09:05,190 - sqlalchemy.engine.Engine - INFO - SELECT pg_catalog.pg_class.relname 
FROM pg_catalog.pg_class JOIN pg_catalog.pg_namespace ON pg_catalog.pg_namespace.oid = pg_catalog.pg_class.relnamespace 
WHERE pg_catalog.pg_class.relname = %(table_name)s AND pg_catalog.pg_class.relkind = ANY (ARRAY[%(param_1)s, %(param_2)s, %(param_3)s, %(param_4)s, %(param_5)s]) AND pg_catalog.pg_table_is_visible(pg_catalog.pg_class.oid) AND pg_catalog.pg_namespace.nspname != %(nspname_1)s
2025-12-06 19:09:05,190 - sqlalchemy.engine.Engine - INFO - [generated in 0.00127s] {'table_name': 'projects', 'param_1': 'r', 'param_2': 'p', 'param_3': 'f', 'param_4': 'v', 'param_5': 'm', 'nspname_1': 'pg_catalog'}
2025-12-06 19:09:05,195 - sqlalchemy.engine.Engine - INFO - SELECT pg_catalog.pg_class.relname 
FROM pg_catalog.pg_class JOIN pg_catalog.pg_namespace ON pg_catalog.pg_namespace.oid = pg_catalog.pg_class.relnamespace 
WHERE pg_catalog.pg_class.relname = %(table_name)s AND pg_catalog.pg_class.relkind = ANY (ARRAY[%(param_1)s, %(param_2)s, %(param_3)s, %(param_4)s, %(param_5)s]) AND pg_catalog.pg_table_is_visible(pg_catalog.pg_class.oid) AND pg_catalog.pg_namespace.nspname != %(nspname_1)s
2025-12-06 19:09:05,195 - sqlalchemy.engine.Engine - INFO - [cached since 0.007812s ago] {'table_name': 'testers', 'param_1': 'r', 'param_2': 'p', 'param_3': 'f', 'param_4': 'v', 'param_5': 'm', 'nspname_1': 'pg_catalog'}
2025-12-06 19:09:05,195 - sqlalchemy.engine.Engine - INFO - SELECT pg_catalog.pg_class.relname 
FROM pg_catalog.pg_class JOIN pg_catalog.pg_namespace ON pg_catalog.pg_namespace.oid = pg_catalog.pg_class.relnamespace 
WHERE pg_catalog.pg_class.relname = %(table_name)s AND pg_catalog.pg_class.relkind = ANY (ARRAY[%(param_1)s, %(param_2)s, %(param_3)s, %(param_4)s, %(param_5)s]) AND pg_catalog.pg_table_is_visible(pg_catalog.pg_class.oid) AND pg_catalog.pg_namespace.nspname != %(nspname_1)s
2025-12-06 19:09:05,202 - sqlalchemy.engine.Engine - INFO - [cached since 0.01046s ago] {'table_name': 'tickets', 'param_1': 'r', 'param_2': 'p', 'param_3': 'f', 'param_4': 'v', 'param_5': 'm', 'nspname_1': 'pg_catalog'}
2025-12-06 19:09:05,204 - sqlalchemy.engine.Engine - INFO - SELECT pg_catalog.pg_class.relname 
FROM pg_catalog.pg_class JOIN pg_catalog.pg_namespace ON pg_catalog.pg_namespace.oid = pg_catalog.pg_class.relnamespace 
WHERE pg_catalog.pg_class.relname = %(table_name)s AND pg_catalog.pg_class.relkind = ANY (ARRAY[%(param_1)s, %(param_2)s, %(param_3)s, %(param_4)s, %(param_5)s]) AND pg_catalog.pg_table_is_visible(pg_catalog.pg_class.oid) AND pg_catalog.pg_namespace.nspname != %(nspname_1)s
2025-12-06 19:09:05,204 - sqlalchemy.engine.Engine - INFO - [cached since 0.01291s ago] {'table_name': 'test_executions', 'param_1': 'r', 'param_2': 'p', 'param_3': 'f', 'param_4': 'v', 'param_5': 'm', 'nspname_1': 'pg_catalog'}
2025-12-06 19:09:05,204 - sqlalchemy.engine.Engine - INFO - SELECT pg_catalog.pg_class.relname 
FROM pg_catalog.pg_class JOIN pg_catalog.pg_namespace ON pg_catalog.pg_namespace.oid = pg_catalog.pg_class.relnamespace 
WHERE pg_catalog.pg_class.relname = %(table_name)s AND pg_catalog.pg_class.relkind = ANY (ARRAY[%(param_1)s, %(param_2)s, %(param_3)s, %(param_4)s, %(param_5)s]) AND pg_catalog.pg_table_is_visible(pg_catalog.pg_class.oid) AND pg_catalog.pg_namespace.nspname != %(nspname_1)s
2025-12-06 19:09:05,204 - sqlalchemy.engine.Engine - INFO - [cached since 0.01464s ago] {'table_name': 'execution_steps', 'param_1': 'r', 'param_2': 'p', 'param_3': 'f', 'param_4': 'v', 'param_5': 'm', 'nspname_1': 'pg_catalog'}
2025-12-06 19:09:05,204 - sqlalchemy.engine.Engine - INFO - SELECT pg_catalog.pg_class.relname 
FROM pg_catalog.pg_class JOIN pg_catalog.pg_namespace ON pg_catalog.pg_namespace.oid = pg_catalog.pg_class.relnamespace 
WHERE pg_catalog.pg_class.relname = %(table_name)s AND pg_catalog.pg_class.relkind = ANY (ARRAY[%(param_1)s, %(param_2)s, %(param_3)s, %(param_4)s, %(param_5)s]) AND pg_catalog.pg_table_is_visible(pg_catalog.pg_class.oid) AND pg_catalog.pg_namespace.nspname != %(nspname_1)s
2025-12-06 19:09:05,204 - sqlalchemy.engine.Engine - INFO - [cached since 0.01614s ago] {'table_name': 'project_configs', 'param_1': 'r', 'param_2': 'p', 'param_3': 'f', 'param_4': 'v', 'param_5': 'm', 'nspname_1': 'pg_catalog'}
2025-12-06 19:09:05,204 - sqlalchemy.engine.Engine - INFO - COMMIT
2025-12-06 19:09:05,204 - TestAutomationAPI - INFO - Database tables verified
2025-12-06 19:09:14,533 - TestAutomationAPI - INFO - Starting Test Automation API...
2025-12-06 19:09:14,662 - sqlalchemy.engine.Engine - INFO - select pg_catalog.version()
2025-12-06 19:09:14,666 - sqlalchemy.engine.Engine - INFO - [raw sql] {}
2025-12-06 19:09:14,668 - sqlalchemy.engine.Engine - INFO - select current_schema()
2025-12-06 19:09:14,668 - sqlalchemy.engine.Engine - INFO - [raw sql] {}
2025-12-06 19:09:14,668 - sqlalchemy.engine.Engine - INFO - show standard_conforming_strings
2025-12-06 19:09:14,668 - sqlalchemy.engine.Engine - INFO - [raw sql] {}
2025-12-06 19:09:14,676 - sqlalchemy.engine.Engine - INFO - BEGIN (implicit)
2025-12-06 19:09:14,685 - sqlalchemy.engine.Engine - INFO - SELECT pg_catalog.pg_class.relname 
FROM pg_catalog.pg_class JOIN pg_catalog.pg_namespace ON pg_catalog.pg_namespace.oid = pg_catalog.pg_class.relnamespace 
WHERE pg_catalog.pg_class.relname = %(table_name)s AND pg_catalog.pg_class.relkind = ANY (ARRAY[%(param_1)s, %(param_2)s, %(param_3)s, %(param_4)s, %(param_5)s]) AND pg_catalog.pg_table_is_visible(pg_catalog.pg_class.oid) AND pg_catalog.pg_namespace.nspname != %(nspname_1)s
2025-12-06 19:09:14,685 - sqlalchemy.engine.Engine - INFO - [generated in 0.00150s] {'table_name': 'projects', 'param_1': 'r', 'param_2': 'p', 'param_3': 'f', 'param_4': 'v', 'param_5': 'm', 'nspname_1': 'pg_catalog'}
2025-12-06 19:09:14,695 - sqlalchemy.engine.Engine - INFO - SELECT pg_catalog.pg_class.relname 
FROM pg_catalog.pg_class JOIN pg_catalog.pg_namespace ON pg_catalog.pg_namespace.oid = pg_catalog.pg_class.relnamespace 
WHERE pg_catalog.pg_class.relname = %(table_name)s AND pg_catalog.pg_class.relkind = ANY (ARRAY[%(param_1)s, %(param_2)s, %(param_3)s, %(param_4)s, %(param_5)s]) AND pg_catalog.pg_table_is_visible(pg_catalog.pg_class.oid) AND pg_catalog.pg_namespace.nspname != %(nspname_1)s
2025-12-06 19:09:14,698 - sqlalchemy.engine.Engine - INFO - [cached since 0.01223s ago] {'table_name': 'testers', 'param_1': 'r', 'param_2': 'p', 'param_3': 'f', 'param_4': 'v', 'param_5': 'm', 'nspname_1': 'pg_catalog'}
2025-12-06 19:09:14,698 - sqlalchemy.engine.Engine - INFO - SELECT pg_catalog.pg_class.relname 
FROM pg_catalog.pg_class JOIN pg_catalog.pg_namespace ON pg_catalog.pg_namespace.oid = pg_catalog.pg_class.relnamespace 
WHERE pg_catalog.pg_class.relname = %(table_name)s AND pg_catalog.pg_class.relkind = ANY (ARRAY[%(param_1)s, %(param_2)s, %(param_3)s, %(param_4)s, %(param_5)s]) AND pg_catalog.pg_table_is_visible(pg_catalog.pg_class.oid) AND pg_catalog.pg_namespace.nspname != %(nspname_1)s
2025-12-06 19:09:14,698 - sqlalchemy.engine.Engine - INFO - [cached since 0.01561s ago] {'table_name': 'tickets', 'param_1': 'r', 'param_2': 'p', 'param_3': 'f', 'param_4': 'v', 'param_5': 'm', 'nspname_1': 'pg_catalog'}
2025-12-06 19:09:14,698 - sqlalchemy.engine.Engine - INFO - SELECT pg_catalog.pg_class.relname 
FROM pg_catalog.pg_class JOIN pg_catalog.pg_namespace ON pg_catalog.pg_namespace.oid = pg_catalog.pg_class.relnamespace 
WHERE pg_catalog.pg_class.relname = %(table_name)s AND pg_catalog.pg_class.relkind = ANY (ARRAY[%(param_1)s, %(param_2)s, %(param_3)s, %(param_4)s, %(param_5)s]) AND pg_catalog.pg_table_is_visible(pg_catalog.pg_class.oid) AND pg_catalog.pg_namespace.nspname != %(nspname_1)s
2025-12-06 19:09:14,698 - sqlalchemy.engine.Engine - INFO - [cached since 0.01838s ago] {'table_name': 'test_executions', 'param_1': 'r', 'param_2': 'p', 'param_3': 'f', 'param_4': 'v', 'param_5': 'm', 'nspname_1': 'pg_catalog'}
2025-12-06 19:09:14,698 - sqlalchemy.engine.Engine - INFO - SELECT pg_catalog.pg_class.relname 
FROM pg_catalog.pg_class JOIN pg_catalog.pg_namespace ON pg_catalog.pg_namespace.oid = pg_catalog.pg_class.relnamespace 
WHERE pg_catalog.pg_class.relname = %(table_name)s AND pg_catalog.pg_class.relkind = ANY (ARRAY[%(param_1)s, %(param_2)s, %(param_3)s, %(param_4)s, %(param_5)s]) AND pg_catalog.pg_table_is_visible(pg_catalog.pg_class.oid) AND pg_catalog.pg_namespace.nspname != %(nspname_1)s
2025-12-06 19:09:14,708 - sqlalchemy.engine.Engine - INFO - [cached since 0.02166s ago] {'table_name': 'execution_steps', 'param_1': 'r', 'param_2': 'p', 'param_3': 'f', 'param_4': 'v', 'param_5': 'm', 'nspname_1': 'pg_catalog'}
2025-12-06 19:09:14,708 - sqlalchemy.engine.Engine - INFO - SELECT pg_catalog.pg_class.relname 
FROM pg_catalog.pg_class JOIN pg_catalog.pg_namespace ON pg_catalog.pg_namespace.oid = pg_catalog.pg_class.relnamespace 
WHERE pg_catalog.pg_class.relname = %(table_name)s AND pg_catalog.pg_class.relkind = ANY (ARRAY[%(param_1)s, %(param_2)s, %(param_3)s, %(param_4)s, %(param_5)s]) AND pg_catalog.pg_table_is_visible(pg_catalog.pg_class.oid) AND pg_catalog.pg_namespace.nspname != %(nspname_1)s
2025-12-06 19:09:14,708 - sqlalchemy.engine.Engine - INFO - [cached since 0.02436s ago] {'table_name': 'project_configs', 'param_1': 'r', 'param_2': 'p', 'param_3': 'f', 'param_4': 'v', 'param_5': 'm', 'nspname_1': 'pg_catalog'}
2025-12-06 19:09:14,712 - sqlalchemy.engine.Engine - INFO - COMMIT
2025-12-06 19:09:14,712 - TestAutomationAPI - INFO - Database tables verified
2025-12-06 19:10:13,586 - TestAutomationAPI - INFO - Starting Test Automation API...
2025-12-06 19:10:13,675 - sqlalchemy.engine.Engine - INFO - select pg_catalog.version()
2025-12-06 19:10:13,675 - sqlalchemy.engine.Engine - INFO - [raw sql] {}
2025-12-06 19:10:13,683 - sqlalchemy.engine.Engine - INFO - select current_schema()
2025-12-06 19:10:13,683 - sqlalchemy.engine.Engine - INFO - [raw sql] {}
2025-12-06 19:10:13,683 - sqlalchemy.engine.Engine - INFO - show standard_conforming_strings
2025-12-06 19:10:13,683 - sqlalchemy.engine.Engine - INFO - [raw sql] {}
2025-12-06 19:10:13,683 - sqlalchemy.engine.Engine - INFO - BEGIN (implicit)
2025-12-06 19:10:13,688 - sqlalchemy.engine.Engine - INFO - SELECT pg_catalog.pg_class.relname 
FROM pg_catalog.pg_class JOIN pg_catalog.pg_namespace ON pg_catalog.pg_namespace.oid = pg_catalog.pg_class.relnamespace 
WHERE pg_catalog.pg_class.relname = %(table_name)s AND pg_catalog.pg_class.relkind = ANY (ARRAY[%(param_1)s, %(param_2)s, %(param_3)s, %(param_4)s, %(param_5)s]) AND pg_catalog.pg_table_is_visible(pg_catalog.pg_class.oid) AND pg_catalog.pg_namespace.nspname != %(nspname_1)s
2025-12-06 19:10:13,688 - sqlalchemy.engine.Engine - INFO - [generated in 0.00066s] {'table_name': 'projects', 'param_1': 'r', 'param_2': 'p', 'param_3': 'f', 'param_4': 'v', 'param_5': 'm', 'nspname_1': 'pg_catalog'}
2025-12-06 19:10:13,696 - sqlalchemy.engine.Engine - INFO - SELECT pg_catalog.pg_class.relname 
FROM pg_catalog.pg_class JOIN pg_catalog.pg_namespace ON pg_catalog.pg_namespace.oid = pg_catalog.pg_class.relnamespace 
WHERE pg_catalog.pg_class.relname = %(table_name)s AND pg_catalog.pg_class.relkind = ANY (ARRAY[%(param_1)s, %(param_2)s, %(param_3)s, %(param_4)s, %(param_5)s]) AND pg_catalog.pg_table_is_visible(pg_catalog.pg_class.oid) AND pg_catalog.pg_namespace.nspname != %(nspname_1)s
2025-12-06 19:10:13,696 - sqlalchemy.engine.Engine - INFO - [cached since 0.006382s ago] {'table_name': 'testers', 'param_1': 'r', 'param_2': 'p', 'param_3': 'f', 'param_4': 'v', 'param_5': 'm', 'nspname_1': 'pg_catalog'}
2025-12-06 19:10:13,696 - sqlalchemy.engine.Engine - INFO - SELECT pg_catalog.pg_class.relname 
FROM pg_catalog.pg_class JOIN pg_catalog.pg_namespace ON pg_catalog.pg_namespace.oid = pg_catalog.pg_class.relnamespace 
WHERE pg_catalog.pg_class.relname = %(table_name)s AND pg_catalog.pg_class.relkind = ANY (ARRAY[%(param_1)s, %(param_2)s, %(param_3)s, %(param_4)s, %(param_5)s]) AND pg_catalog.pg_table_is_visible(pg_catalog.pg_class.oid) AND pg_catalog.pg_namespace.nspname != %(nspname_1)s
2025-12-06 19:10:13,696 - sqlalchemy.engine.Engine - INFO - [cached since 0.008129s ago] {'table_name': 'tickets', 'param_1': 'r', 'param_2': 'p', 'param_3': 'f', 'param_4': 'v', 'param_5': 'm', 'nspname_1': 'pg_catalog'}
2025-12-06 19:10:13,696 - sqlalchemy.engine.Engine - INFO - SELECT pg_catalog.pg_class.relname 
FROM pg_catalog.pg_class JOIN pg_catalog.pg_namespace ON pg_catalog.pg_namespace.oid = pg_catalog.pg_class.relnamespace 
WHERE pg_catalog.pg_class.relname = %(table_name)s AND pg_catalog.pg_class.relkind = ANY (ARRAY[%(param_1)s, %(param_2)s, %(param_3)s, %(param_4)s, %(param_5)s]) AND pg_catalog.pg_table_is_visible(pg_catalog.pg_class.oid) AND pg_catalog.pg_namespace.nspname != %(nspname_1)s
2025-12-06 19:10:13,696 - sqlalchemy.engine.Engine - INFO - [cached since 0.009532s ago] {'table_name': 'test_executions', 'param_1': 'r', 'param_2': 'p', 'param_3': 'f', 'param_4': 'v', 'param_5': 'm', 'nspname_1': 'pg_catalog'}
2025-12-06 19:10:13,701 - sqlalchemy.engine.Engine - INFO - SELECT pg_catalog.pg_class.relname 
FROM pg_catalog.pg_class JOIN pg_catalog.pg_namespace ON pg_catalog.pg_namespace.oid = pg_catalog.pg_class.relnamespace 
WHERE pg_catalog.pg_class.relname = %(table_name)s AND pg_catalog.pg_class.relkind = ANY (ARRAY[%(param_1)s, %(param_2)s, %(param_3)s, %(param_4)s, %(param_5)s]) AND pg_catalog.pg_table_is_visible(pg_catalog.pg_class.oid) AND pg_catalog.pg_namespace.nspname != %(nspname_1)s
2025-12-06 19:10:13,701 - sqlalchemy.engine.Engine - INFO - [cached since 0.01087s ago] {'table_name': 'execution_steps', 'param_1': 'r', 'param_2': 'p', 'param_3': 'f', 'param_4': 'v', 'param_5': 'm', 'nspname_1': 'pg_catalog'}
2025-12-06 19:10:13,701 - sqlalchemy.engine.Engine - INFO - SELECT pg_catalog.pg_class.relname 
FROM pg_catalog.pg_class JOIN pg_catalog.pg_namespace ON pg_catalog.pg_namespace.oid = pg_catalog.pg_class.relnamespace 
WHERE pg_catalog.pg_class.relname = %(table_name)s AND pg_catalog.pg_class.relkind = ANY (ARRAY[%(param_1)s, %(param_2)s, %(param_3)s, %(param_4)s, %(param_5)s]) AND pg_catalog.pg_table_is_visible(pg_catalog.pg_class.oid) AND pg_catalog.pg_namespace.nspname != %(nspname_1)s
2025-12-06 19:10:13,703 - sqlalchemy.engine.Engine - INFO - [cached since 0.0123s ago] {'table_name': 'project_configs', 'param_1': 'r', 'param_2': 'p', 'param_3': 'f', 'param_4': 'v', 'param_5': 'm', 'nspname_1': 'pg_catalog'}
2025-12-06 19:10:13,703 - sqlalchemy.engine.Engine - INFO - COMMIT
2025-12-06 19:10:13,703 - TestAutomationAPI - INFO - Database tables verified
2025-12-06 19:10:31,400 - TestAutomationAPI - INFO - Starting Test Automation API...
2025-12-06 19:10:31,589 - sqlalchemy.engine.Engine - INFO - select pg_catalog.version()
2025-12-06 19:10:31,590 - sqlalchemy.engine.Engine - INFO - [raw sql] {}
2025-12-06 19:10:31,591 - sqlalchemy.engine.Engine - INFO - select current_schema()
2025-12-06 19:10:31,592 - sqlalchemy.engine.Engine - INFO - [raw sql] {}
2025-12-06 19:10:31,593 - sqlalchemy.engine.Engine - INFO - show standard_conforming_strings
2025-12-06 19:10:31,593 - sqlalchemy.engine.Engine - INFO - [raw sql] {}
2025-12-06 19:10:31,593 - sqlalchemy.engine.Engine - INFO - BEGIN (implicit)
2025-12-06 19:10:31,600 - sqlalchemy.engine.Engine - INFO - SELECT pg_catalog.pg_class.relname 
FROM pg_catalog.pg_class JOIN pg_catalog.pg_namespace ON pg_catalog.pg_namespace.oid = pg_catalog.pg_class.relnamespace 
WHERE pg_catalog.pg_class.relname = %(table_name)s AND pg_catalog.pg_class.relkind = ANY (ARRAY[%(param_1)s, %(param_2)s, %(param_3)s, %(param_4)s, %(param_5)s]) AND pg_catalog.pg_table_is_visible(pg_catalog.pg_class.oid) AND pg_catalog.pg_namespace.nspname != %(nspname_1)s
2025-12-06 19:10:31,600 - sqlalchemy.engine.Engine - INFO - [generated in 0.00073s] {'table_name': 'projects', 'param_1': 'r', 'param_2': 'p', 'param_3': 'f', 'param_4': 'v', 'param_5': 'm', 'nspname_1': 'pg_catalog'}
2025-12-06 19:10:31,605 - sqlalchemy.engine.Engine - INFO - SELECT pg_catalog.pg_class.relname 
FROM pg_catalog.pg_class JOIN pg_catalog.pg_namespace ON pg_catalog.pg_namespace.oid = pg_catalog.pg_class.relnamespace 
WHERE pg_catalog.pg_class.relname = %(table_name)s AND pg_catalog.pg_class.relkind = ANY (ARRAY[%(param_1)s, %(param_2)s, %(param_3)s, %(param_4)s, %(param_5)s]) AND pg_catalog.pg_table_is_visible(pg_catalog.pg_class.oid) AND pg_catalog.pg_namespace.nspname != %(nspname_1)s
2025-12-06 19:10:31,605 - sqlalchemy.engine.Engine - INFO - [cached since 0.006069s ago] {'table_name': 'testers', 'param_1': 'r', 'param_2': 'p', 'param_3': 'f', 'param_4': 'v', 'param_5': 'm', 'nspname_1': 'pg_catalog'}
2025-12-06 19:10:31,605 - sqlalchemy.engine.Engine - INFO - SELECT pg_catalog.pg_class.relname 
FROM pg_catalog.pg_class JOIN pg_catalog.pg_namespace ON pg_catalog.pg_namespace.oid = pg_catalog.pg_class.relnamespace 
WHERE pg_catalog.pg_class.relname = %(table_name)s AND pg_catalog.pg_class.relkind = ANY (ARRAY[%(param_1)s, %(param_2)s, %(param_3)s, %(param_4)s, %(param_5)s]) AND pg_catalog.pg_table_is_visible(pg_catalog.pg_class.oid) AND pg_catalog.pg_namespace.nspname != %(nspname_1)s
2025-12-06 19:10:31,608 - sqlalchemy.engine.Engine - INFO - [cached since 0.00788s ago] {'table_name': 'tickets', 'param_1': 'r', 'param_2': 'p', 'param_3': 'f', 'param_4': 'v', 'param_5': 'm', 'nspname_1': 'pg_catalog'}
2025-12-06 19:10:31,608 - sqlalchemy.engine.Engine - INFO - SELECT pg_catalog.pg_class.relname 
FROM pg_catalog.pg_class JOIN pg_catalog.pg_namespace ON pg_catalog.pg_namespace.oid = pg_catalog.pg_class.relnamespace 
WHERE pg_catalog.pg_class.relname = %(table_name)s AND pg_catalog.pg_class.relkind = ANY (ARRAY[%(param_1)s, %(param_2)s, %(param_3)s, %(param_4)s, %(param_5)s]) AND pg_catalog.pg_table_is_visible(pg_catalog.pg_class.oid) AND pg_catalog.pg_namespace.nspname != %(nspname_1)s
2025-12-06 19:10:31,608 - sqlalchemy.engine.Engine - INFO - [cached since 0.009805s ago] {'table_name': 'test_executions', 'param_1': 'r', 'param_2': 'p', 'param_3': 'f', 'param_4': 'v', 'param_5': 'm', 'nspname_1': 'pg_catalog'}
2025-12-06 19:10:31,608 - sqlalchemy.engine.Engine - INFO - SELECT pg_catalog.pg_class.relname 
FROM pg_catalog.pg_class JOIN pg_catalog.pg_namespace ON pg_catalog.pg_namespace.oid = pg_catalog.pg_class.relnamespace 
WHERE pg_catalog.pg_class.relname = %(table_name)s AND pg_catalog.pg_class.relkind = ANY (ARRAY[%(param_1)s, %(param_2)s, %(param_3)s, %(param_4)s, %(param_5)s]) AND pg_catalog.pg_table_is_visible(pg_catalog.pg_class.oid) AND pg_catalog.pg_namespace.nspname != %(nspname_1)s
2025-12-06 19:10:31,608 - sqlalchemy.engine.Engine - INFO - [cached since 0.01189s ago] {'table_name': 'execution_steps', 'param_1': 'r', 'param_2': 'p', 'param_3': 'f', 'param_4': 'v', 'param_5': 'm', 'nspname_1': 'pg_catalog'}
2025-12-06 19:10:31,614 - sqlalchemy.engine.Engine - INFO - SELECT pg_catalog.pg_class.relname 
FROM pg_catalog.pg_class JOIN pg_catalog.pg_namespace ON pg_catalog.pg_namespace.oid = pg_catalog.pg_class.relnamespace 
WHERE pg_catalog.pg_class.relname = %(table_name)s AND pg_catalog.pg_class.relkind = ANY (ARRAY[%(param_1)s, %(param_2)s, %(param_3)s, %(param_4)s, %(param_5)s]) AND pg_catalog.pg_table_is_visible(pg_catalog.pg_class.oid) AND pg_catalog.pg_namespace.nspname != %(nspname_1)s
2025-12-06 19:10:31,614 - sqlalchemy.engine.Engine - INFO - [cached since 0.01422s ago] {'table_name': 'project_configs', 'param_1': 'r', 'param_2': 'p', 'param_3': 'f', 'param_4': 'v', 'param_5': 'm', 'nspname_1': 'pg_catalog'}
2025-12-06 19:10:31,615 - sqlalchemy.engine.Engine - INFO - COMMIT
2025-12-06 19:10:31,615 - TestAutomationAPI - INFO - Database tables verified
2025-12-06 19:10:53,009 - TestAutomationAPI - INFO - Starting Test Automation API...
2025-12-06 19:10:53,100 - sqlalchemy.engine.Engine - INFO - select pg_catalog.version()
2025-12-06 19:10:53,100 - sqlalchemy.engine.Engine - INFO - [raw sql] {}
2025-12-06 19:10:53,100 - sqlalchemy.engine.Engine - INFO - select current_schema()
2025-12-06 19:10:53,100 - sqlalchemy.engine.Engine - INFO - [raw sql] {}
2025-12-06 19:10:53,100 - sqlalchemy.engine.Engine - INFO - show standard_conforming_strings
2025-12-06 19:10:53,100 - sqlalchemy.engine.Engine - INFO - [raw sql] {}
2025-12-06 19:10:53,100 - sqlalchemy.engine.Engine - INFO - BEGIN (implicit)
2025-12-06 19:10:53,116 - sqlalchemy.engine.Engine - INFO - SELECT pg_catalog.pg_class.relname 
FROM pg_catalog.pg_class JOIN pg_catalog.pg_namespace ON pg_catalog.pg_namespace.oid = pg_catalog.pg_class.relnamespace 
WHERE pg_catalog.pg_class.relname = %(table_name)s AND pg_catalog.pg_class.relkind = ANY (ARRAY[%(param_1)s, %(param_2)s, %(param_3)s, %(param_4)s, %(param_5)s]) AND pg_catalog.pg_table_is_visible(pg_catalog.pg_class.oid) AND pg_catalog.pg_namespace.nspname != %(nspname_1)s
2025-12-06 19:10:53,116 - sqlalchemy.engine.Engine - INFO - [generated in 0.00089s] {'table_name': 'projects', 'param_1': 'r', 'param_2': 'p', 'param_3': 'f', 'param_4': 'v', 'param_5': 'm', 'nspname_1': 'pg_catalog'}
2025-12-06 19:10:53,120 - sqlalchemy.engine.Engine - INFO - SELECT pg_catalog.pg_class.relname 
FROM pg_catalog.pg_class JOIN pg_catalog.pg_namespace ON pg_catalog.pg_namespace.oid = pg_catalog.pg_class.relnamespace 
WHERE pg_catalog.pg_class.relname = %(table_name)s AND pg_catalog.pg_class.relkind = ANY (ARRAY[%(param_1)s, %(param_2)s, %(param_3)s, %(param_4)s, %(param_5)s]) AND pg_catalog.pg_table_is_visible(pg_catalog.pg_class.oid) AND pg_catalog.pg_namespace.nspname != %(nspname_1)s
2025-12-06 19:10:53,124 - sqlalchemy.engine.Engine - INFO - [cached since 0.006623s ago] {'table_name': 'testers', 'param_1': 'r', 'param_2': 'p', 'param_3': 'f', 'param_4': 'v', 'param_5': 'm', 'nspname_1': 'pg_catalog'}
2025-12-06 19:10:53,124 - sqlalchemy.engine.Engine - INFO - SELECT pg_catalog.pg_class.relname 
FROM pg_catalog.pg_class JOIN pg_catalog.pg_namespace ON pg_catalog.pg_namespace.oid = pg_catalog.pg_class.relnamespace 
WHERE pg_catalog.pg_class.relname = %(table_name)s AND pg_catalog.pg_class.relkind = ANY (ARRAY[%(param_1)s, %(param_2)s, %(param_3)s, %(param_4)s, %(param_5)s]) AND pg_catalog.pg_table_is_visible(pg_catalog.pg_class.oid) AND pg_catalog.pg_namespace.nspname != %(nspname_1)s
2025-12-06 19:10:53,124 - sqlalchemy.engine.Engine - INFO - [cached since 0.008973s ago] {'table_name': 'tickets', 'param_1': 'r', 'param_2': 'p', 'param_3': 'f', 'param_4': 'v', 'param_5': 'm', 'nspname_1': 'pg_catalog'}
2025-12-06 19:10:53,124 - sqlalchemy.engine.Engine - INFO - SELECT pg_catalog.pg_class.relname 
FROM pg_catalog.pg_class JOIN pg_catalog.pg_namespace ON pg_catalog.pg_namespace.oid = pg_catalog.pg_class.relnamespace 
WHERE pg_catalog.pg_class.relname = %(table_name)s AND pg_catalog.pg_class.relkind = ANY (ARRAY[%(param_1)s, %(param_2)s, %(param_3)s, %(param_4)s, %(param_5)s]) AND pg_catalog.pg_table_is_visible(pg_catalog.pg_class.oid) AND pg_catalog.pg_namespace.nspname != %(nspname_1)s
2025-12-06 19:10:53,124 - sqlalchemy.engine.Engine - INFO - [cached since 0.01057s ago] {'table_name': 'test_executions', 'param_1': 'r', 'param_2': 'p', 'param_3': 'f', 'param_4': 'v', 'param_5': 'm', 'nspname_1': 'pg_catalog'}
2025-12-06 19:10:53,124 - sqlalchemy.engine.Engine - INFO - SELECT pg_catalog.pg_class.relname 
FROM pg_catalog.pg_class JOIN pg_catalog.pg_namespace ON pg_catalog.pg_namespace.oid = pg_catalog.pg_class.relnamespace 
WHERE pg_catalog.pg_class.relname = %(table_name)s AND pg_catalog.pg_class.relkind = ANY (ARRAY[%(param_1)s, %(param_2)s, %(param_3)s, %(param_4)s, %(param_5)s]) AND pg_catalog.pg_table_is_visible(pg_catalog.pg_class.oid) AND pg_catalog.pg_namespace.nspname != %(nspname_1)s
2025-12-06 19:10:53,124 - sqlalchemy.engine.Engine - INFO - [cached since 0.01204s ago] {'table_name': 'execution_steps', 'param_1': 'r', 'param_2': 'p', 'param_3': 'f', 'param_4': 'v', 'param_5': 'm', 'nspname_1': 'pg_catalog'}
2025-12-06 19:10:53,124 - sqlalchemy.engine.Engine - INFO - SELECT pg_catalog.pg_class.relname 
FROM pg_catalog.pg_class JOIN pg_catalog.pg_namespace ON pg_catalog.pg_namespace.oid = pg_catalog.pg_class.relnamespace 
WHERE pg_catalog.pg_class.relname = %(table_name)s AND pg_catalog.pg_class.relkind = ANY (ARRAY[%(param_1)s, %(param_2)s, %(param_3)s, %(param_4)s, %(param_5)s]) AND pg_catalog.pg_table_is_visible(pg_catalog.pg_class.oid) AND pg_catalog.pg_namespace.nspname != %(nspname_1)s
2025-12-06 19:10:53,124 - sqlalchemy.engine.Engine - INFO - [cached since 0.01362s ago] {'table_name': 'project_configs', 'param_1': 'r', 'param_2': 'p', 'param_3': 'f', 'param_4': 'v', 'param_5': 'm', 'nspname_1': 'pg_catalog'}
2025-12-06 19:10:53,124 - sqlalchemy.engine.Engine - INFO - COMMIT
2025-12-06 19:10:53,133 - TestAutomationAPI - INFO - Database tables verified
2025-12-06 19:11:04,726 - TestAutomationAPI - INFO - Starting Test Automation API...
2025-12-06 19:11:04,801 - sqlalchemy.engine.Engine - INFO - select pg_catalog.version()
2025-12-06 19:11:04,801 - sqlalchemy.engine.Engine - INFO - [raw sql] {}
2025-12-06 19:11:04,805 - sqlalchemy.engine.Engine - INFO - select current_schema()
2025-12-06 19:11:04,808 - sqlalchemy.engine.Engine - INFO - [raw sql] {}
2025-12-06 19:11:04,809 - sqlalchemy.engine.Engine - INFO - show standard_conforming_strings
2025-12-06 19:11:04,809 - sqlalchemy.engine.Engine - INFO - [raw sql] {}
2025-12-06 19:11:04,809 - sqlalchemy.engine.Engine - INFO - BEGIN (implicit)
2025-12-06 19:11:04,817 - sqlalchemy.engine.Engine - INFO - SELECT pg_catalog.pg_class.relname 
FROM pg_catalog.pg_class JOIN pg_catalog.pg_namespace ON pg_catalog.pg_namespace.oid = pg_catalog.pg_class.relnamespace 
WHERE pg_catalog.pg_class.relname = %(table_name)s AND pg_catalog.pg_class.relkind = ANY (ARRAY[%(param_1)s, %(param_2)s, %(param_3)s, %(param_4)s, %(param_5)s]) AND pg_catalog.pg_table_is_visible(pg_catalog.pg_class.oid) AND pg_catalog.pg_namespace.nspname != %(nspname_1)s
2025-12-06 19:11:04,817 - sqlalchemy.engine.Engine - INFO - [generated in 0.00079s] {'table_name': 'projects', 'param_1': 'r', 'param_2': 'p', 'param_3': 'f', 'param_4': 'v', 'param_5': 'm', 'nspname_1': 'pg_catalog'}
2025-12-06 19:11:04,823 - sqlalchemy.engine.Engine - INFO - SELECT pg_catalog.pg_class.relname 
FROM pg_catalog.pg_class JOIN pg_catalog.pg_namespace ON pg_catalog.pg_namespace.oid = pg_catalog.pg_class.relnamespace 
WHERE pg_catalog.pg_class.relname = %(table_name)s AND pg_catalog.pg_class.relkind = ANY (ARRAY[%(param_1)s, %(param_2)s, %(param_3)s, %(param_4)s, %(param_5)s]) AND pg_catalog.pg_table_is_visible(pg_catalog.pg_class.oid) AND pg_catalog.pg_namespace.nspname != %(nspname_1)s
2025-12-06 19:11:04,823 - sqlalchemy.engine.Engine - INFO - [cached since 0.007892s ago] {'table_name': 'testers', 'param_1': 'r', 'param_2': 'p', 'param_3': 'f', 'param_4': 'v', 'param_5': 'm', 'nspname_1': 'pg_catalog'}
2025-12-06 19:11:04,827 - sqlalchemy.engine.Engine - INFO - SELECT pg_catalog.pg_class.relname 
FROM pg_catalog.pg_class JOIN pg_catalog.pg_namespace ON pg_catalog.pg_namespace.oid = pg_catalog.pg_class.relnamespace 
WHERE pg_catalog.pg_class.relname = %(table_name)s AND pg_catalog.pg_class.relkind = ANY (ARRAY[%(param_1)s, %(param_2)s, %(param_3)s, %(param_4)s, %(param_5)s]) AND pg_catalog.pg_table_is_visible(pg_catalog.pg_class.oid) AND pg_catalog.pg_namespace.nspname != %(nspname_1)s
2025-12-06 19:11:04,828 - sqlalchemy.engine.Engine - INFO - [cached since 0.01139s ago] {'table_name': 'tickets', 'param_1': 'r', 'param_2': 'p', 'param_3': 'f', 'param_4': 'v', 'param_5': 'm', 'nspname_1': 'pg_catalog'}
2025-12-06 19:11:04,830 - sqlalchemy.engine.Engine - INFO - SELECT pg_catalog.pg_class.relname 
FROM pg_catalog.pg_class JOIN pg_catalog.pg_namespace ON pg_catalog.pg_namespace.oid = pg_catalog.pg_class.relnamespace 
WHERE pg_catalog.pg_class.relname = %(table_name)s AND pg_catalog.pg_class.relkind = ANY (ARRAY[%(param_1)s, %(param_2)s, %(param_3)s, %(param_4)s, %(param_5)s]) AND pg_catalog.pg_table_is_visible(pg_catalog.pg_class.oid) AND pg_catalog.pg_namespace.nspname != %(nspname_1)s
2025-12-06 19:11:04,831 - sqlalchemy.engine.Engine - INFO - [cached since 0.01418s ago] {'table_name': 'test_executions', 'param_1': 'r', 'param_2': 'p', 'param_3': 'f', 'param_4': 'v', 'param_5': 'm', 'nspname_1': 'pg_catalog'}
2025-12-06 19:11:04,833 - sqlalchemy.engine.Engine - INFO - SELECT pg_catalog.pg_class.relname 
FROM pg_catalog.pg_class JOIN pg_catalog.pg_namespace ON pg_catalog.pg_namespace.oid = pg_catalog.pg_class.relnamespace 
WHERE pg_catalog.pg_class.relname = %(table_name)s AND pg_catalog.pg_class.relkind = ANY (ARRAY[%(param_1)s, %(param_2)s, %(param_3)s, %(param_4)s, %(param_5)s]) AND pg_catalog.pg_table_is_visible(pg_catalog.pg_class.oid) AND pg_catalog.pg_namespace.nspname != %(nspname_1)s
2025-12-06 19:11:04,834 - sqlalchemy.engine.Engine - INFO - [cached since 0.01706s ago] {'table_name': 'execution_steps', 'param_1': 'r', 'param_2': 'p', 'param_3': 'f', 'param_4': 'v', 'param_5': 'm', 'nspname_1': 'pg_catalog'}
2025-12-06 19:11:04,835 - sqlalchemy.engine.Engine - INFO - SELECT pg_catalog.pg_class.relname 
FROM pg_catalog.pg_class JOIN pg_catalog.pg_namespace ON pg_catalog.pg_namespace.oid = pg_catalog.pg_class.relnamespace 
WHERE pg_catalog.pg_class.relname = %(table_name)s AND pg_catalog.pg_class.relkind = ANY (ARRAY[%(param_1)s, %(param_2)s, %(param_3)s, %(param_4)s, %(param_5)s]) AND pg_catalog.pg_table_is_visible(pg_catalog.pg_class.oid) AND pg_catalog.pg_namespace.nspname != %(nspname_1)s
2025-12-06 19:11:04,835 - sqlalchemy.engine.Engine - INFO - [cached since 0.01918s ago] {'table_name': 'project_configs', 'param_1': 'r', 'param_2': 'p', 'param_3': 'f', 'param_4': 'v', 'param_5': 'm', 'nspname_1': 'pg_catalog'}
2025-12-06 19:11:04,835 - sqlalchemy.engine.Engine - INFO - COMMIT
2025-12-06 19:11:04,835 - TestAutomationAPI - INFO - Database tables verified
2025-12-06 19:28:01,837 - TestAutomationAPI - INFO - Starting Test Automation API...
2025-12-06 19:28:01,922 - sqlalchemy.engine.Engine - INFO - select pg_catalog.version()
2025-12-06 19:28:01,922 - sqlalchemy.engine.Engine - INFO - [raw sql] {}
2025-12-06 19:28:01,922 - sqlalchemy.engine.Engine - INFO - select current_schema()
2025-12-06 19:28:01,922 - sqlalchemy.engine.Engine - INFO - [raw sql] {}
2025-12-06 19:28:01,922 - sqlalchemy.engine.Engine - INFO - show standard_conforming_strings
2025-12-06 19:28:01,922 - sqlalchemy.engine.Engine - INFO - [raw sql] {}
2025-12-06 19:28:01,922 - sqlalchemy.engine.Engine - INFO - BEGIN (implicit)
2025-12-06 19:28:01,932 - sqlalchemy.engine.Engine - INFO - SELECT pg_catalog.pg_class.relname 
FROM pg_catalog.pg_class JOIN pg_catalog.pg_namespace ON pg_catalog.pg_namespace.oid = pg_catalog.pg_class.relnamespace 
WHERE pg_catalog.pg_class.relname = %(table_name)s AND pg_catalog.pg_class.relkind = ANY (ARRAY[%(param_1)s, %(param_2)s, %(param_3)s, %(param_4)s, %(param_5)s]) AND pg_catalog.pg_table_is_visible(pg_catalog.pg_class.oid) AND pg_catalog.pg_namespace.nspname != %(nspname_1)s
2025-12-06 19:28:01,932 - sqlalchemy.engine.Engine - INFO - [generated in 0.00064s] {'table_name': 'projects', 'param_1': 'r', 'param_2': 'p', 'param_3': 'f', 'param_4': 'v', 'param_5': 'm', 'nspname_1': 'pg_catalog'}
2025-12-06 19:28:01,940 - sqlalchemy.engine.Engine - INFO - SELECT pg_catalog.pg_class.relname 
FROM pg_catalog.pg_class JOIN pg_catalog.pg_namespace ON pg_catalog.pg_namespace.oid = pg_catalog.pg_class.relnamespace 
WHERE pg_catalog.pg_class.relname = %(table_name)s AND pg_catalog.pg_class.relkind = ANY (ARRAY[%(param_1)s, %(param_2)s, %(param_3)s, %(param_4)s, %(param_5)s]) AND pg_catalog.pg_table_is_visible(pg_catalog.pg_class.oid) AND pg_catalog.pg_namespace.nspname != %(nspname_1)s
2025-12-06 19:28:01,940 - sqlalchemy.engine.Engine - INFO - [cached since 0.007176s ago] {'table_name': 'testers', 'param_1': 'r', 'param_2': 'p', 'param_3': 'f', 'param_4': 'v', 'param_5': 'm', 'nspname_1': 'pg_catalog'}
2025-12-06 19:28:01,944 - sqlalchemy.engine.Engine - INFO - SELECT pg_catalog.pg_class.relname 
FROM pg_catalog.pg_class JOIN pg_catalog.pg_namespace ON pg_catalog.pg_namespace.oid = pg_catalog.pg_class.relnamespace 
WHERE pg_catalog.pg_class.relname = %(table_name)s AND pg_catalog.pg_class.relkind = ANY (ARRAY[%(param_1)s, %(param_2)s, %(param_3)s, %(param_4)s, %(param_5)s]) AND pg_catalog.pg_table_is_visible(pg_catalog.pg_class.oid) AND pg_catalog.pg_namespace.nspname != %(nspname_1)s
2025-12-06 19:28:01,944 - sqlalchemy.engine.Engine - INFO - [cached since 0.009562s ago] {'table_name': 'tickets', 'param_1': 'r', 'param_2': 'p', 'param_3': 'f', 'param_4': 'v', 'param_5': 'm', 'nspname_1': 'pg_catalog'}
2025-12-06 19:28:01,944 - sqlalchemy.engine.Engine - INFO - SELECT pg_catalog.pg_class.relname 
FROM pg_catalog.pg_class JOIN pg_catalog.pg_namespace ON pg_catalog.pg_namespace.oid = pg_catalog.pg_class.relnamespace 
WHERE pg_catalog.pg_class.relname = %(table_name)s AND pg_catalog.pg_class.relkind = ANY (ARRAY[%(param_1)s, %(param_2)s, %(param_3)s, %(param_4)s, %(param_5)s]) AND pg_catalog.pg_table_is_visible(pg_catalog.pg_class.oid) AND pg_catalog.pg_namespace.nspname != %(nspname_1)s
2025-12-06 19:28:01,944 - sqlalchemy.engine.Engine - INFO - [cached since 0.01194s ago] {'table_name': 'test_executions', 'param_1': 'r', 'param_2': 'p', 'param_3': 'f', 'param_4': 'v', 'param_5': 'm', 'nspname_1': 'pg_catalog'}
2025-12-06 19:28:01,948 - sqlalchemy.engine.Engine - INFO - SELECT pg_catalog.pg_class.relname 
FROM pg_catalog.pg_class JOIN pg_catalog.pg_namespace ON pg_catalog.pg_namespace.oid = pg_catalog.pg_class.relnamespace 
WHERE pg_catalog.pg_class.relname = %(table_name)s AND pg_catalog.pg_class.relkind = ANY (ARRAY[%(param_1)s, %(param_2)s, %(param_3)s, %(param_4)s, %(param_5)s]) AND pg_catalog.pg_table_is_visible(pg_catalog.pg_class.oid) AND pg_catalog.pg_namespace.nspname != %(nspname_1)s
2025-12-06 19:28:01,948 - sqlalchemy.engine.Engine - INFO - [cached since 0.01409s ago] {'table_name': 'execution_steps', 'param_1': 'r', 'param_2': 'p', 'param_3': 'f', 'param_4': 'v', 'param_5': 'm', 'nspname_1': 'pg_catalog'}
2025-12-06 19:28:01,950 - sqlalchemy.engine.Engine - INFO - SELECT pg_catalog.pg_class.relname 
FROM pg_catalog.pg_class JOIN pg_catalog.pg_namespace ON pg_catalog.pg_namespace.oid = pg_catalog.pg_class.relnamespace 
WHERE pg_catalog.pg_class.relname = %(table_name)s AND pg_catalog.pg_class.relkind = ANY (ARRAY[%(param_1)s, %(param_2)s, %(param_3)s, %(param_4)s, %(param_5)s]) AND pg_catalog.pg_table_is_visible(pg_catalog.pg_class.oid) AND pg_catalog.pg_namespace.nspname != %(nspname_1)s
2025-12-06 19:28:01,950 - sqlalchemy.engine.Engine - INFO - [cached since 0.01625s ago] {'table_name': 'project_configs', 'param_1': 'r', 'param_2': 'p', 'param_3': 'f', 'param_4': 'v', 'param_5': 'm', 'nspname_1': 'pg_catalog'}
2025-12-06 19:28:01,950 - sqlalchemy.engine.Engine - INFO - COMMIT
2025-12-06 19:28:01,950 - TestAutomationAPI - INFO - Database tables verified
2025-12-06 19:28:09,071 - TestAutomationAPI - INFO - Starting Test Automation API...
2025-12-06 19:28:09,174 - sqlalchemy.engine.Engine - INFO - select pg_catalog.version()
2025-12-06 19:28:09,174 - sqlalchemy.engine.Engine - INFO - [raw sql] {}
2025-12-06 19:28:09,174 - sqlalchemy.engine.Engine - INFO - select current_schema()
2025-12-06 19:28:09,178 - sqlalchemy.engine.Engine - INFO - [raw sql] {}
2025-12-06 19:28:09,178 - sqlalchemy.engine.Engine - INFO - show standard_conforming_strings
2025-12-06 19:28:09,180 - sqlalchemy.engine.Engine - INFO - [raw sql] {}
2025-12-06 19:28:09,182 - sqlalchemy.engine.Engine - INFO - BEGIN (implicit)
2025-12-06 19:28:09,187 - sqlalchemy.engine.Engine - INFO - SELECT pg_catalog.pg_class.relname 
FROM pg_catalog.pg_class JOIN pg_catalog.pg_namespace ON pg_catalog.pg_namespace.oid = pg_catalog.pg_class.relnamespace 
WHERE pg_catalog.pg_class.relname = %(table_name)s AND pg_catalog.pg_class.relkind = ANY (ARRAY[%(param_1)s, %(param_2)s, %(param_3)s, %(param_4)s, %(param_5)s]) AND pg_catalog.pg_table_is_visible(pg_catalog.pg_class.oid) AND pg_catalog.pg_namespace.nspname != %(nspname_1)s
2025-12-06 19:28:09,189 - sqlalchemy.engine.Engine - INFO - [generated in 0.00236s] {'table_name': 'projects', 'param_1': 'r', 'param_2': 'p', 'param_3': 'f', 'param_4': 'v', 'param_5': 'm', 'nspname_1': 'pg_catalog'}
2025-12-06 19:28:09,196 - sqlalchemy.engine.Engine - INFO - SELECT pg_catalog.pg_class.relname 
FROM pg_catalog.pg_class JOIN pg_catalog.pg_namespace ON pg_catalog.pg_namespace.oid = pg_catalog.pg_class.relnamespace 
WHERE pg_catalog.pg_class.relname = %(table_name)s AND pg_catalog.pg_class.relkind = ANY (ARRAY[%(param_1)s, %(param_2)s, %(param_3)s, %(param_4)s, %(param_5)s]) AND pg_catalog.pg_table_is_visible(pg_catalog.pg_class.oid) AND pg_catalog.pg_namespace.nspname != %(nspname_1)s
2025-12-06 19:28:09,198 - sqlalchemy.engine.Engine - INFO - [cached since 0.01088s ago] {'table_name': 'testers', 'param_1': 'r', 'param_2': 'p', 'param_3': 'f', 'param_4': 'v', 'param_5': 'm', 'nspname_1': 'pg_catalog'}
2025-12-06 19:28:09,200 - sqlalchemy.engine.Engine - INFO - SELECT pg_catalog.pg_class.relname 
FROM pg_catalog.pg_class JOIN pg_catalog.pg_namespace ON pg_catalog.pg_namespace.oid = pg_catalog.pg_class.relnamespace 
WHERE pg_catalog.pg_class.relname = %(table_name)s AND pg_catalog.pg_class.relkind = ANY (ARRAY[%(param_1)s, %(param_2)s, %(param_3)s, %(param_4)s, %(param_5)s]) AND pg_catalog.pg_table_is_visible(pg_catalog.pg_class.oid) AND pg_catalog.pg_namespace.nspname != %(nspname_1)s
2025-12-06 19:28:09,200 - sqlalchemy.engine.Engine - INFO - [cached since 0.01374s ago] {'table_name': 'tickets', 'param_1': 'r', 'param_2': 'p', 'param_3': 'f', 'param_4': 'v', 'param_5': 'm', 'nspname_1': 'pg_catalog'}
2025-12-06 19:28:09,202 - sqlalchemy.engine.Engine - INFO - SELECT pg_catalog.pg_class.relname 
FROM pg_catalog.pg_class JOIN pg_catalog.pg_namespace ON pg_catalog.pg_namespace.oid = pg_catalog.pg_class.relnamespace 
WHERE pg_catalog.pg_class.relname = %(table_name)s AND pg_catalog.pg_class.relkind = ANY (ARRAY[%(param_1)s, %(param_2)s, %(param_3)s, %(param_4)s, %(param_5)s]) AND pg_catalog.pg_table_is_visible(pg_catalog.pg_class.oid) AND pg_catalog.pg_namespace.nspname != %(nspname_1)s
2025-12-06 19:28:09,207 - sqlalchemy.engine.Engine - INFO - [cached since 0.01957s ago] {'table_name': 'test_executions', 'param_1': 'r', 'param_2': 'p', 'param_3': 'f', 'param_4': 'v', 'param_5': 'm', 'nspname_1': 'pg_catalog'}
2025-12-06 19:28:09,210 - sqlalchemy.engine.Engine - INFO - SELECT pg_catalog.pg_class.relname 
FROM pg_catalog.pg_class JOIN pg_catalog.pg_namespace ON pg_catalog.pg_namespace.oid = pg_catalog.pg_class.relnamespace 
WHERE pg_catalog.pg_class.relname = %(table_name)s AND pg_catalog.pg_class.relkind = ANY (ARRAY[%(param_1)s, %(param_2)s, %(param_3)s, %(param_4)s, %(param_5)s]) AND pg_catalog.pg_table_is_visible(pg_catalog.pg_class.oid) AND pg_catalog.pg_namespace.nspname != %(nspname_1)s
2025-12-06 19:28:09,210 - sqlalchemy.engine.Engine - INFO - [cached since 0.02403s ago] {'table_name': 'execution_steps', 'param_1': 'r', 'param_2': 'p', 'param_3': 'f', 'param_4': 'v', 'param_5': 'm', 'nspname_1': 'pg_catalog'}
2025-12-06 19:28:09,213 - sqlalchemy.engine.Engine - INFO - SELECT pg_catalog.pg_class.relname 
FROM pg_catalog.pg_class JOIN pg_catalog.pg_namespace ON pg_catalog.pg_namespace.oid = pg_catalog.pg_class.relnamespace 
WHERE pg_catalog.pg_class.relname = %(table_name)s AND pg_catalog.pg_class.relkind = ANY (ARRAY[%(param_1)s, %(param_2)s, %(param_3)s, %(param_4)s, %(param_5)s]) AND pg_catalog.pg_table_is_visible(pg_catalog.pg_class.oid) AND pg_catalog.pg_namespace.nspname != %(nspname_1)s
2025-12-06 19:28:09,218 - sqlalchemy.engine.Engine - INFO - [cached since 0.03185s ago] {'table_name': 'project_configs', 'param_1': 'r', 'param_2': 'p', 'param_3': 'f', 'param_4': 'v', 'param_5': 'm', 'nspname_1': 'pg_catalog'}
2025-12-06 19:28:09,225 - sqlalchemy.engine.Engine - INFO - COMMIT
2025-12-06 19:28:09,228 - TestAutomationAPI - INFO - Database tables verified
2025-12-06 19:28:14,085 - TestAutomationAPI - INFO - Starting Test Automation API...
2025-12-06 19:28:14,187 - sqlalchemy.engine.Engine - INFO - select pg_catalog.version()
2025-12-06 19:28:14,187 - sqlalchemy.engine.Engine - INFO - [raw sql] {}
2025-12-06 19:28:14,191 - sqlalchemy.engine.Engine - INFO - select current_schema()
2025-12-06 19:28:14,191 - sqlalchemy.engine.Engine - INFO - [raw sql] {}
2025-12-06 19:28:14,194 - sqlalchemy.engine.Engine - INFO - show standard_conforming_strings
2025-12-06 19:28:14,194 - sqlalchemy.engine.Engine - INFO - [raw sql] {}
2025-12-06 19:28:14,196 - sqlalchemy.engine.Engine - INFO - BEGIN (implicit)
2025-12-06 19:28:14,205 - sqlalchemy.engine.Engine - INFO - SELECT pg_catalog.pg_class.relname 
FROM pg_catalog.pg_class JOIN pg_catalog.pg_namespace ON pg_catalog.pg_namespace.oid = pg_catalog.pg_class.relnamespace 
WHERE pg_catalog.pg_class.relname = %(table_name)s AND pg_catalog.pg_class.relkind = ANY (ARRAY[%(param_1)s, %(param_2)s, %(param_3)s, %(param_4)s, %(param_5)s]) AND pg_catalog.pg_table_is_visible(pg_catalog.pg_class.oid) AND pg_catalog.pg_namespace.nspname != %(nspname_1)s
2025-12-06 19:28:14,205 - sqlalchemy.engine.Engine - INFO - [generated in 0.00160s] {'table_name': 'projects', 'param_1': 'r', 'param_2': 'p', 'param_3': 'f', 'param_4': 'v', 'param_5': 'm', 'nspname_1': 'pg_catalog'}
2025-12-06 19:28:14,211 - sqlalchemy.engine.Engine - INFO - SELECT pg_catalog.pg_class.relname 
FROM pg_catalog.pg_class JOIN pg_catalog.pg_namespace ON pg_catalog.pg_namespace.oid = pg_catalog.pg_class.relnamespace 
WHERE pg_catalog.pg_class.relname = %(table_name)s AND pg_catalog.pg_class.relkind = ANY (ARRAY[%(param_1)s, %(param_2)s, %(param_3)s, %(param_4)s, %(param_5)s]) AND pg_catalog.pg_table_is_visible(pg_catalog.pg_class.oid) AND pg_catalog.pg_namespace.nspname != %(nspname_1)s
2025-12-06 19:28:14,211 - sqlalchemy.engine.Engine - INFO - [cached since 0.007993s ago] {'table_name': 'testers', 'param_1': 'r', 'param_2': 'p', 'param_3': 'f', 'param_4': 'v', 'param_5': 'm', 'nspname_1': 'pg_catalog'}
2025-12-06 19:28:14,215 - sqlalchemy.engine.Engine - INFO - SELECT pg_catalog.pg_class.relname 
FROM pg_catalog.pg_class JOIN pg_catalog.pg_namespace ON pg_catalog.pg_namespace.oid = pg_catalog.pg_class.relnamespace 
WHERE pg_catalog.pg_class.relname = %(table_name)s AND pg_catalog.pg_class.relkind = ANY (ARRAY[%(param_1)s, %(param_2)s, %(param_3)s, %(param_4)s, %(param_5)s]) AND pg_catalog.pg_table_is_visible(pg_catalog.pg_class.oid) AND pg_catalog.pg_namespace.nspname != %(nspname_1)s
2025-12-06 19:28:14,217 - sqlalchemy.engine.Engine - INFO - [cached since 0.01261s ago] {'table_name': 'tickets', 'param_1': 'r', 'param_2': 'p', 'param_3': 'f', 'param_4': 'v', 'param_5': 'm', 'nspname_1': 'pg_catalog'}
2025-12-06 19:28:14,219 - sqlalchemy.engine.Engine - INFO - SELECT pg_catalog.pg_class.relname 
FROM pg_catalog.pg_class JOIN pg_catalog.pg_namespace ON pg_catalog.pg_namespace.oid = pg_catalog.pg_class.relnamespace 
WHERE pg_catalog.pg_class.relname = %(table_name)s AND pg_catalog.pg_class.relkind = ANY (ARRAY[%(param_1)s, %(param_2)s, %(param_3)s, %(param_4)s, %(param_5)s]) AND pg_catalog.pg_table_is_visible(pg_catalog.pg_class.oid) AND pg_catalog.pg_namespace.nspname != %(nspname_1)s
2025-12-06 19:28:14,221 - sqlalchemy.engine.Engine - INFO - [cached since 0.01633s ago] {'table_name': 'test_executions', 'param_1': 'r', 'param_2': 'p', 'param_3': 'f', 'param_4': 'v', 'param_5': 'm', 'nspname_1': 'pg_catalog'}
2025-12-06 19:28:14,223 - sqlalchemy.engine.Engine - INFO - SELECT pg_catalog.pg_class.relname 
FROM pg_catalog.pg_class JOIN pg_catalog.pg_namespace ON pg_catalog.pg_namespace.oid = pg_catalog.pg_class.relnamespace 
WHERE pg_catalog.pg_class.relname = %(table_name)s AND pg_catalog.pg_class.relkind = ANY (ARRAY[%(param_1)s, %(param_2)s, %(param_3)s, %(param_4)s, %(param_5)s]) AND pg_catalog.pg_table_is_visible(pg_catalog.pg_class.oid) AND pg_catalog.pg_namespace.nspname != %(nspname_1)s
2025-12-06 19:28:14,223 - sqlalchemy.engine.Engine - INFO - [cached since 0.01971s ago] {'table_name': 'execution_steps', 'param_1': 'r', 'param_2': 'p', 'param_3': 'f', 'param_4': 'v', 'param_5': 'm', 'nspname_1': 'pg_catalog'}
2025-12-06 19:28:14,225 - sqlalchemy.engine.Engine - INFO - SELECT pg_catalog.pg_class.relname 
FROM pg_catalog.pg_class JOIN pg_catalog.pg_namespace ON pg_catalog.pg_namespace.oid = pg_catalog.pg_class.relnamespace 
WHERE pg_catalog.pg_class.relname = %(table_name)s AND pg_catalog.pg_class.relkind = ANY (ARRAY[%(param_1)s, %(param_2)s, %(param_3)s, %(param_4)s, %(param_5)s]) AND pg_catalog.pg_table_is_visible(pg_catalog.pg_class.oid) AND pg_catalog.pg_namespace.nspname != %(nspname_1)s
2025-12-06 19:28:14,225 - sqlalchemy.engine.Engine - INFO - [cached since 0.02199s ago] {'table_name': 'project_configs', 'param_1': 'r', 'param_2': 'p', 'param_3': 'f', 'param_4': 'v', 'param_5': 'm', 'nspname_1': 'pg_catalog'}
2025-12-06 19:28:14,228 - sqlalchemy.engine.Engine - INFO - COMMIT
2025-12-06 19:28:14,229 - TestAutomationAPI - INFO - Database tables verified
2025-12-06 19:28:17,843 - TestAutomationAPI - INFO - Starting Test Automation API...
2025-12-06 19:28:17,934 - sqlalchemy.engine.Engine - INFO - select pg_catalog.version()
2025-12-06 19:28:17,936 - sqlalchemy.engine.Engine - INFO - [raw sql] {}
2025-12-06 19:28:17,939 - sqlalchemy.engine.Engine - INFO - select current_schema()
2025-12-06 19:28:17,939 - sqlalchemy.engine.Engine - INFO - [raw sql] {}
2025-12-06 19:28:17,940 - sqlalchemy.engine.Engine - INFO - show standard_conforming_strings
2025-12-06 19:28:17,940 - sqlalchemy.engine.Engine - INFO - [raw sql] {}
2025-12-06 19:28:17,944 - sqlalchemy.engine.Engine - INFO - BEGIN (implicit)
2025-12-06 19:28:17,946 - sqlalchemy.engine.Engine - INFO - SELECT pg_catalog.pg_class.relname 
FROM pg_catalog.pg_class JOIN pg_catalog.pg_namespace ON pg_catalog.pg_namespace.oid = pg_catalog.pg_class.relnamespace 
WHERE pg_catalog.pg_class.relname = %(table_name)s AND pg_catalog.pg_class.relkind = ANY (ARRAY[%(param_1)s, %(param_2)s, %(param_3)s, %(param_4)s, %(param_5)s]) AND pg_catalog.pg_table_is_visible(pg_catalog.pg_class.oid) AND pg_catalog.pg_namespace.nspname != %(nspname_1)s
2025-12-06 19:28:17,946 - sqlalchemy.engine.Engine - INFO - [generated in 0.00057s] {'table_name': 'projects', 'param_1': 'r', 'param_2': 'p', 'param_3': 'f', 'param_4': 'v', 'param_5': 'm', 'nspname_1': 'pg_catalog'}
2025-12-06 19:28:17,952 - sqlalchemy.engine.Engine - INFO - SELECT pg_catalog.pg_class.relname 
FROM pg_catalog.pg_class JOIN pg_catalog.pg_namespace ON pg_catalog.pg_namespace.oid = pg_catalog.pg_class.relnamespace 
WHERE pg_catalog.pg_class.relname = %(table_name)s AND pg_catalog.pg_class.relkind = ANY (ARRAY[%(param_1)s, %(param_2)s, %(param_3)s, %(param_4)s, %(param_5)s]) AND pg_catalog.pg_table_is_visible(pg_catalog.pg_class.oid) AND pg_catalog.pg_namespace.nspname != %(nspname_1)s
2025-12-06 19:28:17,954 - sqlalchemy.engine.Engine - INFO - [cached since 0.00609s ago] {'table_name': 'testers', 'param_1': 'r', 'param_2': 'p', 'param_3': 'f', 'param_4': 'v', 'param_5': 'm', 'nspname_1': 'pg_catalog'}
2025-12-06 19:28:17,954 - sqlalchemy.engine.Engine - INFO - SELECT pg_catalog.pg_class.relname 
FROM pg_catalog.pg_class JOIN pg_catalog.pg_namespace ON pg_catalog.pg_namespace.oid = pg_catalog.pg_class.relnamespace 
WHERE pg_catalog.pg_class.relname = %(table_name)s AND pg_catalog.pg_class.relkind = ANY (ARRAY[%(param_1)s, %(param_2)s, %(param_3)s, %(param_4)s, %(param_5)s]) AND pg_catalog.pg_table_is_visible(pg_catalog.pg_class.oid) AND pg_catalog.pg_namespace.nspname != %(nspname_1)s
2025-12-06 19:28:17,954 - sqlalchemy.engine.Engine - INFO - [cached since 0.008326s ago] {'table_name': 'tickets', 'param_1': 'r', 'param_2': 'p', 'param_3': 'f', 'param_4': 'v', 'param_5': 'm', 'nspname_1': 'pg_catalog'}
2025-12-06 19:28:17,957 - sqlalchemy.engine.Engine - INFO - SELECT pg_catalog.pg_class.relname 
FROM pg_catalog.pg_class JOIN pg_catalog.pg_namespace ON pg_catalog.pg_namespace.oid = pg_catalog.pg_class.relnamespace 
WHERE pg_catalog.pg_class.relname = %(table_name)s AND pg_catalog.pg_class.relkind = ANY (ARRAY[%(param_1)s, %(param_2)s, %(param_3)s, %(param_4)s, %(param_5)s]) AND pg_catalog.pg_table_is_visible(pg_catalog.pg_class.oid) AND pg_catalog.pg_namespace.nspname != %(nspname_1)s
2025-12-06 19:28:17,957 - sqlalchemy.engine.Engine - INFO - [cached since 0.01056s ago] {'table_name': 'test_executions', 'param_1': 'r', 'param_2': 'p', 'param_3': 'f', 'param_4': 'v', 'param_5': 'm', 'nspname_1': 'pg_catalog'}
2025-12-06 19:28:17,957 - sqlalchemy.engine.Engine - INFO - SELECT pg_catalog.pg_class.relname 
FROM pg_catalog.pg_class JOIN pg_catalog.pg_namespace ON pg_catalog.pg_namespace.oid = pg_catalog.pg_class.relnamespace 
WHERE pg_catalog.pg_class.relname = %(table_name)s AND pg_catalog.pg_class.relkind = ANY (ARRAY[%(param_1)s, %(param_2)s, %(param_3)s, %(param_4)s, %(param_5)s]) AND pg_catalog.pg_table_is_visible(pg_catalog.pg_class.oid) AND pg_catalog.pg_namespace.nspname != %(nspname_1)s
2025-12-06 19:28:17,957 - sqlalchemy.engine.Engine - INFO - [cached since 0.01268s ago] {'table_name': 'execution_steps', 'param_1': 'r', 'param_2': 'p', 'param_3': 'f', 'param_4': 'v', 'param_5': 'm', 'nspname_1': 'pg_catalog'}
2025-12-06 19:28:17,957 - sqlalchemy.engine.Engine - INFO - SELECT pg_catalog.pg_class.relname 
FROM pg_catalog.pg_class JOIN pg_catalog.pg_namespace ON pg_catalog.pg_namespace.oid = pg_catalog.pg_class.relnamespace 
WHERE pg_catalog.pg_class.relname = %(table_name)s AND pg_catalog.pg_class.relkind = ANY (ARRAY[%(param_1)s, %(param_2)s, %(param_3)s, %(param_4)s, %(param_5)s]) AND pg_catalog.pg_table_is_visible(pg_catalog.pg_class.oid) AND pg_catalog.pg_namespace.nspname != %(nspname_1)s
2025-12-06 19:28:17,957 - sqlalchemy.engine.Engine - INFO - [cached since 0.01458s ago] {'table_name': 'project_configs', 'param_1': 'r', 'param_2': 'p', 'param_3': 'f', 'param_4': 'v', 'param_5': 'm', 'nspname_1': 'pg_catalog'}
2025-12-06 19:28:17,957 - sqlalchemy.engine.Engine - INFO - COMMIT
2025-12-06 19:28:17,957 - TestAutomationAPI - INFO - Database tables verified
2025-12-06 19:28:54,639 - TestAutomationAPI - INFO - Starting Test Automation API...
2025-12-06 19:28:54,729 - sqlalchemy.engine.Engine - INFO - select pg_catalog.version()
2025-12-06 19:28:54,731 - sqlalchemy.engine.Engine - INFO - [raw sql] {}
2025-12-06 19:28:54,731 - sqlalchemy.engine.Engine - INFO - select current_schema()
2025-12-06 19:28:54,733 - sqlalchemy.engine.Engine - INFO - [raw sql] {}
2025-12-06 19:28:54,735 - sqlalchemy.engine.Engine - INFO - show standard_conforming_strings
2025-12-06 19:28:54,735 - sqlalchemy.engine.Engine - INFO - [raw sql] {}
2025-12-06 19:28:54,737 - sqlalchemy.engine.Engine - INFO - BEGIN (implicit)
2025-12-06 19:28:54,741 - sqlalchemy.engine.Engine - INFO - SELECT pg_catalog.pg_class.relname 
FROM pg_catalog.pg_class JOIN pg_catalog.pg_namespace ON pg_catalog.pg_namespace.oid = pg_catalog.pg_class.relnamespace 
WHERE pg_catalog.pg_class.relname = %(table_name)s AND pg_catalog.pg_class.relkind = ANY (ARRAY[%(param_1)s, %(param_2)s, %(param_3)s, %(param_4)s, %(param_5)s]) AND pg_catalog.pg_table_is_visible(pg_catalog.pg_class.oid) AND pg_catalog.pg_namespace.nspname != %(nspname_1)s
2025-12-06 19:28:54,743 - sqlalchemy.engine.Engine - INFO - [generated in 0.00089s] {'table_name': 'projects', 'param_1': 'r', 'param_2': 'p', 'param_3': 'f', 'param_4': 'v', 'param_5': 'm', 'nspname_1': 'pg_catalog'}
2025-12-06 19:28:54,743 - sqlalchemy.engine.Engine - INFO - SELECT pg_catalog.pg_class.relname 
FROM pg_catalog.pg_class JOIN pg_catalog.pg_namespace ON pg_catalog.pg_namespace.oid = pg_catalog.pg_class.relnamespace 
WHERE pg_catalog.pg_class.relname = %(table_name)s AND pg_catalog.pg_class.relkind = ANY (ARRAY[%(param_1)s, %(param_2)s, %(param_3)s, %(param_4)s, %(param_5)s]) AND pg_catalog.pg_table_is_visible(pg_catalog.pg_class.oid) AND pg_catalog.pg_namespace.nspname != %(nspname_1)s
2025-12-06 19:28:54,743 - sqlalchemy.engine.Engine - INFO - [cached since 0.007092s ago] {'table_name': 'testers', 'param_1': 'r', 'param_2': 'p', 'param_3': 'f', 'param_4': 'v', 'param_5': 'm', 'nspname_1': 'pg_catalog'}
2025-12-06 19:28:54,743 - sqlalchemy.engine.Engine - INFO - SELECT pg_catalog.pg_class.relname 
FROM pg_catalog.pg_class JOIN pg_catalog.pg_namespace ON pg_catalog.pg_namespace.oid = pg_catalog.pg_class.relnamespace 
WHERE pg_catalog.pg_class.relname = %(table_name)s AND pg_catalog.pg_class.relkind = ANY (ARRAY[%(param_1)s, %(param_2)s, %(param_3)s, %(param_4)s, %(param_5)s]) AND pg_catalog.pg_table_is_visible(pg_catalog.pg_class.oid) AND pg_catalog.pg_namespace.nspname != %(nspname_1)s
2025-12-06 19:28:54,751 - sqlalchemy.engine.Engine - INFO - [cached since 0.009348s ago] {'table_name': 'tickets', 'param_1': 'r', 'param_2': 'p', 'param_3': 'f', 'param_4': 'v', 'param_5': 'm', 'nspname_1': 'pg_catalog'}
2025-12-06 19:28:54,753 - sqlalchemy.engine.Engine - INFO - SELECT pg_catalog.pg_class.relname 
FROM pg_catalog.pg_class JOIN pg_catalog.pg_namespace ON pg_catalog.pg_namespace.oid = pg_catalog.pg_class.relnamespace 
WHERE pg_catalog.pg_class.relname = %(table_name)s AND pg_catalog.pg_class.relkind = ANY (ARRAY[%(param_1)s, %(param_2)s, %(param_3)s, %(param_4)s, %(param_5)s]) AND pg_catalog.pg_table_is_visible(pg_catalog.pg_class.oid) AND pg_catalog.pg_namespace.nspname != %(nspname_1)s
2025-12-06 19:28:54,754 - sqlalchemy.engine.Engine - INFO - [cached since 0.01218s ago] {'table_name': 'test_executions', 'param_1': 'r', 'param_2': 'p', 'param_3': 'f', 'param_4': 'v', 'param_5': 'm', 'nspname_1': 'pg_catalog'}
2025-12-06 19:28:54,755 - sqlalchemy.engine.Engine - INFO - SELECT pg_catalog.pg_class.relname 
FROM pg_catalog.pg_class JOIN pg_catalog.pg_namespace ON pg_catalog.pg_namespace.oid = pg_catalog.pg_class.relnamespace 
WHERE pg_catalog.pg_class.relname = %(table_name)s AND pg_catalog.pg_class.relkind = ANY (ARRAY[%(param_1)s, %(param_2)s, %(param_3)s, %(param_4)s, %(param_5)s]) AND pg_catalog.pg_table_is_visible(pg_catalog.pg_class.oid) AND pg_catalog.pg_namespace.nspname != %(nspname_1)s
2025-12-06 19:28:54,755 - sqlalchemy.engine.Engine - INFO - [cached since 0.0157s ago] {'table_name': 'execution_steps', 'param_1': 'r', 'param_2': 'p', 'param_3': 'f', 'param_4': 'v', 'param_5': 'm', 'nspname_1': 'pg_catalog'}
2025-12-06 19:28:54,759 - sqlalchemy.engine.Engine - INFO - SELECT pg_catalog.pg_class.relname 
FROM pg_catalog.pg_class JOIN pg_catalog.pg_namespace ON pg_catalog.pg_namespace.oid = pg_catalog.pg_class.relnamespace 
WHERE pg_catalog.pg_class.relname = %(table_name)s AND pg_catalog.pg_class.relkind = ANY (ARRAY[%(param_1)s, %(param_2)s, %(param_3)s, %(param_4)s, %(param_5)s]) AND pg_catalog.pg_table_is_visible(pg_catalog.pg_class.oid) AND pg_catalog.pg_namespace.nspname != %(nspname_1)s
2025-12-06 19:28:54,759 - sqlalchemy.engine.Engine - INFO - [cached since 0.01795s ago] {'table_name': 'project_configs', 'param_1': 'r', 'param_2': 'p', 'param_3': 'f', 'param_4': 'v', 'param_5': 'm', 'nspname_1': 'pg_catalog'}
2025-12-06 19:28:54,761 - sqlalchemy.engine.Engine - INFO - COMMIT
2025-12-06 19:28:54,763 - TestAutomationAPI - INFO - Database tables verified
2025-12-06 20:10:00,488 - TestAutomationAPI - INFO - Starting Test Automation API...
2025-12-06 20:10:00,579 - sqlalchemy.engine.Engine - INFO - select pg_catalog.version()
2025-12-06 20:10:00,579 - sqlalchemy.engine.Engine - INFO - [raw sql] {}
2025-12-06 20:10:00,580 - sqlalchemy.engine.Engine - INFO - select current_schema()
2025-12-06 20:10:00,582 - sqlalchemy.engine.Engine - INFO - [raw sql] {}
2025-12-06 20:10:00,583 - sqlalchemy.engine.Engine - INFO - show standard_conforming_strings
2025-12-06 20:10:00,584 - sqlalchemy.engine.Engine - INFO - [raw sql] {}
2025-12-06 20:10:00,586 - sqlalchemy.engine.Engine - INFO - BEGIN (implicit)
2025-12-06 20:10:00,591 - sqlalchemy.engine.Engine - INFO - SELECT pg_catalog.pg_class.relname 
FROM pg_catalog.pg_class JOIN pg_catalog.pg_namespace ON pg_catalog.pg_namespace.oid = pg_catalog.pg_class.relnamespace 
WHERE pg_catalog.pg_class.relname = %(table_name)s AND pg_catalog.pg_class.relkind = ANY (ARRAY[%(param_1)s, %(param_2)s, %(param_3)s, %(param_4)s, %(param_5)s]) AND pg_catalog.pg_table_is_visible(pg_catalog.pg_class.oid) AND pg_catalog.pg_namespace.nspname != %(nspname_1)s
2025-12-06 20:10:00,592 - sqlalchemy.engine.Engine - INFO - [generated in 0.00081s] {'table_name': 'projects', 'param_1': 'r', 'param_2': 'p', 'param_3': 'f', 'param_4': 'v', 'param_5': 'm', 'nspname_1': 'pg_catalog'}
2025-12-06 20:10:00,596 - sqlalchemy.engine.Engine - INFO - SELECT pg_catalog.pg_class.relname 
FROM pg_catalog.pg_class JOIN pg_catalog.pg_namespace ON pg_catalog.pg_namespace.oid = pg_catalog.pg_class.relnamespace 
WHERE pg_catalog.pg_class.relname = %(table_name)s AND pg_catalog.pg_class.relkind = ANY (ARRAY[%(param_1)s, %(param_2)s, %(param_3)s, %(param_4)s, %(param_5)s]) AND pg_catalog.pg_table_is_visible(pg_catalog.pg_class.oid) AND pg_catalog.pg_namespace.nspname != %(nspname_1)s
2025-12-06 20:10:00,597 - sqlalchemy.engine.Engine - INFO - [cached since 0.006274s ago] {'table_name': 'testers', 'param_1': 'r', 'param_2': 'p', 'param_3': 'f', 'param_4': 'v', 'param_5': 'm', 'nspname_1': 'pg_catalog'}
2025-12-06 20:10:00,598 - sqlalchemy.engine.Engine - INFO - SELECT pg_catalog.pg_class.relname 
FROM pg_catalog.pg_class JOIN pg_catalog.pg_namespace ON pg_catalog.pg_namespace.oid = pg_catalog.pg_class.relnamespace 
WHERE pg_catalog.pg_class.relname = %(table_name)s AND pg_catalog.pg_class.relkind = ANY (ARRAY[%(param_1)s, %(param_2)s, %(param_3)s, %(param_4)s, %(param_5)s]) AND pg_catalog.pg_table_is_visible(pg_catalog.pg_class.oid) AND pg_catalog.pg_namespace.nspname != %(nspname_1)s
2025-12-06 20:10:00,599 - sqlalchemy.engine.Engine - INFO - [cached since 0.008978s ago] {'table_name': 'tickets', 'param_1': 'r', 'param_2': 'p', 'param_3': 'f', 'param_4': 'v', 'param_5': 'm', 'nspname_1': 'pg_catalog'}
2025-12-06 20:10:00,601 - sqlalchemy.engine.Engine - INFO - SELECT pg_catalog.pg_class.relname 
FROM pg_catalog.pg_class JOIN pg_catalog.pg_namespace ON pg_catalog.pg_namespace.oid = pg_catalog.pg_class.relnamespace 
WHERE pg_catalog.pg_class.relname = %(table_name)s AND pg_catalog.pg_class.relkind = ANY (ARRAY[%(param_1)s, %(param_2)s, %(param_3)s, %(param_4)s, %(param_5)s]) AND pg_catalog.pg_table_is_visible(pg_catalog.pg_class.oid) AND pg_catalog.pg_namespace.nspname != %(nspname_1)s
2025-12-06 20:10:00,601 - sqlalchemy.engine.Engine - INFO - [cached since 0.01116s ago] {'table_name': 'test_executions', 'param_1': 'r', 'param_2': 'p', 'param_3': 'f', 'param_4': 'v', 'param_5': 'm', 'nspname_1': 'pg_catalog'}
2025-12-06 20:10:00,603 - sqlalchemy.engine.Engine - INFO - SELECT pg_catalog.pg_class.relname 
FROM pg_catalog.pg_class JOIN pg_catalog.pg_namespace ON pg_catalog.pg_namespace.oid = pg_catalog.pg_class.relnamespace 
WHERE pg_catalog.pg_class.relname = %(table_name)s AND pg_catalog.pg_class.relkind = ANY (ARRAY[%(param_1)s, %(param_2)s, %(param_3)s, %(param_4)s, %(param_5)s]) AND pg_catalog.pg_table_is_visible(pg_catalog.pg_class.oid) AND pg_catalog.pg_namespace.nspname != %(nspname_1)s
2025-12-06 20:10:00,603 - sqlalchemy.engine.Engine - INFO - [cached since 0.0133s ago] {'table_name': 'execution_steps', 'param_1': 'r', 'param_2': 'p', 'param_3': 'f', 'param_4': 'v', 'param_5': 'm', 'nspname_1': 'pg_catalog'}
2025-12-06 20:10:00,605 - sqlalchemy.engine.Engine - INFO - SELECT pg_catalog.pg_class.relname 
FROM pg_catalog.pg_class JOIN pg_catalog.pg_namespace ON pg_catalog.pg_namespace.oid = pg_catalog.pg_class.relnamespace 
WHERE pg_catalog.pg_class.relname = %(table_name)s AND pg_catalog.pg_class.relkind = ANY (ARRAY[%(param_1)s, %(param_2)s, %(param_3)s, %(param_4)s, %(param_5)s]) AND pg_catalog.pg_table_is_visible(pg_catalog.pg_class.oid) AND pg_catalog.pg_namespace.nspname != %(nspname_1)s
2025-12-06 20:10:00,606 - sqlalchemy.engine.Engine - INFO - [cached since 0.01582s ago] {'table_name': 'project_configs', 'param_1': 'r', 'param_2': 'p', 'param_3': 'f', 'param_4': 'v', 'param_5': 'm', 'nspname_1': 'pg_catalog'}
2025-12-06 20:10:00,608 - sqlalchemy.engine.Engine - INFO - COMMIT
2025-12-06 20:10:00,609 - TestAutomationAPI - INFO - Database tables verified
2025-12-06 20:13:10,650 - TestAutomationAPI - INFO - Starting Test Automation API...
2025-12-06 20:13:10,733 - sqlalchemy.engine.Engine - INFO - select pg_catalog.version()
2025-12-06 20:13:10,735 - sqlalchemy.engine.Engine - INFO - [raw sql] {}
2025-12-06 20:13:10,737 - sqlalchemy.engine.Engine - INFO - select current_schema()
2025-12-06 20:13:10,737 - sqlalchemy.engine.Engine - INFO - [raw sql] {}
2025-12-06 20:13:10,738 - sqlalchemy.engine.Engine - INFO - show standard_conforming_strings
2025-12-06 20:13:10,738 - sqlalchemy.engine.Engine - INFO - [raw sql] {}
2025-12-06 20:13:10,740 - sqlalchemy.engine.Engine - INFO - BEGIN (implicit)
2025-12-06 20:13:10,744 - sqlalchemy.engine.Engine - INFO - SELECT pg_catalog.pg_class.relname 
FROM pg_catalog.pg_class JOIN pg_catalog.pg_namespace ON pg_catalog.pg_namespace.oid = pg_catalog.pg_class.relnamespace 
WHERE pg_catalog.pg_class.relname = %(table_name)s AND pg_catalog.pg_class.relkind = ANY (ARRAY[%(param_1)s, %(param_2)s, %(param_3)s, %(param_4)s, %(param_5)s]) AND pg_catalog.pg_table_is_visible(pg_catalog.pg_class.oid) AND pg_catalog.pg_namespace.nspname != %(nspname_1)s
2025-12-06 20:13:10,745 - sqlalchemy.engine.Engine - INFO - [generated in 0.00104s] {'table_name': 'projects', 'param_1': 'r', 'param_2': 'p', 'param_3': 'f', 'param_4': 'v', 'param_5': 'm', 'nspname_1': 'pg_catalog'}
2025-12-06 20:13:10,751 - sqlalchemy.engine.Engine - INFO - SELECT pg_catalog.pg_class.relname 
FROM pg_catalog.pg_class JOIN pg_catalog.pg_namespace ON pg_catalog.pg_namespace.oid = pg_catalog.pg_class.relnamespace 
WHERE pg_catalog.pg_class.relname = %(table_name)s AND pg_catalog.pg_class.relkind = ANY (ARRAY[%(param_1)s, %(param_2)s, %(param_3)s, %(param_4)s, %(param_5)s]) AND pg_catalog.pg_table_is_visible(pg_catalog.pg_class.oid) AND pg_catalog.pg_namespace.nspname != %(nspname_1)s
2025-12-06 20:13:10,751 - sqlalchemy.engine.Engine - INFO - [cached since 0.007398s ago] {'table_name': 'testers', 'param_1': 'r', 'param_2': 'p', 'param_3': 'f', 'param_4': 'v', 'param_5': 'm', 'nspname_1': 'pg_catalog'}
2025-12-06 20:13:10,753 - sqlalchemy.engine.Engine - INFO - SELECT pg_catalog.pg_class.relname 
FROM pg_catalog.pg_class JOIN pg_catalog.pg_namespace ON pg_catalog.pg_namespace.oid = pg_catalog.pg_class.relnamespace 
WHERE pg_catalog.pg_class.relname = %(table_name)s AND pg_catalog.pg_class.relkind = ANY (ARRAY[%(param_1)s, %(param_2)s, %(param_3)s, %(param_4)s, %(param_5)s]) AND pg_catalog.pg_table_is_visible(pg_catalog.pg_class.oid) AND pg_catalog.pg_namespace.nspname != %(nspname_1)s
2025-12-06 20:13:10,753 - sqlalchemy.engine.Engine - INFO - [cached since 0.009412s ago] {'table_name': 'tickets', 'param_1': 'r', 'param_2': 'p', 'param_3': 'f', 'param_4': 'v', 'param_5': 'm', 'nspname_1': 'pg_catalog'}
2025-12-06 20:13:10,755 - sqlalchemy.engine.Engine - INFO - SELECT pg_catalog.pg_class.relname 
FROM pg_catalog.pg_class JOIN pg_catalog.pg_namespace ON pg_catalog.pg_namespace.oid = pg_catalog.pg_class.relnamespace 
WHERE pg_catalog.pg_class.relname = %(table_name)s AND pg_catalog.pg_class.relkind = ANY (ARRAY[%(param_1)s, %(param_2)s, %(param_3)s, %(param_4)s, %(param_5)s]) AND pg_catalog.pg_table_is_visible(pg_catalog.pg_class.oid) AND pg_catalog.pg_namespace.nspname != %(nspname_1)s
2025-12-06 20:13:10,757 - sqlalchemy.engine.Engine - INFO - [cached since 0.01195s ago] {'table_name': 'test_executions', 'param_1': 'r', 'param_2': 'p', 'param_3': 'f', 'param_4': 'v', 'param_5': 'm', 'nspname_1': 'pg_catalog'}
2025-12-06 20:13:10,758 - sqlalchemy.engine.Engine - INFO - SELECT pg_catalog.pg_class.relname 
FROM pg_catalog.pg_class JOIN pg_catalog.pg_namespace ON pg_catalog.pg_namespace.oid = pg_catalog.pg_class.relnamespace 
WHERE pg_catalog.pg_class.relname = %(table_name)s AND pg_catalog.pg_class.relkind = ANY (ARRAY[%(param_1)s, %(param_2)s, %(param_3)s, %(param_4)s, %(param_5)s]) AND pg_catalog.pg_table_is_visible(pg_catalog.pg_class.oid) AND pg_catalog.pg_namespace.nspname != %(nspname_1)s
2025-12-06 20:13:10,759 - sqlalchemy.engine.Engine - INFO - [cached since 0.01522s ago] {'table_name': 'execution_steps', 'param_1': 'r', 'param_2': 'p', 'param_3': 'f', 'param_4': 'v', 'param_5': 'm', 'nspname_1': 'pg_catalog'}
2025-12-06 20:13:10,762 - sqlalchemy.engine.Engine - INFO - SELECT pg_catalog.pg_class.relname 
FROM pg_catalog.pg_class JOIN pg_catalog.pg_namespace ON pg_catalog.pg_namespace.oid = pg_catalog.pg_class.relnamespace 
WHERE pg_catalog.pg_class.relname = %(table_name)s AND pg_catalog.pg_class.relkind = ANY (ARRAY[%(param_1)s, %(param_2)s, %(param_3)s, %(param_4)s, %(param_5)s]) AND pg_catalog.pg_table_is_visible(pg_catalog.pg_class.oid) AND pg_catalog.pg_namespace.nspname != %(nspname_1)s
2025-12-06 20:13:10,762 - sqlalchemy.engine.Engine - INFO - [cached since 0.01745s ago] {'table_name': 'project_configs', 'param_1': 'r', 'param_2': 'p', 'param_3': 'f', 'param_4': 'v', 'param_5': 'm', 'nspname_1': 'pg_catalog'}
2025-12-06 20:13:10,764 - sqlalchemy.engine.Engine - INFO - COMMIT
2025-12-06 20:13:10,764 - TestAutomationAPI - INFO - Database tables verified
2025-12-06 20:13:14,734 - TestAutomationAPI - INFO - Starting Test Automation API...
2025-12-06 20:13:14,816 - sqlalchemy.engine.Engine - INFO - select pg_catalog.version()
2025-12-06 20:13:14,817 - sqlalchemy.engine.Engine - INFO - [raw sql] {}
2025-12-06 20:13:14,819 - sqlalchemy.engine.Engine - INFO - select current_schema()
2025-12-06 20:13:14,819 - sqlalchemy.engine.Engine - INFO - [raw sql] {}
2025-12-06 20:13:14,820 - sqlalchemy.engine.Engine - INFO - show standard_conforming_strings
2025-12-06 20:13:14,821 - sqlalchemy.engine.Engine - INFO - [raw sql] {}
2025-12-06 20:13:14,822 - sqlalchemy.engine.Engine - INFO - BEGIN (implicit)
2025-12-06 20:13:14,827 - sqlalchemy.engine.Engine - INFO - SELECT pg_catalog.pg_class.relname 
FROM pg_catalog.pg_class JOIN pg_catalog.pg_namespace ON pg_catalog.pg_namespace.oid = pg_catalog.pg_class.relnamespace 
WHERE pg_catalog.pg_class.relname = %(table_name)s AND pg_catalog.pg_class.relkind = ANY (ARRAY[%(param_1)s, %(param_2)s, %(param_3)s, %(param_4)s, %(param_5)s]) AND pg_catalog.pg_table_is_visible(pg_catalog.pg_class.oid) AND pg_catalog.pg_namespace.nspname != %(nspname_1)s
2025-12-06 20:13:14,828 - sqlalchemy.engine.Engine - INFO - [generated in 0.00069s] {'table_name': 'projects', 'param_1': 'r', 'param_2': 'p', 'param_3': 'f', 'param_4': 'v', 'param_5': 'm', 'nspname_1': 'pg_catalog'}
2025-12-06 20:13:14,832 - sqlalchemy.engine.Engine - INFO - SELECT pg_catalog.pg_class.relname 
FROM pg_catalog.pg_class JOIN pg_catalog.pg_namespace ON pg_catalog.pg_namespace.oid = pg_catalog.pg_class.relnamespace 
WHERE pg_catalog.pg_class.relname = %(table_name)s AND pg_catalog.pg_class.relkind = ANY (ARRAY[%(param_1)s, %(param_2)s, %(param_3)s, %(param_4)s, %(param_5)s]) AND pg_catalog.pg_table_is_visible(pg_catalog.pg_class.oid) AND pg_catalog.pg_namespace.nspname != %(nspname_1)s
2025-12-06 20:13:14,832 - sqlalchemy.engine.Engine - INFO - [cached since 0.00534s ago] {'table_name': 'testers', 'param_1': 'r', 'param_2': 'p', 'param_3': 'f', 'param_4': 'v', 'param_5': 'm', 'nspname_1': 'pg_catalog'}
2025-12-06 20:13:14,833 - sqlalchemy.engine.Engine - INFO - SELECT pg_catalog.pg_class.relname 
FROM pg_catalog.pg_class JOIN pg_catalog.pg_namespace ON pg_catalog.pg_namespace.oid = pg_catalog.pg_class.relnamespace 
WHERE pg_catalog.pg_class.relname = %(table_name)s AND pg_catalog.pg_class.relkind = ANY (ARRAY[%(param_1)s, %(param_2)s, %(param_3)s, %(param_4)s, %(param_5)s]) AND pg_catalog.pg_table_is_visible(pg_catalog.pg_class.oid) AND pg_catalog.pg_namespace.nspname != %(nspname_1)s
2025-12-06 20:13:14,834 - sqlalchemy.engine.Engine - INFO - [cached since 0.007237s ago] {'table_name': 'tickets', 'param_1': 'r', 'param_2': 'p', 'param_3': 'f', 'param_4': 'v', 'param_5': 'm', 'nspname_1': 'pg_catalog'}
2025-12-06 20:13:14,835 - sqlalchemy.engine.Engine - INFO - SELECT pg_catalog.pg_class.relname 
FROM pg_catalog.pg_class JOIN pg_catalog.pg_namespace ON pg_catalog.pg_namespace.oid = pg_catalog.pg_class.relnamespace 
WHERE pg_catalog.pg_class.relname = %(table_name)s AND pg_catalog.pg_class.relkind = ANY (ARRAY[%(param_1)s, %(param_2)s, %(param_3)s, %(param_4)s, %(param_5)s]) AND pg_catalog.pg_table_is_visible(pg_catalog.pg_class.oid) AND pg_catalog.pg_namespace.nspname != %(nspname_1)s
2025-12-06 20:13:14,835 - sqlalchemy.engine.Engine - INFO - [cached since 0.008973s ago] {'table_name': 'test_executions', 'param_1': 'r', 'param_2': 'p', 'param_3': 'f', 'param_4': 'v', 'param_5': 'm', 'nspname_1': 'pg_catalog'}
2025-12-06 20:13:14,836 - sqlalchemy.engine.Engine - INFO - SELECT pg_catalog.pg_class.relname 
FROM pg_catalog.pg_class JOIN pg_catalog.pg_namespace ON pg_catalog.pg_namespace.oid = pg_catalog.pg_class.relnamespace 
WHERE pg_catalog.pg_class.relname = %(table_name)s AND pg_catalog.pg_class.relkind = ANY (ARRAY[%(param_1)s, %(param_2)s, %(param_3)s, %(param_4)s, %(param_5)s]) AND pg_catalog.pg_table_is_visible(pg_catalog.pg_class.oid) AND pg_catalog.pg_namespace.nspname != %(nspname_1)s
2025-12-06 20:13:14,837 - sqlalchemy.engine.Engine - INFO - [cached since 0.01077s ago] {'table_name': 'execution_steps', 'param_1': 'r', 'param_2': 'p', 'param_3': 'f', 'param_4': 'v', 'param_5': 'm', 'nspname_1': 'pg_catalog'}
2025-12-06 20:13:14,838 - sqlalchemy.engine.Engine - INFO - SELECT pg_catalog.pg_class.relname 
FROM pg_catalog.pg_class JOIN pg_catalog.pg_namespace ON pg_catalog.pg_namespace.oid = pg_catalog.pg_class.relnamespace 
WHERE pg_catalog.pg_class.relname = %(table_name)s AND pg_catalog.pg_class.relkind = ANY (ARRAY[%(param_1)s, %(param_2)s, %(param_3)s, %(param_4)s, %(param_5)s]) AND pg_catalog.pg_table_is_visible(pg_catalog.pg_class.oid) AND pg_catalog.pg_namespace.nspname != %(nspname_1)s
2025-12-06 20:13:14,839 - sqlalchemy.engine.Engine - INFO - [cached since 0.0126s ago] {'table_name': 'project_configs', 'param_1': 'r', 'param_2': 'p', 'param_3': 'f', 'param_4': 'v', 'param_5': 'm', 'nspname_1': 'pg_catalog'}
2025-12-06 20:13:14,841 - sqlalchemy.engine.Engine - INFO - COMMIT
2025-12-06 20:13:14,842 - TestAutomationAPI - INFO - Database tables verified
2025-12-06 20:13:47,347 - TestAutomationAPI - INFO - Starting Test Automation API...
2025-12-06 20:13:47,440 - sqlalchemy.engine.Engine - INFO - select pg_catalog.version()
2025-12-06 20:13:47,441 - sqlalchemy.engine.Engine - INFO - [raw sql] {}
2025-12-06 20:13:47,444 - sqlalchemy.engine.Engine - INFO - select current_schema()
2025-12-06 20:13:47,444 - sqlalchemy.engine.Engine - INFO - [raw sql] {}
2025-12-06 20:13:47,445 - sqlalchemy.engine.Engine - INFO - show standard_conforming_strings
2025-12-06 20:13:47,445 - sqlalchemy.engine.Engine - INFO - [raw sql] {}
2025-12-06 20:13:47,446 - sqlalchemy.engine.Engine - INFO - BEGIN (implicit)
2025-12-06 20:13:47,450 - sqlalchemy.engine.Engine - INFO - SELECT pg_catalog.pg_class.relname 
FROM pg_catalog.pg_class JOIN pg_catalog.pg_namespace ON pg_catalog.pg_namespace.oid = pg_catalog.pg_class.relnamespace 
WHERE pg_catalog.pg_class.relname = %(table_name)s AND pg_catalog.pg_class.relkind = ANY (ARRAY[%(param_1)s, %(param_2)s, %(param_3)s, %(param_4)s, %(param_5)s]) AND pg_catalog.pg_table_is_visible(pg_catalog.pg_class.oid) AND pg_catalog.pg_namespace.nspname != %(nspname_1)s
2025-12-06 20:13:47,451 - sqlalchemy.engine.Engine - INFO - [generated in 0.00078s] {'table_name': 'projects', 'param_1': 'r', 'param_2': 'p', 'param_3': 'f', 'param_4': 'v', 'param_5': 'm', 'nspname_1': 'pg_catalog'}
2025-12-06 20:13:47,458 - sqlalchemy.engine.Engine - INFO - SELECT pg_catalog.pg_class.relname 
FROM pg_catalog.pg_class JOIN pg_catalog.pg_namespace ON pg_catalog.pg_namespace.oid = pg_catalog.pg_class.relnamespace 
WHERE pg_catalog.pg_class.relname = %(table_name)s AND pg_catalog.pg_class.relkind = ANY (ARRAY[%(param_1)s, %(param_2)s, %(param_3)s, %(param_4)s, %(param_5)s]) AND pg_catalog.pg_table_is_visible(pg_catalog.pg_class.oid) AND pg_catalog.pg_namespace.nspname != %(nspname_1)s
2025-12-06 20:13:47,459 - sqlalchemy.engine.Engine - INFO - [cached since 0.008602s ago] {'table_name': 'testers', 'param_1': 'r', 'param_2': 'p', 'param_3': 'f', 'param_4': 'v', 'param_5': 'm', 'nspname_1': 'pg_catalog'}
2025-12-06 20:13:47,461 - sqlalchemy.engine.Engine - INFO - SELECT pg_catalog.pg_class.relname 
FROM pg_catalog.pg_class JOIN pg_catalog.pg_namespace ON pg_catalog.pg_namespace.oid = pg_catalog.pg_class.relnamespace 
WHERE pg_catalog.pg_class.relname = %(table_name)s AND pg_catalog.pg_class.relkind = ANY (ARRAY[%(param_1)s, %(param_2)s, %(param_3)s, %(param_4)s, %(param_5)s]) AND pg_catalog.pg_table_is_visible(pg_catalog.pg_class.oid) AND pg_catalog.pg_namespace.nspname != %(nspname_1)s
2025-12-06 20:13:47,462 - sqlalchemy.engine.Engine - INFO - [cached since 0.01143s ago] {'table_name': 'tickets', 'param_1': 'r', 'param_2': 'p', 'param_3': 'f', 'param_4': 'v', 'param_5': 'm', 'nspname_1': 'pg_catalog'}
2025-12-06 20:13:47,464 - sqlalchemy.engine.Engine - INFO - SELECT pg_catalog.pg_class.relname 
FROM pg_catalog.pg_class JOIN pg_catalog.pg_namespace ON pg_catalog.pg_namespace.oid = pg_catalog.pg_class.relnamespace 
WHERE pg_catalog.pg_class.relname = %(table_name)s AND pg_catalog.pg_class.relkind = ANY (ARRAY[%(param_1)s, %(param_2)s, %(param_3)s, %(param_4)s, %(param_5)s]) AND pg_catalog.pg_table_is_visible(pg_catalog.pg_class.oid) AND pg_catalog.pg_namespace.nspname != %(nspname_1)s
2025-12-06 20:13:47,464 - sqlalchemy.engine.Engine - INFO - [cached since 0.01398s ago] {'table_name': 'test_executions', 'param_1': 'r', 'param_2': 'p', 'param_3': 'f', 'param_4': 'v', 'param_5': 'm', 'nspname_1': 'pg_catalog'}
2025-12-06 20:13:47,466 - sqlalchemy.engine.Engine - INFO - SELECT pg_catalog.pg_class.relname 
FROM pg_catalog.pg_class JOIN pg_catalog.pg_namespace ON pg_catalog.pg_namespace.oid = pg_catalog.pg_class.relnamespace 
WHERE pg_catalog.pg_class.relname = %(table_name)s AND pg_catalog.pg_class.relkind = ANY (ARRAY[%(param_1)s, %(param_2)s, %(param_3)s, %(param_4)s, %(param_5)s]) AND pg_catalog.pg_table_is_visible(pg_catalog.pg_class.oid) AND pg_catalog.pg_namespace.nspname != %(nspname_1)s
2025-12-06 20:13:47,466 - sqlalchemy.engine.Engine - INFO - [cached since 0.01614s ago] {'table_name': 'execution_steps', 'param_1': 'r', 'param_2': 'p', 'param_3': 'f', 'param_4': 'v', 'param_5': 'm', 'nspname_1': 'pg_catalog'}
2025-12-06 20:13:47,468 - sqlalchemy.engine.Engine - INFO - SELECT pg_catalog.pg_class.relname 
FROM pg_catalog.pg_class JOIN pg_catalog.pg_namespace ON pg_catalog.pg_namespace.oid = pg_catalog.pg_class.relnamespace 
WHERE pg_catalog.pg_class.relname = %(table_name)s AND pg_catalog.pg_class.relkind = ANY (ARRAY[%(param_1)s, %(param_2)s, %(param_3)s, %(param_4)s, %(param_5)s]) AND pg_catalog.pg_table_is_visible(pg_catalog.pg_class.oid) AND pg_catalog.pg_namespace.nspname != %(nspname_1)s
2025-12-06 20:13:47,468 - sqlalchemy.engine.Engine - INFO - [cached since 0.01799s ago] {'table_name': 'project_configs', 'param_1': 'r', 'param_2': 'p', 'param_3': 'f', 'param_4': 'v', 'param_5': 'm', 'nspname_1': 'pg_catalog'}
2025-12-06 20:13:47,469 - sqlalchemy.engine.Engine - INFO - COMMIT
2025-12-06 20:13:47,470 - TestAutomationAPI - INFO - Database tables verified
2025-12-06 20:23:40,489 - TestAutomationAPI - INFO - Starting Test Automation API...
2025-12-06 20:23:40,577 - sqlalchemy.engine.Engine - INFO - select pg_catalog.version()
2025-12-06 20:23:40,584 - sqlalchemy.engine.Engine - INFO - [raw sql] {}
2025-12-06 20:23:40,584 - sqlalchemy.engine.Engine - INFO - select current_schema()
2025-12-06 20:23:40,584 - sqlalchemy.engine.Engine - INFO - [raw sql] {}
2025-12-06 20:23:40,584 - sqlalchemy.engine.Engine - INFO - show standard_conforming_strings
2025-12-06 20:23:40,584 - sqlalchemy.engine.Engine - INFO - [raw sql] {}
2025-12-06 20:23:40,584 - sqlalchemy.engine.Engine - INFO - BEGIN (implicit)
2025-12-06 20:23:40,595 - sqlalchemy.engine.Engine - INFO - SELECT pg_catalog.pg_class.relname 
FROM pg_catalog.pg_class JOIN pg_catalog.pg_namespace ON pg_catalog.pg_namespace.oid = pg_catalog.pg_class.relnamespace 
WHERE pg_catalog.pg_class.relname = %(table_name)s AND pg_catalog.pg_class.relkind = ANY (ARRAY[%(param_1)s, %(param_2)s, %(param_3)s, %(param_4)s, %(param_5)s]) AND pg_catalog.pg_table_is_visible(pg_catalog.pg_class.oid) AND pg_catalog.pg_namespace.nspname != %(nspname_1)s
2025-12-06 20:23:40,596 - sqlalchemy.engine.Engine - INFO - [generated in 0.00077s] {'table_name': 'projects', 'param_1': 'r', 'param_2': 'p', 'param_3': 'f', 'param_4': 'v', 'param_5': 'm', 'nspname_1': 'pg_catalog'}
2025-12-06 20:23:40,600 - sqlalchemy.engine.Engine - INFO - SELECT pg_catalog.pg_class.relname 
FROM pg_catalog.pg_class JOIN pg_catalog.pg_namespace ON pg_catalog.pg_namespace.oid = pg_catalog.pg_class.relnamespace 
WHERE pg_catalog.pg_class.relname = %(table_name)s AND pg_catalog.pg_class.relkind = ANY (ARRAY[%(param_1)s, %(param_2)s, %(param_3)s, %(param_4)s, %(param_5)s]) AND pg_catalog.pg_table_is_visible(pg_catalog.pg_class.oid) AND pg_catalog.pg_namespace.nspname != %(nspname_1)s
2025-12-06 20:23:40,602 - sqlalchemy.engine.Engine - INFO - [cached since 0.006959s ago] {'table_name': 'testers', 'param_1': 'r', 'param_2': 'p', 'param_3': 'f', 'param_4': 'v', 'param_5': 'm', 'nspname_1': 'pg_catalog'}
2025-12-06 20:23:40,604 - sqlalchemy.engine.Engine - INFO - SELECT pg_catalog.pg_class.relname 
FROM pg_catalog.pg_class JOIN pg_catalog.pg_namespace ON pg_catalog.pg_namespace.oid = pg_catalog.pg_class.relnamespace 
WHERE pg_catalog.pg_class.relname = %(table_name)s AND pg_catalog.pg_class.relkind = ANY (ARRAY[%(param_1)s, %(param_2)s, %(param_3)s, %(param_4)s, %(param_5)s]) AND pg_catalog.pg_table_is_visible(pg_catalog.pg_class.oid) AND pg_catalog.pg_namespace.nspname != %(nspname_1)s
2025-12-06 20:23:40,604 - sqlalchemy.engine.Engine - INFO - [cached since 0.009332s ago] {'table_name': 'tickets', 'param_1': 'r', 'param_2': 'p', 'param_3': 'f', 'param_4': 'v', 'param_5': 'm', 'nspname_1': 'pg_catalog'}
2025-12-06 20:23:40,606 - sqlalchemy.engine.Engine - INFO - SELECT pg_catalog.pg_class.relname 
FROM pg_catalog.pg_class JOIN pg_catalog.pg_namespace ON pg_catalog.pg_namespace.oid = pg_catalog.pg_class.relnamespace 
WHERE pg_catalog.pg_class.relname = %(table_name)s AND pg_catalog.pg_class.relkind = ANY (ARRAY[%(param_1)s, %(param_2)s, %(param_3)s, %(param_4)s, %(param_5)s]) AND pg_catalog.pg_table_is_visible(pg_catalog.pg_class.oid) AND pg_catalog.pg_namespace.nspname != %(nspname_1)s
2025-12-06 20:23:40,606 - sqlalchemy.engine.Engine - INFO - [cached since 0.01108s ago] {'table_name': 'test_executions', 'param_1': 'r', 'param_2': 'p', 'param_3': 'f', 'param_4': 'v', 'param_5': 'm', 'nspname_1': 'pg_catalog'}
2025-12-06 20:23:40,607 - sqlalchemy.engine.Engine - INFO - SELECT pg_catalog.pg_class.relname 
FROM pg_catalog.pg_class JOIN pg_catalog.pg_namespace ON pg_catalog.pg_namespace.oid = pg_catalog.pg_class.relnamespace 
WHERE pg_catalog.pg_class.relname = %(table_name)s AND pg_catalog.pg_class.relkind = ANY (ARRAY[%(param_1)s, %(param_2)s, %(param_3)s, %(param_4)s, %(param_5)s]) AND pg_catalog.pg_table_is_visible(pg_catalog.pg_class.oid) AND pg_catalog.pg_namespace.nspname != %(nspname_1)s
2025-12-06 20:23:40,608 - sqlalchemy.engine.Engine - INFO - [cached since 0.01264s ago] {'table_name': 'execution_steps', 'param_1': 'r', 'param_2': 'p', 'param_3': 'f', 'param_4': 'v', 'param_5': 'm', 'nspname_1': 'pg_catalog'}
2025-12-06 20:23:40,609 - sqlalchemy.engine.Engine - INFO - SELECT pg_catalog.pg_class.relname 
FROM pg_catalog.pg_class JOIN pg_catalog.pg_namespace ON pg_catalog.pg_namespace.oid = pg_catalog.pg_class.relnamespace 
WHERE pg_catalog.pg_class.relname = %(table_name)s AND pg_catalog.pg_class.relkind = ANY (ARRAY[%(param_1)s, %(param_2)s, %(param_3)s, %(param_4)s, %(param_5)s]) AND pg_catalog.pg_table_is_visible(pg_catalog.pg_class.oid) AND pg_catalog.pg_namespace.nspname != %(nspname_1)s
2025-12-06 20:23:40,609 - sqlalchemy.engine.Engine - INFO - [cached since 0.01439s ago] {'table_name': 'project_configs', 'param_1': 'r', 'param_2': 'p', 'param_3': 'f', 'param_4': 'v', 'param_5': 'm', 'nspname_1': 'pg_catalog'}
2025-12-06 20:23:40,611 - sqlalchemy.engine.Engine - INFO - COMMIT
2025-12-06 20:23:40,611 - TestAutomationAPI - INFO - Database tables verified
2025-12-06 20:23:54,388 - TestAutomationAPI - INFO - Starting Test Automation API...
2025-12-06 20:23:54,480 - sqlalchemy.engine.Engine - INFO - select pg_catalog.version()
2025-12-06 20:23:54,480 - sqlalchemy.engine.Engine - INFO - [raw sql] {}
2025-12-06 20:23:54,483 - sqlalchemy.engine.Engine - INFO - select current_schema()
2025-12-06 20:23:54,483 - sqlalchemy.engine.Engine - INFO - [raw sql] {}
2025-12-06 20:23:54,483 - sqlalchemy.engine.Engine - INFO - show standard_conforming_strings
2025-12-06 20:23:54,486 - sqlalchemy.engine.Engine - INFO - [raw sql] {}
2025-12-06 20:23:54,486 - sqlalchemy.engine.Engine - INFO - BEGIN (implicit)
2025-12-06 20:23:54,491 - sqlalchemy.engine.Engine - INFO - SELECT pg_catalog.pg_class.relname 
FROM pg_catalog.pg_class JOIN pg_catalog.pg_namespace ON pg_catalog.pg_namespace.oid = pg_catalog.pg_class.relnamespace 
WHERE pg_catalog.pg_class.relname = %(table_name)s AND pg_catalog.pg_class.relkind = ANY (ARRAY[%(param_1)s, %(param_2)s, %(param_3)s, %(param_4)s, %(param_5)s]) AND pg_catalog.pg_table_is_visible(pg_catalog.pg_class.oid) AND pg_catalog.pg_namespace.nspname != %(nspname_1)s
2025-12-06 20:23:54,491 - sqlalchemy.engine.Engine - INFO - [generated in 0.00095s] {'table_name': 'projects', 'param_1': 'r', 'param_2': 'p', 'param_3': 'f', 'param_4': 'v', 'param_5': 'm', 'nspname_1': 'pg_catalog'}
2025-12-06 20:23:54,494 - sqlalchemy.engine.Engine - INFO - SELECT pg_catalog.pg_class.relname 
FROM pg_catalog.pg_class JOIN pg_catalog.pg_namespace ON pg_catalog.pg_namespace.oid = pg_catalog.pg_class.relnamespace 
WHERE pg_catalog.pg_class.relname = %(table_name)s AND pg_catalog.pg_class.relkind = ANY (ARRAY[%(param_1)s, %(param_2)s, %(param_3)s, %(param_4)s, %(param_5)s]) AND pg_catalog.pg_table_is_visible(pg_catalog.pg_class.oid) AND pg_catalog.pg_namespace.nspname != %(nspname_1)s
2025-12-06 20:23:54,494 - sqlalchemy.engine.Engine - INFO - [cached since 0.008375s ago] {'table_name': 'testers', 'param_1': 'r', 'param_2': 'p', 'param_3': 'f', 'param_4': 'v', 'param_5': 'm', 'nspname_1': 'pg_catalog'}
2025-12-06 20:23:54,501 - sqlalchemy.engine.Engine - INFO - SELECT pg_catalog.pg_class.relname 
FROM pg_catalog.pg_class JOIN pg_catalog.pg_namespace ON pg_catalog.pg_namespace.oid = pg_catalog.pg_class.relnamespace 
WHERE pg_catalog.pg_class.relname = %(table_name)s AND pg_catalog.pg_class.relkind = ANY (ARRAY[%(param_1)s, %(param_2)s, %(param_3)s, %(param_4)s, %(param_5)s]) AND pg_catalog.pg_table_is_visible(pg_catalog.pg_class.oid) AND pg_catalog.pg_namespace.nspname != %(nspname_1)s
2025-12-06 20:23:54,501 - sqlalchemy.engine.Engine - INFO - [cached since 0.01124s ago] {'table_name': 'tickets', 'param_1': 'r', 'param_2': 'p', 'param_3': 'f', 'param_4': 'v', 'param_5': 'm', 'nspname_1': 'pg_catalog'}
2025-12-06 20:23:54,504 - sqlalchemy.engine.Engine - INFO - SELECT pg_catalog.pg_class.relname 
FROM pg_catalog.pg_class JOIN pg_catalog.pg_namespace ON pg_catalog.pg_namespace.oid = pg_catalog.pg_class.relnamespace 
WHERE pg_catalog.pg_class.relname = %(table_name)s AND pg_catalog.pg_class.relkind = ANY (ARRAY[%(param_1)s, %(param_2)s, %(param_3)s, %(param_4)s, %(param_5)s]) AND pg_catalog.pg_table_is_visible(pg_catalog.pg_class.oid) AND pg_catalog.pg_namespace.nspname != %(nspname_1)s
2025-12-06 20:23:54,504 - sqlalchemy.engine.Engine - INFO - [cached since 0.01318s ago] {'table_name': 'test_executions', 'param_1': 'r', 'param_2': 'p', 'param_3': 'f', 'param_4': 'v', 'param_5': 'm', 'nspname_1': 'pg_catalog'}
2025-12-06 20:23:54,504 - sqlalchemy.engine.Engine - INFO - SELECT pg_catalog.pg_class.relname 
FROM pg_catalog.pg_class JOIN pg_catalog.pg_namespace ON pg_catalog.pg_namespace.oid = pg_catalog.pg_class.relnamespace 
WHERE pg_catalog.pg_class.relname = %(table_name)s AND pg_catalog.pg_class.relkind = ANY (ARRAY[%(param_1)s, %(param_2)s, %(param_3)s, %(param_4)s, %(param_5)s]) AND pg_catalog.pg_table_is_visible(pg_catalog.pg_class.oid) AND pg_catalog.pg_namespace.nspname != %(nspname_1)s
2025-12-06 20:23:54,504 - sqlalchemy.engine.Engine - INFO - [cached since 0.01515s ago] {'table_name': 'execution_steps', 'param_1': 'r', 'param_2': 'p', 'param_3': 'f', 'param_4': 'v', 'param_5': 'm', 'nspname_1': 'pg_catalog'}
2025-12-06 20:23:54,504 - sqlalchemy.engine.Engine - INFO - SELECT pg_catalog.pg_class.relname 
FROM pg_catalog.pg_class JOIN pg_catalog.pg_namespace ON pg_catalog.pg_namespace.oid = pg_catalog.pg_class.relnamespace 
WHERE pg_catalog.pg_class.relname = %(table_name)s AND pg_catalog.pg_class.relkind = ANY (ARRAY[%(param_1)s, %(param_2)s, %(param_3)s, %(param_4)s, %(param_5)s]) AND pg_catalog.pg_table_is_visible(pg_catalog.pg_class.oid) AND pg_catalog.pg_namespace.nspname != %(nspname_1)s
2025-12-06 20:23:54,508 - sqlalchemy.engine.Engine - INFO - [cached since 0.01693s ago] {'table_name': 'project_configs', 'param_1': 'r', 'param_2': 'p', 'param_3': 'f', 'param_4': 'v', 'param_5': 'm', 'nspname_1': 'pg_catalog'}
2025-12-06 20:23:54,509 - sqlalchemy.engine.Engine - INFO - COMMIT
2025-12-06 20:23:54,510 - TestAutomationAPI - INFO - Database tables verified
2025-12-06 20:24:37,844 - TestAutomationAPI - INFO - Starting Test Automation API...
2025-12-06 20:24:37,944 - sqlalchemy.engine.Engine - INFO - select pg_catalog.version()
2025-12-06 20:24:37,944 - sqlalchemy.engine.Engine - INFO - [raw sql] {}
2025-12-06 20:24:37,953 - sqlalchemy.engine.Engine - INFO - select current_schema()
2025-12-06 20:24:37,953 - sqlalchemy.engine.Engine - INFO - [raw sql] {}
2025-12-06 20:24:37,953 - sqlalchemy.engine.Engine - INFO - show standard_conforming_strings
2025-12-06 20:24:37,955 - sqlalchemy.engine.Engine - INFO - [raw sql] {}
2025-12-06 20:24:37,957 - sqlalchemy.engine.Engine - INFO - BEGIN (implicit)
2025-12-06 20:24:37,957 - sqlalchemy.engine.Engine - INFO - SELECT pg_catalog.pg_class.relname 
FROM pg_catalog.pg_class JOIN pg_catalog.pg_namespace ON pg_catalog.pg_namespace.oid = pg_catalog.pg_class.relnamespace 
WHERE pg_catalog.pg_class.relname = %(table_name)s AND pg_catalog.pg_class.relkind = ANY (ARRAY[%(param_1)s, %(param_2)s, %(param_3)s, %(param_4)s, %(param_5)s]) AND pg_catalog.pg_table_is_visible(pg_catalog.pg_class.oid) AND pg_catalog.pg_namespace.nspname != %(nspname_1)s
2025-12-06 20:24:37,957 - sqlalchemy.engine.Engine - INFO - [generated in 0.00070s] {'table_name': 'projects', 'param_1': 'r', 'param_2': 'p', 'param_3': 'f', 'param_4': 'v', 'param_5': 'm', 'nspname_1': 'pg_catalog'}
2025-12-06 20:24:37,963 - sqlalchemy.engine.Engine - INFO - SELECT pg_catalog.pg_class.relname 
FROM pg_catalog.pg_class JOIN pg_catalog.pg_namespace ON pg_catalog.pg_namespace.oid = pg_catalog.pg_class.relnamespace 
WHERE pg_catalog.pg_class.relname = %(table_name)s AND pg_catalog.pg_class.relkind = ANY (ARRAY[%(param_1)s, %(param_2)s, %(param_3)s, %(param_4)s, %(param_5)s]) AND pg_catalog.pg_table_is_visible(pg_catalog.pg_class.oid) AND pg_catalog.pg_namespace.nspname != %(nspname_1)s
2025-12-06 20:24:37,963 - sqlalchemy.engine.Engine - INFO - [cached since 0.006581s ago] {'table_name': 'testers', 'param_1': 'r', 'param_2': 'p', 'param_3': 'f', 'param_4': 'v', 'param_5': 'm', 'nspname_1': 'pg_catalog'}
2025-12-06 20:24:37,963 - sqlalchemy.engine.Engine - INFO - SELECT pg_catalog.pg_class.relname 
FROM pg_catalog.pg_class JOIN pg_catalog.pg_namespace ON pg_catalog.pg_namespace.oid = pg_catalog.pg_class.relnamespace 
WHERE pg_catalog.pg_class.relname = %(table_name)s AND pg_catalog.pg_class.relkind = ANY (ARRAY[%(param_1)s, %(param_2)s, %(param_3)s, %(param_4)s, %(param_5)s]) AND pg_catalog.pg_table_is_visible(pg_catalog.pg_class.oid) AND pg_catalog.pg_namespace.nspname != %(nspname_1)s
2025-12-06 20:24:37,963 - sqlalchemy.engine.Engine - INFO - [cached since 0.008413s ago] {'table_name': 'tickets', 'param_1': 'r', 'param_2': 'p', 'param_3': 'f', 'param_4': 'v', 'param_5': 'm', 'nspname_1': 'pg_catalog'}
2025-12-06 20:24:37,963 - sqlalchemy.engine.Engine - INFO - SELECT pg_catalog.pg_class.relname 
FROM pg_catalog.pg_class JOIN pg_catalog.pg_namespace ON pg_catalog.pg_namespace.oid = pg_catalog.pg_class.relnamespace 
WHERE pg_catalog.pg_class.relname = %(table_name)s AND pg_catalog.pg_class.relkind = ANY (ARRAY[%(param_1)s, %(param_2)s, %(param_3)s, %(param_4)s, %(param_5)s]) AND pg_catalog.pg_table_is_visible(pg_catalog.pg_class.oid) AND pg_catalog.pg_namespace.nspname != %(nspname_1)s
2025-12-06 20:24:37,963 - sqlalchemy.engine.Engine - INFO - [cached since 0.009992s ago] {'table_name': 'test_executions', 'param_1': 'r', 'param_2': 'p', 'param_3': 'f', 'param_4': 'v', 'param_5': 'm', 'nspname_1': 'pg_catalog'}
2025-12-06 20:24:37,972 - sqlalchemy.engine.Engine - INFO - SELECT pg_catalog.pg_class.relname 
FROM pg_catalog.pg_class JOIN pg_catalog.pg_namespace ON pg_catalog.pg_namespace.oid = pg_catalog.pg_class.relnamespace 
WHERE pg_catalog.pg_class.relname = %(table_name)s AND pg_catalog.pg_class.relkind = ANY (ARRAY[%(param_1)s, %(param_2)s, %(param_3)s, %(param_4)s, %(param_5)s]) AND pg_catalog.pg_table_is_visible(pg_catalog.pg_class.oid) AND pg_catalog.pg_namespace.nspname != %(nspname_1)s
2025-12-06 20:24:37,972 - sqlalchemy.engine.Engine - INFO - [cached since 0.01184s ago] {'table_name': 'execution_steps', 'param_1': 'r', 'param_2': 'p', 'param_3': 'f', 'param_4': 'v', 'param_5': 'm', 'nspname_1': 'pg_catalog'}
2025-12-06 20:24:37,974 - sqlalchemy.engine.Engine - INFO - SELECT pg_catalog.pg_class.relname 
FROM pg_catalog.pg_class JOIN pg_catalog.pg_namespace ON pg_catalog.pg_namespace.oid = pg_catalog.pg_class.relnamespace 
WHERE pg_catalog.pg_class.relname = %(table_name)s AND pg_catalog.pg_class.relkind = ANY (ARRAY[%(param_1)s, %(param_2)s, %(param_3)s, %(param_4)s, %(param_5)s]) AND pg_catalog.pg_table_is_visible(pg_catalog.pg_class.oid) AND pg_catalog.pg_namespace.nspname != %(nspname_1)s
2025-12-06 20:24:37,974 - sqlalchemy.engine.Engine - INFO - [cached since 0.01401s ago] {'table_name': 'project_configs', 'param_1': 'r', 'param_2': 'p', 'param_3': 'f', 'param_4': 'v', 'param_5': 'm', 'nspname_1': 'pg_catalog'}
2025-12-06 20:24:37,976 - sqlalchemy.engine.Engine - INFO - COMMIT
2025-12-06 20:24:37,978 - TestAutomationAPI - INFO - Database tables verified
2025-12-06 20:24:48,244 - TestAutomationAPI - INFO - Starting Test Automation API...
2025-12-06 20:24:48,342 - sqlalchemy.engine.Engine - INFO - select pg_catalog.version()
2025-12-06 20:24:48,343 - sqlalchemy.engine.Engine - INFO - [raw sql] {}
2025-12-06 20:24:48,343 - sqlalchemy.engine.Engine - INFO - select current_schema()
2025-12-06 20:24:48,343 - sqlalchemy.engine.Engine - INFO - [raw sql] {}
2025-12-06 20:24:48,343 - sqlalchemy.engine.Engine - INFO - show standard_conforming_strings
2025-12-06 20:24:48,343 - sqlalchemy.engine.Engine - INFO - [raw sql] {}
2025-12-06 20:24:48,348 - sqlalchemy.engine.Engine - INFO - BEGIN (implicit)
2025-12-06 20:24:48,354 - sqlalchemy.engine.Engine - INFO - SELECT pg_catalog.pg_class.relname 
FROM pg_catalog.pg_class JOIN pg_catalog.pg_namespace ON pg_catalog.pg_namespace.oid = pg_catalog.pg_class.relnamespace 
WHERE pg_catalog.pg_class.relname = %(table_name)s AND pg_catalog.pg_class.relkind = ANY (ARRAY[%(param_1)s, %(param_2)s, %(param_3)s, %(param_4)s, %(param_5)s]) AND pg_catalog.pg_table_is_visible(pg_catalog.pg_class.oid) AND pg_catalog.pg_namespace.nspname != %(nspname_1)s
2025-12-06 20:24:48,354 - sqlalchemy.engine.Engine - INFO - [generated in 0.00057s] {'table_name': 'projects', 'param_1': 'r', 'param_2': 'p', 'param_3': 'f', 'param_4': 'v', 'param_5': 'm', 'nspname_1': 'pg_catalog'}
2025-12-06 20:24:48,360 - sqlalchemy.engine.Engine - INFO - SELECT pg_catalog.pg_class.relname 
FROM pg_catalog.pg_class JOIN pg_catalog.pg_namespace ON pg_catalog.pg_namespace.oid = pg_catalog.pg_class.relnamespace 
WHERE pg_catalog.pg_class.relname = %(table_name)s AND pg_catalog.pg_class.relkind = ANY (ARRAY[%(param_1)s, %(param_2)s, %(param_3)s, %(param_4)s, %(param_5)s]) AND pg_catalog.pg_table_is_visible(pg_catalog.pg_class.oid) AND pg_catalog.pg_namespace.nspname != %(nspname_1)s
2025-12-06 20:24:48,360 - sqlalchemy.engine.Engine - INFO - [cached since 0.006839s ago] {'table_name': 'testers', 'param_1': 'r', 'param_2': 'p', 'param_3': 'f', 'param_4': 'v', 'param_5': 'm', 'nspname_1': 'pg_catalog'}
2025-12-06 20:24:48,362 - sqlalchemy.engine.Engine - INFO - SELECT pg_catalog.pg_class.relname 
FROM pg_catalog.pg_class JOIN pg_catalog.pg_namespace ON pg_catalog.pg_namespace.oid = pg_catalog.pg_class.relnamespace 
WHERE pg_catalog.pg_class.relname = %(table_name)s AND pg_catalog.pg_class.relkind = ANY (ARRAY[%(param_1)s, %(param_2)s, %(param_3)s, %(param_4)s, %(param_5)s]) AND pg_catalog.pg_table_is_visible(pg_catalog.pg_class.oid) AND pg_catalog.pg_namespace.nspname != %(nspname_1)s
2025-12-06 20:24:48,362 - sqlalchemy.engine.Engine - INFO - [cached since 0.009018s ago] {'table_name': 'tickets', 'param_1': 'r', 'param_2': 'p', 'param_3': 'f', 'param_4': 'v', 'param_5': 'm', 'nspname_1': 'pg_catalog'}
2025-12-06 20:24:48,363 - sqlalchemy.engine.Engine - INFO - SELECT pg_catalog.pg_class.relname 
FROM pg_catalog.pg_class JOIN pg_catalog.pg_namespace ON pg_catalog.pg_namespace.oid = pg_catalog.pg_class.relnamespace 
WHERE pg_catalog.pg_class.relname = %(table_name)s AND pg_catalog.pg_class.relkind = ANY (ARRAY[%(param_1)s, %(param_2)s, %(param_3)s, %(param_4)s, %(param_5)s]) AND pg_catalog.pg_table_is_visible(pg_catalog.pg_class.oid) AND pg_catalog.pg_namespace.nspname != %(nspname_1)s
2025-12-06 20:24:48,363 - sqlalchemy.engine.Engine - INFO - [cached since 0.01162s ago] {'table_name': 'test_executions', 'param_1': 'r', 'param_2': 'p', 'param_3': 'f', 'param_4': 'v', 'param_5': 'm', 'nspname_1': 'pg_catalog'}
2025-12-06 20:24:48,363 - sqlalchemy.engine.Engine - INFO - SELECT pg_catalog.pg_class.relname 
FROM pg_catalog.pg_class JOIN pg_catalog.pg_namespace ON pg_catalog.pg_namespace.oid = pg_catalog.pg_class.relnamespace 
WHERE pg_catalog.pg_class.relname = %(table_name)s AND pg_catalog.pg_class.relkind = ANY (ARRAY[%(param_1)s, %(param_2)s, %(param_3)s, %(param_4)s, %(param_5)s]) AND pg_catalog.pg_table_is_visible(pg_catalog.pg_class.oid) AND pg_catalog.pg_namespace.nspname != %(nspname_1)s
2025-12-06 20:24:48,363 - sqlalchemy.engine.Engine - INFO - [cached since 0.01385s ago] {'table_name': 'execution_steps', 'param_1': 'r', 'param_2': 'p', 'param_3': 'f', 'param_4': 'v', 'param_5': 'm', 'nspname_1': 'pg_catalog'}
2025-12-06 20:24:48,363 - sqlalchemy.engine.Engine - INFO - SELECT pg_catalog.pg_class.relname 
FROM pg_catalog.pg_class JOIN pg_catalog.pg_namespace ON pg_catalog.pg_namespace.oid = pg_catalog.pg_class.relnamespace 
WHERE pg_catalog.pg_class.relname = %(table_name)s AND pg_catalog.pg_class.relkind = ANY (ARRAY[%(param_1)s, %(param_2)s, %(param_3)s, %(param_4)s, %(param_5)s]) AND pg_catalog.pg_table_is_visible(pg_catalog.pg_class.oid) AND pg_catalog.pg_namespace.nspname != %(nspname_1)s
2025-12-06 20:24:48,363 - sqlalchemy.engine.Engine - INFO - [cached since 0.01572s ago] {'table_name': 'project_configs', 'param_1': 'r', 'param_2': 'p', 'param_3': 'f', 'param_4': 'v', 'param_5': 'm', 'nspname_1': 'pg_catalog'}
2025-12-06 20:24:48,363 - sqlalchemy.engine.Engine - INFO - COMMIT
2025-12-06 20:24:48,363 - TestAutomationAPI - INFO - Database tables verified
2025-12-06 20:30:19,078 - TestAutomationAPI - INFO - Starting Test Automation API...
2025-12-06 20:30:19,169 - sqlalchemy.engine.Engine - INFO - select pg_catalog.version()
2025-12-06 20:30:19,169 - sqlalchemy.engine.Engine - INFO - [raw sql] {}
2025-12-06 20:30:19,174 - sqlalchemy.engine.Engine - INFO - select current_schema()
2025-12-06 20:30:19,174 - sqlalchemy.engine.Engine - INFO - [raw sql] {}
2025-12-06 20:30:19,178 - sqlalchemy.engine.Engine - INFO - show standard_conforming_strings
2025-12-06 20:30:19,178 - sqlalchemy.engine.Engine - INFO - [raw sql] {}
2025-12-06 20:30:19,178 - sqlalchemy.engine.Engine - INFO - BEGIN (implicit)
2025-12-06 20:30:19,183 - sqlalchemy.engine.Engine - INFO - SELECT pg_catalog.pg_class.relname 
FROM pg_catalog.pg_class JOIN pg_catalog.pg_namespace ON pg_catalog.pg_namespace.oid = pg_catalog.pg_class.relnamespace 
WHERE pg_catalog.pg_class.relname = %(table_name)s AND pg_catalog.pg_class.relkind = ANY (ARRAY[%(param_1)s, %(param_2)s, %(param_3)s, %(param_4)s, %(param_5)s]) AND pg_catalog.pg_table_is_visible(pg_catalog.pg_class.oid) AND pg_catalog.pg_namespace.nspname != %(nspname_1)s
2025-12-06 20:30:19,185 - sqlalchemy.engine.Engine - INFO - [generated in 0.00079s] {'table_name': 'projects', 'param_1': 'r', 'param_2': 'p', 'param_3': 'f', 'param_4': 'v', 'param_5': 'm', 'nspname_1': 'pg_catalog'}
2025-12-06 20:30:19,189 - sqlalchemy.engine.Engine - INFO - SELECT pg_catalog.pg_class.relname 
FROM pg_catalog.pg_class JOIN pg_catalog.pg_namespace ON pg_catalog.pg_namespace.oid = pg_catalog.pg_class.relnamespace 
WHERE pg_catalog.pg_class.relname = %(table_name)s AND pg_catalog.pg_class.relkind = ANY (ARRAY[%(param_1)s, %(param_2)s, %(param_3)s, %(param_4)s, %(param_5)s]) AND pg_catalog.pg_table_is_visible(pg_catalog.pg_class.oid) AND pg_catalog.pg_namespace.nspname != %(nspname_1)s
2025-12-06 20:30:19,191 - sqlalchemy.engine.Engine - INFO - [cached since 0.007618s ago] {'table_name': 'testers', 'param_1': 'r', 'param_2': 'p', 'param_3': 'f', 'param_4': 'v', 'param_5': 'm', 'nspname_1': 'pg_catalog'}
2025-12-06 20:30:19,193 - sqlalchemy.engine.Engine - INFO - SELECT pg_catalog.pg_class.relname 
FROM pg_catalog.pg_class JOIN pg_catalog.pg_namespace ON pg_catalog.pg_namespace.oid = pg_catalog.pg_class.relnamespace 
WHERE pg_catalog.pg_class.relname = %(table_name)s AND pg_catalog.pg_class.relkind = ANY (ARRAY[%(param_1)s, %(param_2)s, %(param_3)s, %(param_4)s, %(param_5)s]) AND pg_catalog.pg_table_is_visible(pg_catalog.pg_class.oid) AND pg_catalog.pg_namespace.nspname != %(nspname_1)s
2025-12-06 20:30:19,194 - sqlalchemy.engine.Engine - INFO - [cached since 0.01027s ago] {'table_name': 'tickets', 'param_1': 'r', 'param_2': 'p', 'param_3': 'f', 'param_4': 'v', 'param_5': 'm', 'nspname_1': 'pg_catalog'}
2025-12-06 20:30:19,196 - sqlalchemy.engine.Engine - INFO - SELECT pg_catalog.pg_class.relname 
FROM pg_catalog.pg_class JOIN pg_catalog.pg_namespace ON pg_catalog.pg_namespace.oid = pg_catalog.pg_class.relnamespace 
WHERE pg_catalog.pg_class.relname = %(table_name)s AND pg_catalog.pg_class.relkind = ANY (ARRAY[%(param_1)s, %(param_2)s, %(param_3)s, %(param_4)s, %(param_5)s]) AND pg_catalog.pg_table_is_visible(pg_catalog.pg_class.oid) AND pg_catalog.pg_namespace.nspname != %(nspname_1)s
2025-12-06 20:30:19,196 - sqlalchemy.engine.Engine - INFO - [cached since 0.01249s ago] {'table_name': 'test_executions', 'param_1': 'r', 'param_2': 'p', 'param_3': 'f', 'param_4': 'v', 'param_5': 'm', 'nspname_1': 'pg_catalog'}
2025-12-06 20:30:19,198 - sqlalchemy.engine.Engine - INFO - SELECT pg_catalog.pg_class.relname 
FROM pg_catalog.pg_class JOIN pg_catalog.pg_namespace ON pg_catalog.pg_namespace.oid = pg_catalog.pg_class.relnamespace 
WHERE pg_catalog.pg_class.relname = %(table_name)s AND pg_catalog.pg_class.relkind = ANY (ARRAY[%(param_1)s, %(param_2)s, %(param_3)s, %(param_4)s, %(param_5)s]) AND pg_catalog.pg_table_is_visible(pg_catalog.pg_class.oid) AND pg_catalog.pg_namespace.nspname != %(nspname_1)s
2025-12-06 20:30:19,198 - sqlalchemy.engine.Engine - INFO - [cached since 0.01464s ago] {'table_name': 'execution_steps', 'param_1': 'r', 'param_2': 'p', 'param_3': 'f', 'param_4': 'v', 'param_5': 'm', 'nspname_1': 'pg_catalog'}
2025-12-06 20:30:19,199 - sqlalchemy.engine.Engine - INFO - SELECT pg_catalog.pg_class.relname 
FROM pg_catalog.pg_class JOIN pg_catalog.pg_namespace ON pg_catalog.pg_namespace.oid = pg_catalog.pg_class.relnamespace 
WHERE pg_catalog.pg_class.relname = %(table_name)s AND pg_catalog.pg_class.relkind = ANY (ARRAY[%(param_1)s, %(param_2)s, %(param_3)s, %(param_4)s, %(param_5)s]) AND pg_catalog.pg_table_is_visible(pg_catalog.pg_class.oid) AND pg_catalog.pg_namespace.nspname != %(nspname_1)s
2025-12-06 20:30:19,199 - sqlalchemy.engine.Engine - INFO - [cached since 0.01715s ago] {'table_name': 'project_configs', 'param_1': 'r', 'param_2': 'p', 'param_3': 'f', 'param_4': 'v', 'param_5': 'm', 'nspname_1': 'pg_catalog'}
2025-12-06 20:30:19,199 - sqlalchemy.engine.Engine - INFO - COMMIT
2025-12-06 20:30:19,199 - TestAutomationAPI - INFO - Database tables verified
2025-12-06 20:32:58,160 - TestAutomationAPI - INFO - Starting Test Automation API...
2025-12-06 20:32:58,238 - sqlalchemy.engine.Engine - INFO - select pg_catalog.version()
2025-12-06 20:32:58,239 - sqlalchemy.engine.Engine - INFO - [raw sql] {}
2025-12-06 20:32:58,241 - sqlalchemy.engine.Engine - INFO - select current_schema()
2025-12-06 20:32:58,242 - sqlalchemy.engine.Engine - INFO - [raw sql] {}
2025-12-06 20:32:58,243 - sqlalchemy.engine.Engine - INFO - show standard_conforming_strings
2025-12-06 20:32:58,243 - sqlalchemy.engine.Engine - INFO - [raw sql] {}
2025-12-06 20:32:58,244 - sqlalchemy.engine.Engine - INFO - BEGIN (implicit)
2025-12-06 20:32:58,249 - sqlalchemy.engine.Engine - INFO - SELECT pg_catalog.pg_class.relname 
FROM pg_catalog.pg_class JOIN pg_catalog.pg_namespace ON pg_catalog.pg_namespace.oid = pg_catalog.pg_class.relnamespace 
WHERE pg_catalog.pg_class.relname = %(table_name)s AND pg_catalog.pg_class.relkind = ANY (ARRAY[%(param_1)s, %(param_2)s, %(param_3)s, %(param_4)s, %(param_5)s]) AND pg_catalog.pg_table_is_visible(pg_catalog.pg_class.oid) AND pg_catalog.pg_namespace.nspname != %(nspname_1)s
2025-12-06 20:32:58,249 - sqlalchemy.engine.Engine - INFO - [generated in 0.00068s] {'table_name': 'projects', 'param_1': 'r', 'param_2': 'p', 'param_3': 'f', 'param_4': 'v', 'param_5': 'm', 'nspname_1': 'pg_catalog'}
2025-12-06 20:32:58,254 - sqlalchemy.engine.Engine - INFO - SELECT pg_catalog.pg_class.relname 
FROM pg_catalog.pg_class JOIN pg_catalog.pg_namespace ON pg_catalog.pg_namespace.oid = pg_catalog.pg_class.relnamespace 
WHERE pg_catalog.pg_class.relname = %(table_name)s AND pg_catalog.pg_class.relkind = ANY (ARRAY[%(param_1)s, %(param_2)s, %(param_3)s, %(param_4)s, %(param_5)s]) AND pg_catalog.pg_table_is_visible(pg_catalog.pg_class.oid) AND pg_catalog.pg_namespace.nspname != %(nspname_1)s
2025-12-06 20:32:58,255 - sqlalchemy.engine.Engine - INFO - [cached since 0.006934s ago] {'table_name': 'testers', 'param_1': 'r', 'param_2': 'p', 'param_3': 'f', 'param_4': 'v', 'param_5': 'm', 'nspname_1': 'pg_catalog'}
2025-12-06 20:32:58,255 - sqlalchemy.engine.Engine - INFO - SELECT pg_catalog.pg_class.relname 
FROM pg_catalog.pg_class JOIN pg_catalog.pg_namespace ON pg_catalog.pg_namespace.oid = pg_catalog.pg_class.relnamespace 
WHERE pg_catalog.pg_class.relname = %(table_name)s AND pg_catalog.pg_class.relkind = ANY (ARRAY[%(param_1)s, %(param_2)s, %(param_3)s, %(param_4)s, %(param_5)s]) AND pg_catalog.pg_table_is_visible(pg_catalog.pg_class.oid) AND pg_catalog.pg_namespace.nspname != %(nspname_1)s
2025-12-06 20:32:58,255 - sqlalchemy.engine.Engine - INFO - [cached since 0.009386s ago] {'table_name': 'tickets', 'param_1': 'r', 'param_2': 'p', 'param_3': 'f', 'param_4': 'v', 'param_5': 'm', 'nspname_1': 'pg_catalog'}
2025-12-06 20:32:58,255 - sqlalchemy.engine.Engine - INFO - SELECT pg_catalog.pg_class.relname 
FROM pg_catalog.pg_class JOIN pg_catalog.pg_namespace ON pg_catalog.pg_namespace.oid = pg_catalog.pg_class.relnamespace 
WHERE pg_catalog.pg_class.relname = %(table_name)s AND pg_catalog.pg_class.relkind = ANY (ARRAY[%(param_1)s, %(param_2)s, %(param_3)s, %(param_4)s, %(param_5)s]) AND pg_catalog.pg_table_is_visible(pg_catalog.pg_class.oid) AND pg_catalog.pg_namespace.nspname != %(nspname_1)s
2025-12-06 20:32:58,255 - sqlalchemy.engine.Engine - INFO - [cached since 0.01087s ago] {'table_name': 'test_executions', 'param_1': 'r', 'param_2': 'p', 'param_3': 'f', 'param_4': 'v', 'param_5': 'm', 'nspname_1': 'pg_catalog'}
2025-12-06 20:32:58,260 - sqlalchemy.engine.Engine - INFO - SELECT pg_catalog.pg_class.relname 
FROM pg_catalog.pg_class JOIN pg_catalog.pg_namespace ON pg_catalog.pg_namespace.oid = pg_catalog.pg_class.relnamespace 
WHERE pg_catalog.pg_class.relname = %(table_name)s AND pg_catalog.pg_class.relkind = ANY (ARRAY[%(param_1)s, %(param_2)s, %(param_3)s, %(param_4)s, %(param_5)s]) AND pg_catalog.pg_table_is_visible(pg_catalog.pg_class.oid) AND pg_catalog.pg_namespace.nspname != %(nspname_1)s
2025-12-06 20:32:58,260 - sqlalchemy.engine.Engine - INFO - [cached since 0.0125s ago] {'table_name': 'execution_steps', 'param_1': 'r', 'param_2': 'p', 'param_3': 'f', 'param_4': 'v', 'param_5': 'm', 'nspname_1': 'pg_catalog'}
2025-12-06 20:32:58,260 - sqlalchemy.engine.Engine - INFO - SELECT pg_catalog.pg_class.relname 
FROM pg_catalog.pg_class JOIN pg_catalog.pg_namespace ON pg_catalog.pg_namespace.oid = pg_catalog.pg_class.relnamespace 
WHERE pg_catalog.pg_class.relname = %(table_name)s AND pg_catalog.pg_class.relkind = ANY (ARRAY[%(param_1)s, %(param_2)s, %(param_3)s, %(param_4)s, %(param_5)s]) AND pg_catalog.pg_table_is_visible(pg_catalog.pg_class.oid) AND pg_catalog.pg_namespace.nspname != %(nspname_1)s
2025-12-06 20:32:58,260 - sqlalchemy.engine.Engine - INFO - [cached since 0.01401s ago] {'table_name': 'project_configs', 'param_1': 'r', 'param_2': 'p', 'param_3': 'f', 'param_4': 'v', 'param_5': 'm', 'nspname_1': 'pg_catalog'}
2025-12-06 20:32:58,260 - sqlalchemy.engine.Engine - INFO - COMMIT
2025-12-06 20:32:58,260 - TestAutomationAPI - INFO - Database tables verified
2025-12-06 20:33:01,966 - TestAutomationAPI - INFO - Starting Test Automation API...
2025-12-06 20:33:02,060 - sqlalchemy.engine.Engine - INFO - select pg_catalog.version()
2025-12-06 20:33:02,061 - sqlalchemy.engine.Engine - INFO - [raw sql] {}
2025-12-06 20:33:02,063 - sqlalchemy.engine.Engine - INFO - select current_schema()
2025-12-06 20:33:02,063 - sqlalchemy.engine.Engine - INFO - [raw sql] {}
2025-12-06 20:33:02,064 - sqlalchemy.engine.Engine - INFO - show standard_conforming_strings
2025-12-06 20:33:02,064 - sqlalchemy.engine.Engine - INFO - [raw sql] {}
2025-12-06 20:33:02,065 - sqlalchemy.engine.Engine - INFO - BEGIN (implicit)
2025-12-06 20:33:02,071 - sqlalchemy.engine.Engine - INFO - SELECT pg_catalog.pg_class.relname 
FROM pg_catalog.pg_class JOIN pg_catalog.pg_namespace ON pg_catalog.pg_namespace.oid = pg_catalog.pg_class.relnamespace 
WHERE pg_catalog.pg_class.relname = %(table_name)s AND pg_catalog.pg_class.relkind = ANY (ARRAY[%(param_1)s, %(param_2)s, %(param_3)s, %(param_4)s, %(param_5)s]) AND pg_catalog.pg_table_is_visible(pg_catalog.pg_class.oid) AND pg_catalog.pg_namespace.nspname != %(nspname_1)s
2025-12-06 20:33:02,072 - sqlalchemy.engine.Engine - INFO - [generated in 0.00090s] {'table_name': 'projects', 'param_1': 'r', 'param_2': 'p', 'param_3': 'f', 'param_4': 'v', 'param_5': 'm', 'nspname_1': 'pg_catalog'}
2025-12-06 20:33:02,077 - sqlalchemy.engine.Engine - INFO - SELECT pg_catalog.pg_class.relname 
FROM pg_catalog.pg_class JOIN pg_catalog.pg_namespace ON pg_catalog.pg_namespace.oid = pg_catalog.pg_class.relnamespace 
WHERE pg_catalog.pg_class.relname = %(table_name)s AND pg_catalog.pg_class.relkind = ANY (ARRAY[%(param_1)s, %(param_2)s, %(param_3)s, %(param_4)s, %(param_5)s]) AND pg_catalog.pg_table_is_visible(pg_catalog.pg_class.oid) AND pg_catalog.pg_namespace.nspname != %(nspname_1)s
2025-12-06 20:33:02,078 - sqlalchemy.engine.Engine - INFO - [cached since 0.006946s ago] {'table_name': 'testers', 'param_1': 'r', 'param_2': 'p', 'param_3': 'f', 'param_4': 'v', 'param_5': 'm', 'nspname_1': 'pg_catalog'}
2025-12-06 20:33:02,079 - sqlalchemy.engine.Engine - INFO - SELECT pg_catalog.pg_class.relname 
FROM pg_catalog.pg_class JOIN pg_catalog.pg_namespace ON pg_catalog.pg_namespace.oid = pg_catalog.pg_class.relnamespace 
WHERE pg_catalog.pg_class.relname = %(table_name)s AND pg_catalog.pg_class.relkind = ANY (ARRAY[%(param_1)s, %(param_2)s, %(param_3)s, %(param_4)s, %(param_5)s]) AND pg_catalog.pg_table_is_visible(pg_catalog.pg_class.oid) AND pg_catalog.pg_namespace.nspname != %(nspname_1)s
2025-12-06 20:33:02,080 - sqlalchemy.engine.Engine - INFO - [cached since 0.009043s ago] {'table_name': 'tickets', 'param_1': 'r', 'param_2': 'p', 'param_3': 'f', 'param_4': 'v', 'param_5': 'm', 'nspname_1': 'pg_catalog'}
2025-12-06 20:33:02,081 - sqlalchemy.engine.Engine - INFO - SELECT pg_catalog.pg_class.relname 
FROM pg_catalog.pg_class JOIN pg_catalog.pg_namespace ON pg_catalog.pg_namespace.oid = pg_catalog.pg_class.relnamespace 
WHERE pg_catalog.pg_class.relname = %(table_name)s AND pg_catalog.pg_class.relkind = ANY (ARRAY[%(param_1)s, %(param_2)s, %(param_3)s, %(param_4)s, %(param_5)s]) AND pg_catalog.pg_table_is_visible(pg_catalog.pg_class.oid) AND pg_catalog.pg_namespace.nspname != %(nspname_1)s
2025-12-06 20:33:02,082 - sqlalchemy.engine.Engine - INFO - [cached since 0.01086s ago] {'table_name': 'test_executions', 'param_1': 'r', 'param_2': 'p', 'param_3': 'f', 'param_4': 'v', 'param_5': 'm', 'nspname_1': 'pg_catalog'}
2025-12-06 20:33:02,083 - sqlalchemy.engine.Engine - INFO - SELECT pg_catalog.pg_class.relname 
FROM pg_catalog.pg_class JOIN pg_catalog.pg_namespace ON pg_catalog.pg_namespace.oid = pg_catalog.pg_class.relnamespace 
WHERE pg_catalog.pg_class.relname = %(table_name)s AND pg_catalog.pg_class.relkind = ANY (ARRAY[%(param_1)s, %(param_2)s, %(param_3)s, %(param_4)s, %(param_5)s]) AND pg_catalog.pg_table_is_visible(pg_catalog.pg_class.oid) AND pg_catalog.pg_namespace.nspname != %(nspname_1)s
2025-12-06 20:33:02,083 - sqlalchemy.engine.Engine - INFO - [cached since 0.01268s ago] {'table_name': 'execution_steps', 'param_1': 'r', 'param_2': 'p', 'param_3': 'f', 'param_4': 'v', 'param_5': 'm', 'nspname_1': 'pg_catalog'}
2025-12-06 20:33:02,084 - sqlalchemy.engine.Engine - INFO - SELECT pg_catalog.pg_class.relname 
FROM pg_catalog.pg_class JOIN pg_catalog.pg_namespace ON pg_catalog.pg_namespace.oid = pg_catalog.pg_class.relnamespace 
WHERE pg_catalog.pg_class.relname = %(table_name)s AND pg_catalog.pg_class.relkind = ANY (ARRAY[%(param_1)s, %(param_2)s, %(param_3)s, %(param_4)s, %(param_5)s]) AND pg_catalog.pg_table_is_visible(pg_catalog.pg_class.oid) AND pg_catalog.pg_namespace.nspname != %(nspname_1)s
2025-12-06 20:33:02,085 - sqlalchemy.engine.Engine - INFO - [cached since 0.01448s ago] {'table_name': 'project_configs', 'param_1': 'r', 'param_2': 'p', 'param_3': 'f', 'param_4': 'v', 'param_5': 'm', 'nspname_1': 'pg_catalog'}
2025-12-06 20:33:02,087 - sqlalchemy.engine.Engine - INFO - COMMIT
2025-12-06 20:33:02,088 - TestAutomationAPI - INFO - Database tables verified
2025-12-06 20:33:44,556 - TestAutomationAPI - INFO - Starting Test Automation API...
2025-12-06 20:33:44,646 - sqlalchemy.engine.Engine - INFO - select pg_catalog.version()
2025-12-06 20:33:44,646 - sqlalchemy.engine.Engine - INFO - [raw sql] {}
2025-12-06 20:33:44,653 - sqlalchemy.engine.Engine - INFO - select current_schema()
2025-12-06 20:33:44,653 - sqlalchemy.engine.Engine - INFO - [raw sql] {}
2025-12-06 20:33:44,654 - sqlalchemy.engine.Engine - INFO - show standard_conforming_strings
2025-12-06 20:33:44,655 - sqlalchemy.engine.Engine - INFO - [raw sql] {}
2025-12-06 20:33:44,656 - sqlalchemy.engine.Engine - INFO - BEGIN (implicit)
2025-12-06 20:33:44,659 - sqlalchemy.engine.Engine - INFO - SELECT pg_catalog.pg_class.relname 
FROM pg_catalog.pg_class JOIN pg_catalog.pg_namespace ON pg_catalog.pg_namespace.oid = pg_catalog.pg_class.relnamespace 
WHERE pg_catalog.pg_class.relname = %(table_name)s AND pg_catalog.pg_class.relkind = ANY (ARRAY[%(param_1)s, %(param_2)s, %(param_3)s, %(param_4)s, %(param_5)s]) AND pg_catalog.pg_table_is_visible(pg_catalog.pg_class.oid) AND pg_catalog.pg_namespace.nspname != %(nspname_1)s
2025-12-06 20:33:44,659 - sqlalchemy.engine.Engine - INFO - [generated in 0.00068s] {'table_name': 'projects', 'param_1': 'r', 'param_2': 'p', 'param_3': 'f', 'param_4': 'v', 'param_5': 'm', 'nspname_1': 'pg_catalog'}
2025-12-06 20:33:44,666 - sqlalchemy.engine.Engine - INFO - SELECT pg_catalog.pg_class.relname 
FROM pg_catalog.pg_class JOIN pg_catalog.pg_namespace ON pg_catalog.pg_namespace.oid = pg_catalog.pg_class.relnamespace 
WHERE pg_catalog.pg_class.relname = %(table_name)s AND pg_catalog.pg_class.relkind = ANY (ARRAY[%(param_1)s, %(param_2)s, %(param_3)s, %(param_4)s, %(param_5)s]) AND pg_catalog.pg_table_is_visible(pg_catalog.pg_class.oid) AND pg_catalog.pg_namespace.nspname != %(nspname_1)s
2025-12-06 20:33:44,666 - sqlalchemy.engine.Engine - INFO - [cached since 0.006515s ago] {'table_name': 'testers', 'param_1': 'r', 'param_2': 'p', 'param_3': 'f', 'param_4': 'v', 'param_5': 'm', 'nspname_1': 'pg_catalog'}
2025-12-06 20:33:44,668 - sqlalchemy.engine.Engine - INFO - SELECT pg_catalog.pg_class.relname 
FROM pg_catalog.pg_class JOIN pg_catalog.pg_namespace ON pg_catalog.pg_namespace.oid = pg_catalog.pg_class.relnamespace 
WHERE pg_catalog.pg_class.relname = %(table_name)s AND pg_catalog.pg_class.relkind = ANY (ARRAY[%(param_1)s, %(param_2)s, %(param_3)s, %(param_4)s, %(param_5)s]) AND pg_catalog.pg_table_is_visible(pg_catalog.pg_class.oid) AND pg_catalog.pg_namespace.nspname != %(nspname_1)s
2025-12-06 20:33:44,668 - sqlalchemy.engine.Engine - INFO - [cached since 0.008603s ago] {'table_name': 'tickets', 'param_1': 'r', 'param_2': 'p', 'param_3': 'f', 'param_4': 'v', 'param_5': 'm', 'nspname_1': 'pg_catalog'}
2025-12-06 20:33:44,670 - sqlalchemy.engine.Engine - INFO - SELECT pg_catalog.pg_class.relname 
FROM pg_catalog.pg_class JOIN pg_catalog.pg_namespace ON pg_catalog.pg_namespace.oid = pg_catalog.pg_class.relnamespace 
WHERE pg_catalog.pg_class.relname = %(table_name)s AND pg_catalog.pg_class.relkind = ANY (ARRAY[%(param_1)s, %(param_2)s, %(param_3)s, %(param_4)s, %(param_5)s]) AND pg_catalog.pg_table_is_visible(pg_catalog.pg_class.oid) AND pg_catalog.pg_namespace.nspname != %(nspname_1)s
2025-12-06 20:33:44,671 - sqlalchemy.engine.Engine - INFO - [cached since 0.01109s ago] {'table_name': 'test_executions', 'param_1': 'r', 'param_2': 'p', 'param_3': 'f', 'param_4': 'v', 'param_5': 'm', 'nspname_1': 'pg_catalog'}
2025-12-06 20:33:44,671 - sqlalchemy.engine.Engine - INFO - SELECT pg_catalog.pg_class.relname 
FROM pg_catalog.pg_class JOIN pg_catalog.pg_namespace ON pg_catalog.pg_namespace.oid = pg_catalog.pg_class.relnamespace 
WHERE pg_catalog.pg_class.relname = %(table_name)s AND pg_catalog.pg_class.relkind = ANY (ARRAY[%(param_1)s, %(param_2)s, %(param_3)s, %(param_4)s, %(param_5)s]) AND pg_catalog.pg_table_is_visible(pg_catalog.pg_class.oid) AND pg_catalog.pg_namespace.nspname != %(nspname_1)s
2025-12-06 20:33:44,671 - sqlalchemy.engine.Engine - INFO - [cached since 0.01362s ago] {'table_name': 'execution_steps', 'param_1': 'r', 'param_2': 'p', 'param_3': 'f', 'param_4': 'v', 'param_5': 'm', 'nspname_1': 'pg_catalog'}
2025-12-06 20:33:44,671 - sqlalchemy.engine.Engine - INFO - SELECT pg_catalog.pg_class.relname 
FROM pg_catalog.pg_class JOIN pg_catalog.pg_namespace ON pg_catalog.pg_namespace.oid = pg_catalog.pg_class.relnamespace 
WHERE pg_catalog.pg_class.relname = %(table_name)s AND pg_catalog.pg_class.relkind = ANY (ARRAY[%(param_1)s, %(param_2)s, %(param_3)s, %(param_4)s, %(param_5)s]) AND pg_catalog.pg_table_is_visible(pg_catalog.pg_class.oid) AND pg_catalog.pg_namespace.nspname != %(nspname_1)s
2025-12-06 20:33:44,676 - sqlalchemy.engine.Engine - INFO - [cached since 0.01561s ago] {'table_name': 'project_configs', 'param_1': 'r', 'param_2': 'p', 'param_3': 'f', 'param_4': 'v', 'param_5': 'm', 'nspname_1': 'pg_catalog'}
2025-12-06 20:33:44,676 - sqlalchemy.engine.Engine - INFO - COMMIT
2025-12-06 20:33:44,676 - TestAutomationAPI - INFO - Database tables verified
2025-12-06 20:47:54,171 - TestAutomationAPI - INFO - Starting Test Automation API...
2025-12-06 20:47:54,253 - sqlalchemy.engine.Engine - INFO - select pg_catalog.version()
2025-12-06 20:47:54,254 - sqlalchemy.engine.Engine - INFO - [raw sql] {}
2025-12-06 20:47:54,255 - sqlalchemy.engine.Engine - INFO - select current_schema()
2025-12-06 20:47:54,255 - sqlalchemy.engine.Engine - INFO - [raw sql] {}
2025-12-06 20:47:54,255 - sqlalchemy.engine.Engine - INFO - show standard_conforming_strings
2025-12-06 20:47:54,255 - sqlalchemy.engine.Engine - INFO - [raw sql] {}
2025-12-06 20:47:54,255 - sqlalchemy.engine.Engine - INFO - BEGIN (implicit)
2025-12-06 20:47:54,255 - sqlalchemy.engine.Engine - INFO - SELECT pg_catalog.pg_class.relname 
FROM pg_catalog.pg_class JOIN pg_catalog.pg_namespace ON pg_catalog.pg_namespace.oid = pg_catalog.pg_class.relnamespace 
WHERE pg_catalog.pg_class.relname = %(table_name)s AND pg_catalog.pg_class.relkind = ANY (ARRAY[%(param_1)s, %(param_2)s, %(param_3)s, %(param_4)s, %(param_5)s]) AND pg_catalog.pg_table_is_visible(pg_catalog.pg_class.oid) AND pg_catalog.pg_namespace.nspname != %(nspname_1)s
2025-12-06 20:47:54,255 - sqlalchemy.engine.Engine - INFO - [generated in 0.00063s] {'table_name': 'projects', 'param_1': 'r', 'param_2': 'p', 'param_3': 'f', 'param_4': 'v', 'param_5': 'm', 'nspname_1': 'pg_catalog'}
2025-12-06 20:47:54,271 - sqlalchemy.engine.Engine - INFO - SELECT pg_catalog.pg_class.relname 
FROM pg_catalog.pg_class JOIN pg_catalog.pg_namespace ON pg_catalog.pg_namespace.oid = pg_catalog.pg_class.relnamespace 
WHERE pg_catalog.pg_class.relname = %(table_name)s AND pg_catalog.pg_class.relkind = ANY (ARRAY[%(param_1)s, %(param_2)s, %(param_3)s, %(param_4)s, %(param_5)s]) AND pg_catalog.pg_table_is_visible(pg_catalog.pg_class.oid) AND pg_catalog.pg_namespace.nspname != %(nspname_1)s
2025-12-06 20:47:54,271 - sqlalchemy.engine.Engine - INFO - [cached since 0.007241s ago] {'table_name': 'testers', 'param_1': 'r', 'param_2': 'p', 'param_3': 'f', 'param_4': 'v', 'param_5': 'm', 'nspname_1': 'pg_catalog'}
2025-12-06 20:47:54,272 - sqlalchemy.engine.Engine - INFO - SELECT pg_catalog.pg_class.relname 
FROM pg_catalog.pg_class JOIN pg_catalog.pg_namespace ON pg_catalog.pg_namespace.oid = pg_catalog.pg_class.relnamespace 
WHERE pg_catalog.pg_class.relname = %(table_name)s AND pg_catalog.pg_class.relkind = ANY (ARRAY[%(param_1)s, %(param_2)s, %(param_3)s, %(param_4)s, %(param_5)s]) AND pg_catalog.pg_table_is_visible(pg_catalog.pg_class.oid) AND pg_catalog.pg_namespace.nspname != %(nspname_1)s
2025-12-06 20:47:54,272 - sqlalchemy.engine.Engine - INFO - [cached since 0.009746s ago] {'table_name': 'tickets', 'param_1': 'r', 'param_2': 'p', 'param_3': 'f', 'param_4': 'v', 'param_5': 'm', 'nspname_1': 'pg_catalog'}
2025-12-06 20:47:54,272 - sqlalchemy.engine.Engine - INFO - SELECT pg_catalog.pg_class.relname 
FROM pg_catalog.pg_class JOIN pg_catalog.pg_namespace ON pg_catalog.pg_namespace.oid = pg_catalog.pg_class.relnamespace 
WHERE pg_catalog.pg_class.relname = %(table_name)s AND pg_catalog.pg_class.relkind = ANY (ARRAY[%(param_1)s, %(param_2)s, %(param_3)s, %(param_4)s, %(param_5)s]) AND pg_catalog.pg_table_is_visible(pg_catalog.pg_class.oid) AND pg_catalog.pg_namespace.nspname != %(nspname_1)s
2025-12-06 20:47:54,272 - sqlalchemy.engine.Engine - INFO - [cached since 0.01172s ago] {'table_name': 'test_executions', 'param_1': 'r', 'param_2': 'p', 'param_3': 'f', 'param_4': 'v', 'param_5': 'm', 'nspname_1': 'pg_catalog'}
2025-12-06 20:47:54,276 - sqlalchemy.engine.Engine - INFO - SELECT pg_catalog.pg_class.relname 
FROM pg_catalog.pg_class JOIN pg_catalog.pg_namespace ON pg_catalog.pg_namespace.oid = pg_catalog.pg_class.relnamespace 
WHERE pg_catalog.pg_class.relname = %(table_name)s AND pg_catalog.pg_class.relkind = ANY (ARRAY[%(param_1)s, %(param_2)s, %(param_3)s, %(param_4)s, %(param_5)s]) AND pg_catalog.pg_table_is_visible(pg_catalog.pg_class.oid) AND pg_catalog.pg_namespace.nspname != %(nspname_1)s
2025-12-06 20:47:54,276 - sqlalchemy.engine.Engine - INFO - [cached since 0.01363s ago] {'table_name': 'execution_steps', 'param_1': 'r', 'param_2': 'p', 'param_3': 'f', 'param_4': 'v', 'param_5': 'm', 'nspname_1': 'pg_catalog'}
2025-12-06 20:47:54,276 - sqlalchemy.engine.Engine - INFO - SELECT pg_catalog.pg_class.relname 
FROM pg_catalog.pg_class JOIN pg_catalog.pg_namespace ON pg_catalog.pg_namespace.oid = pg_catalog.pg_class.relnamespace 
WHERE pg_catalog.pg_class.relname = %(table_name)s AND pg_catalog.pg_class.relkind = ANY (ARRAY[%(param_1)s, %(param_2)s, %(param_3)s, %(param_4)s, %(param_5)s]) AND pg_catalog.pg_table_is_visible(pg_catalog.pg_class.oid) AND pg_catalog.pg_namespace.nspname != %(nspname_1)s
2025-12-06 20:47:54,276 - sqlalchemy.engine.Engine - INFO - [cached since 0.01544s ago] {'table_name': 'project_configs', 'param_1': 'r', 'param_2': 'p', 'param_3': 'f', 'param_4': 'v', 'param_5': 'm', 'nspname_1': 'pg_catalog'}
2025-12-06 20:47:54,276 - sqlalchemy.engine.Engine - INFO - COMMIT
2025-12-06 20:47:54,276 - TestAutomationAPI - INFO - Database tables verified
2025-12-06 20:50:19,490 - TestAutomationAPI - INFO - Starting Test Automation API...
2025-12-06 20:50:19,585 - sqlalchemy.engine.Engine - INFO - select pg_catalog.version()
2025-12-06 20:50:19,585 - sqlalchemy.engine.Engine - INFO - [raw sql] {}
2025-12-06 20:50:19,588 - sqlalchemy.engine.Engine - INFO - select current_schema()
2025-12-06 20:50:19,588 - sqlalchemy.engine.Engine - INFO - [raw sql] {}
2025-12-06 20:50:19,588 - sqlalchemy.engine.Engine - INFO - show standard_conforming_strings
2025-12-06 20:50:19,588 - sqlalchemy.engine.Engine - INFO - [raw sql] {}
2025-12-06 20:50:19,588 - sqlalchemy.engine.Engine - INFO - BEGIN (implicit)
2025-12-06 20:50:19,598 - sqlalchemy.engine.Engine - INFO - SELECT pg_catalog.pg_class.relname 
FROM pg_catalog.pg_class JOIN pg_catalog.pg_namespace ON pg_catalog.pg_namespace.oid = pg_catalog.pg_class.relnamespace 
WHERE pg_catalog.pg_class.relname = %(table_name)s AND pg_catalog.pg_class.relkind = ANY (ARRAY[%(param_1)s, %(param_2)s, %(param_3)s, %(param_4)s, %(param_5)s]) AND pg_catalog.pg_table_is_visible(pg_catalog.pg_class.oid) AND pg_catalog.pg_namespace.nspname != %(nspname_1)s
2025-12-06 20:50:19,599 - sqlalchemy.engine.Engine - INFO - [generated in 0.00107s] {'table_name': 'projects', 'param_1': 'r', 'param_2': 'p', 'param_3': 'f', 'param_4': 'v', 'param_5': 'm', 'nspname_1': 'pg_catalog'}
2025-12-06 20:50:19,601 - sqlalchemy.engine.Engine - INFO - SELECT pg_catalog.pg_class.relname 
FROM pg_catalog.pg_class JOIN pg_catalog.pg_namespace ON pg_catalog.pg_namespace.oid = pg_catalog.pg_class.relnamespace 
WHERE pg_catalog.pg_class.relname = %(table_name)s AND pg_catalog.pg_class.relkind = ANY (ARRAY[%(param_1)s, %(param_2)s, %(param_3)s, %(param_4)s, %(param_5)s]) AND pg_catalog.pg_table_is_visible(pg_catalog.pg_class.oid) AND pg_catalog.pg_namespace.nspname != %(nspname_1)s
2025-12-06 20:50:19,601 - sqlalchemy.engine.Engine - INFO - [cached since 0.008231s ago] {'table_name': 'testers', 'param_1': 'r', 'param_2': 'p', 'param_3': 'f', 'param_4': 'v', 'param_5': 'm', 'nspname_1': 'pg_catalog'}
2025-12-06 20:50:19,601 - sqlalchemy.engine.Engine - INFO - SELECT pg_catalog.pg_class.relname 
FROM pg_catalog.pg_class JOIN pg_catalog.pg_namespace ON pg_catalog.pg_namespace.oid = pg_catalog.pg_class.relnamespace 
WHERE pg_catalog.pg_class.relname = %(table_name)s AND pg_catalog.pg_class.relkind = ANY (ARRAY[%(param_1)s, %(param_2)s, %(param_3)s, %(param_4)s, %(param_5)s]) AND pg_catalog.pg_table_is_visible(pg_catalog.pg_class.oid) AND pg_catalog.pg_namespace.nspname != %(nspname_1)s
2025-12-06 20:50:19,601 - sqlalchemy.engine.Engine - INFO - [cached since 0.01043s ago] {'table_name': 'tickets', 'param_1': 'r', 'param_2': 'p', 'param_3': 'f', 'param_4': 'v', 'param_5': 'm', 'nspname_1': 'pg_catalog'}
2025-12-06 20:50:19,601 - sqlalchemy.engine.Engine - INFO - SELECT pg_catalog.pg_class.relname 
FROM pg_catalog.pg_class JOIN pg_catalog.pg_namespace ON pg_catalog.pg_namespace.oid = pg_catalog.pg_class.relnamespace 
WHERE pg_catalog.pg_class.relname = %(table_name)s AND pg_catalog.pg_class.relkind = ANY (ARRAY[%(param_1)s, %(param_2)s, %(param_3)s, %(param_4)s, %(param_5)s]) AND pg_catalog.pg_table_is_visible(pg_catalog.pg_class.oid) AND pg_catalog.pg_namespace.nspname != %(nspname_1)s
2025-12-06 20:50:19,601 - sqlalchemy.engine.Engine - INFO - [cached since 0.01255s ago] {'table_name': 'test_executions', 'param_1': 'r', 'param_2': 'p', 'param_3': 'f', 'param_4': 'v', 'param_5': 'm', 'nspname_1': 'pg_catalog'}
2025-12-06 20:50:19,601 - sqlalchemy.engine.Engine - INFO - SELECT pg_catalog.pg_class.relname 
FROM pg_catalog.pg_class JOIN pg_catalog.pg_namespace ON pg_catalog.pg_namespace.oid = pg_catalog.pg_class.relnamespace 
WHERE pg_catalog.pg_class.relname = %(table_name)s AND pg_catalog.pg_class.relkind = ANY (ARRAY[%(param_1)s, %(param_2)s, %(param_3)s, %(param_4)s, %(param_5)s]) AND pg_catalog.pg_table_is_visible(pg_catalog.pg_class.oid) AND pg_catalog.pg_namespace.nspname != %(nspname_1)s
2025-12-06 20:50:19,601 - sqlalchemy.engine.Engine - INFO - [cached since 0.01478s ago] {'table_name': 'execution_steps', 'param_1': 'r', 'param_2': 'p', 'param_3': 'f', 'param_4': 'v', 'param_5': 'm', 'nspname_1': 'pg_catalog'}
2025-12-06 20:50:19,614 - sqlalchemy.engine.Engine - INFO - SELECT pg_catalog.pg_class.relname 
FROM pg_catalog.pg_class JOIN pg_catalog.pg_namespace ON pg_catalog.pg_namespace.oid = pg_catalog.pg_class.relnamespace 
WHERE pg_catalog.pg_class.relname = %(table_name)s AND pg_catalog.pg_class.relkind = ANY (ARRAY[%(param_1)s, %(param_2)s, %(param_3)s, %(param_4)s, %(param_5)s]) AND pg_catalog.pg_table_is_visible(pg_catalog.pg_class.oid) AND pg_catalog.pg_namespace.nspname != %(nspname_1)s
2025-12-06 20:50:19,614 - sqlalchemy.engine.Engine - INFO - [cached since 0.01717s ago] {'table_name': 'project_configs', 'param_1': 'r', 'param_2': 'p', 'param_3': 'f', 'param_4': 'v', 'param_5': 'm', 'nspname_1': 'pg_catalog'}
2025-12-06 20:50:19,616 - sqlalchemy.engine.Engine - INFO - COMMIT
2025-12-06 20:50:19,618 - TestAutomationAPI - INFO - Database tables verified
2025-12-06 20:50:25,197 - TestAutomationAPI - INFO - Starting Test Automation API...
2025-12-06 20:50:25,281 - sqlalchemy.engine.Engine - INFO - select pg_catalog.version()
2025-12-06 20:50:25,281 - sqlalchemy.engine.Engine - INFO - [raw sql] {}
2025-12-06 20:50:25,281 - sqlalchemy.engine.Engine - INFO - select current_schema()
2025-12-06 20:50:25,281 - sqlalchemy.engine.Engine - INFO - [raw sql] {}
2025-12-06 20:50:25,281 - sqlalchemy.engine.Engine - INFO - show standard_conforming_strings
2025-12-06 20:50:25,281 - sqlalchemy.engine.Engine - INFO - [raw sql] {}
2025-12-06 20:50:25,281 - sqlalchemy.engine.Engine - INFO - BEGIN (implicit)
2025-12-06 20:50:25,291 - sqlalchemy.engine.Engine - INFO - SELECT pg_catalog.pg_class.relname 
FROM pg_catalog.pg_class JOIN pg_catalog.pg_namespace ON pg_catalog.pg_namespace.oid = pg_catalog.pg_class.relnamespace 
WHERE pg_catalog.pg_class.relname = %(table_name)s AND pg_catalog.pg_class.relkind = ANY (ARRAY[%(param_1)s, %(param_2)s, %(param_3)s, %(param_4)s, %(param_5)s]) AND pg_catalog.pg_table_is_visible(pg_catalog.pg_class.oid) AND pg_catalog.pg_namespace.nspname != %(nspname_1)s
2025-12-06 20:50:25,293 - sqlalchemy.engine.Engine - INFO - [generated in 0.00072s] {'table_name': 'projects', 'param_1': 'r', 'param_2': 'p', 'param_3': 'f', 'param_4': 'v', 'param_5': 'm', 'nspname_1': 'pg_catalog'}
2025-12-06 20:50:25,299 - sqlalchemy.engine.Engine - INFO - SELECT pg_catalog.pg_class.relname 
FROM pg_catalog.pg_class JOIN pg_catalog.pg_namespace ON pg_catalog.pg_namespace.oid = pg_catalog.pg_class.relnamespace 
WHERE pg_catalog.pg_class.relname = %(table_name)s AND pg_catalog.pg_class.relkind = ANY (ARRAY[%(param_1)s, %(param_2)s, %(param_3)s, %(param_4)s, %(param_5)s]) AND pg_catalog.pg_table_is_visible(pg_catalog.pg_class.oid) AND pg_catalog.pg_namespace.nspname != %(nspname_1)s
2025-12-06 20:50:25,299 - sqlalchemy.engine.Engine - INFO - [cached since 0.007655s ago] {'table_name': 'testers', 'param_1': 'r', 'param_2': 'p', 'param_3': 'f', 'param_4': 'v', 'param_5': 'm', 'nspname_1': 'pg_catalog'}
2025-12-06 20:50:25,299 - sqlalchemy.engine.Engine - INFO - SELECT pg_catalog.pg_class.relname 
FROM pg_catalog.pg_class JOIN pg_catalog.pg_namespace ON pg_catalog.pg_namespace.oid = pg_catalog.pg_class.relnamespace 
WHERE pg_catalog.pg_class.relname = %(table_name)s AND pg_catalog.pg_class.relkind = ANY (ARRAY[%(param_1)s, %(param_2)s, %(param_3)s, %(param_4)s, %(param_5)s]) AND pg_catalog.pg_table_is_visible(pg_catalog.pg_class.oid) AND pg_catalog.pg_namespace.nspname != %(nspname_1)s
2025-12-06 20:50:25,299 - sqlalchemy.engine.Engine - INFO - [cached since 0.00996s ago] {'table_name': 'tickets', 'param_1': 'r', 'param_2': 'p', 'param_3': 'f', 'param_4': 'v', 'param_5': 'm', 'nspname_1': 'pg_catalog'}
2025-12-06 20:50:25,304 - sqlalchemy.engine.Engine - INFO - SELECT pg_catalog.pg_class.relname 
FROM pg_catalog.pg_class JOIN pg_catalog.pg_namespace ON pg_catalog.pg_namespace.oid = pg_catalog.pg_class.relnamespace 
WHERE pg_catalog.pg_class.relname = %(table_name)s AND pg_catalog.pg_class.relkind = ANY (ARRAY[%(param_1)s, %(param_2)s, %(param_3)s, %(param_4)s, %(param_5)s]) AND pg_catalog.pg_table_is_visible(pg_catalog.pg_class.oid) AND pg_catalog.pg_namespace.nspname != %(nspname_1)s
2025-12-06 20:50:25,304 - sqlalchemy.engine.Engine - INFO - [cached since 0.01164s ago] {'table_name': 'test_executions', 'param_1': 'r', 'param_2': 'p', 'param_3': 'f', 'param_4': 'v', 'param_5': 'm', 'nspname_1': 'pg_catalog'}
2025-12-06 20:50:25,304 - sqlalchemy.engine.Engine - INFO - SELECT pg_catalog.pg_class.relname 
FROM pg_catalog.pg_class JOIN pg_catalog.pg_namespace ON pg_catalog.pg_namespace.oid = pg_catalog.pg_class.relnamespace 
WHERE pg_catalog.pg_class.relname = %(table_name)s AND pg_catalog.pg_class.relkind = ANY (ARRAY[%(param_1)s, %(param_2)s, %(param_3)s, %(param_4)s, %(param_5)s]) AND pg_catalog.pg_table_is_visible(pg_catalog.pg_class.oid) AND pg_catalog.pg_namespace.nspname != %(nspname_1)s
2025-12-06 20:50:25,304 - sqlalchemy.engine.Engine - INFO - [cached since 0.01381s ago] {'table_name': 'execution_steps', 'param_1': 'r', 'param_2': 'p', 'param_3': 'f', 'param_4': 'v', 'param_5': 'm', 'nspname_1': 'pg_catalog'}
2025-12-06 20:50:25,304 - sqlalchemy.engine.Engine - INFO - SELECT pg_catalog.pg_class.relname 
FROM pg_catalog.pg_class JOIN pg_catalog.pg_namespace ON pg_catalog.pg_namespace.oid = pg_catalog.pg_class.relnamespace 
WHERE pg_catalog.pg_class.relname = %(table_name)s AND pg_catalog.pg_class.relkind = ANY (ARRAY[%(param_1)s, %(param_2)s, %(param_3)s, %(param_4)s, %(param_5)s]) AND pg_catalog.pg_table_is_visible(pg_catalog.pg_class.oid) AND pg_catalog.pg_namespace.nspname != %(nspname_1)s
2025-12-06 20:50:25,304 - sqlalchemy.engine.Engine - INFO - [cached since 0.01579s ago] {'table_name': 'project_configs', 'param_1': 'r', 'param_2': 'p', 'param_3': 'f', 'param_4': 'v', 'param_5': 'm', 'nspname_1': 'pg_catalog'}
2025-12-06 20:50:25,304 - sqlalchemy.engine.Engine - INFO - COMMIT
2025-12-06 20:50:25,304 - TestAutomationAPI - INFO - Database tables verified
2025-12-06 20:50:43,466 - TestAutomationAPI - INFO - Starting Test Automation API...
2025-12-06 20:50:43,547 - sqlalchemy.engine.Engine - INFO - select pg_catalog.version()
2025-12-06 20:50:43,547 - sqlalchemy.engine.Engine - INFO - [raw sql] {}
2025-12-06 20:50:43,547 - sqlalchemy.engine.Engine - INFO - select current_schema()
2025-12-06 20:50:43,547 - sqlalchemy.engine.Engine - INFO - [raw sql] {}
2025-12-06 20:50:43,552 - sqlalchemy.engine.Engine - INFO - show standard_conforming_strings
2025-12-06 20:50:43,552 - sqlalchemy.engine.Engine - INFO - [raw sql] {}
2025-12-06 20:50:43,554 - sqlalchemy.engine.Engine - INFO - BEGIN (implicit)
2025-12-06 20:50:43,558 - sqlalchemy.engine.Engine - INFO - SELECT pg_catalog.pg_class.relname 
FROM pg_catalog.pg_class JOIN pg_catalog.pg_namespace ON pg_catalog.pg_namespace.oid = pg_catalog.pg_class.relnamespace 
WHERE pg_catalog.pg_class.relname = %(table_name)s AND pg_catalog.pg_class.relkind = ANY (ARRAY[%(param_1)s, %(param_2)s, %(param_3)s, %(param_4)s, %(param_5)s]) AND pg_catalog.pg_table_is_visible(pg_catalog.pg_class.oid) AND pg_catalog.pg_namespace.nspname != %(nspname_1)s
2025-12-06 20:50:43,558 - sqlalchemy.engine.Engine - INFO - [generated in 0.00052s] {'table_name': 'projects', 'param_1': 'r', 'param_2': 'p', 'param_3': 'f', 'param_4': 'v', 'param_5': 'm', 'nspname_1': 'pg_catalog'}
2025-12-06 20:50:43,565 - sqlalchemy.engine.Engine - INFO - SELECT pg_catalog.pg_class.relname 
FROM pg_catalog.pg_class JOIN pg_catalog.pg_namespace ON pg_catalog.pg_namespace.oid = pg_catalog.pg_class.relnamespace 
WHERE pg_catalog.pg_class.relname = %(table_name)s AND pg_catalog.pg_class.relkind = ANY (ARRAY[%(param_1)s, %(param_2)s, %(param_3)s, %(param_4)s, %(param_5)s]) AND pg_catalog.pg_table_is_visible(pg_catalog.pg_class.oid) AND pg_catalog.pg_namespace.nspname != %(nspname_1)s
2025-12-06 20:50:43,565 - sqlalchemy.engine.Engine - INFO - [cached since 0.007292s ago] {'table_name': 'testers', 'param_1': 'r', 'param_2': 'p', 'param_3': 'f', 'param_4': 'v', 'param_5': 'm', 'nspname_1': 'pg_catalog'}
2025-12-06 20:50:43,565 - sqlalchemy.engine.Engine - INFO - SELECT pg_catalog.pg_class.relname 
FROM pg_catalog.pg_class JOIN pg_catalog.pg_namespace ON pg_catalog.pg_namespace.oid = pg_catalog.pg_class.relnamespace 
WHERE pg_catalog.pg_class.relname = %(table_name)s AND pg_catalog.pg_class.relkind = ANY (ARRAY[%(param_1)s, %(param_2)s, %(param_3)s, %(param_4)s, %(param_5)s]) AND pg_catalog.pg_table_is_visible(pg_catalog.pg_class.oid) AND pg_catalog.pg_namespace.nspname != %(nspname_1)s
2025-12-06 20:50:43,565 - sqlalchemy.engine.Engine - INFO - [cached since 0.009493s ago] {'table_name': 'tickets', 'param_1': 'r', 'param_2': 'p', 'param_3': 'f', 'param_4': 'v', 'param_5': 'm', 'nspname_1': 'pg_catalog'}
2025-12-06 20:50:43,565 - sqlalchemy.engine.Engine - INFO - SELECT pg_catalog.pg_class.relname 
FROM pg_catalog.pg_class JOIN pg_catalog.pg_namespace ON pg_catalog.pg_namespace.oid = pg_catalog.pg_class.relnamespace 
WHERE pg_catalog.pg_class.relname = %(table_name)s AND pg_catalog.pg_class.relkind = ANY (ARRAY[%(param_1)s, %(param_2)s, %(param_3)s, %(param_4)s, %(param_5)s]) AND pg_catalog.pg_table_is_visible(pg_catalog.pg_class.oid) AND pg_catalog.pg_namespace.nspname != %(nspname_1)s
2025-12-06 20:50:43,565 - sqlalchemy.engine.Engine - INFO - [cached since 0.01132s ago] {'table_name': 'test_executions', 'param_1': 'r', 'param_2': 'p', 'param_3': 'f', 'param_4': 'v', 'param_5': 'm', 'nspname_1': 'pg_catalog'}
2025-12-06 20:50:43,572 - sqlalchemy.engine.Engine - INFO - SELECT pg_catalog.pg_class.relname 
FROM pg_catalog.pg_class JOIN pg_catalog.pg_namespace ON pg_catalog.pg_namespace.oid = pg_catalog.pg_class.relnamespace 
WHERE pg_catalog.pg_class.relname = %(table_name)s AND pg_catalog.pg_class.relkind = ANY (ARRAY[%(param_1)s, %(param_2)s, %(param_3)s, %(param_4)s, %(param_5)s]) AND pg_catalog.pg_table_is_visible(pg_catalog.pg_class.oid) AND pg_catalog.pg_namespace.nspname != %(nspname_1)s
2025-12-06 20:50:43,572 - sqlalchemy.engine.Engine - INFO - [cached since 0.01338s ago] {'table_name': 'execution_steps', 'param_1': 'r', 'param_2': 'p', 'param_3': 'f', 'param_4': 'v', 'param_5': 'm', 'nspname_1': 'pg_catalog'}
2025-12-06 20:50:43,572 - sqlalchemy.engine.Engine - INFO - SELECT pg_catalog.pg_class.relname 
FROM pg_catalog.pg_class JOIN pg_catalog.pg_namespace ON pg_catalog.pg_namespace.oid = pg_catalog.pg_class.relnamespace 
WHERE pg_catalog.pg_class.relname = %(table_name)s AND pg_catalog.pg_class.relkind = ANY (ARRAY[%(param_1)s, %(param_2)s, %(param_3)s, %(param_4)s, %(param_5)s]) AND pg_catalog.pg_table_is_visible(pg_catalog.pg_class.oid) AND pg_catalog.pg_namespace.nspname != %(nspname_1)s
2025-12-06 20:50:43,572 - sqlalchemy.engine.Engine - INFO - [cached since 0.01541s ago] {'table_name': 'project_configs', 'param_1': 'r', 'param_2': 'p', 'param_3': 'f', 'param_4': 'v', 'param_5': 'm', 'nspname_1': 'pg_catalog'}
2025-12-06 20:50:43,572 - sqlalchemy.engine.Engine - INFO - COMMIT
2025-12-06 20:50:43,572 - TestAutomationAPI - INFO - Database tables verified
2025-12-06 20:54:28,124 - TestAutomationAPI - INFO - Starting Test Automation API...
2025-12-06 20:54:28,213 - sqlalchemy.engine.Engine - INFO - select pg_catalog.version()
2025-12-06 20:54:28,213 - sqlalchemy.engine.Engine - INFO - [raw sql] {}
2025-12-06 20:54:28,213 - sqlalchemy.engine.Engine - INFO - select current_schema()
2025-12-06 20:54:28,213 - sqlalchemy.engine.Engine - INFO - [raw sql] {}
2025-12-06 20:54:28,213 - sqlalchemy.engine.Engine - INFO - show standard_conforming_strings
2025-12-06 20:54:28,218 - sqlalchemy.engine.Engine - INFO - [raw sql] {}
2025-12-06 20:54:28,219 - sqlalchemy.engine.Engine - INFO - BEGIN (implicit)
2025-12-06 20:54:28,223 - sqlalchemy.engine.Engine - INFO - SELECT pg_catalog.pg_class.relname 
FROM pg_catalog.pg_class JOIN pg_catalog.pg_namespace ON pg_catalog.pg_namespace.oid = pg_catalog.pg_class.relnamespace 
WHERE pg_catalog.pg_class.relname = %(table_name)s AND pg_catalog.pg_class.relkind = ANY (ARRAY[%(param_1)s, %(param_2)s, %(param_3)s, %(param_4)s, %(param_5)s]) AND pg_catalog.pg_table_is_visible(pg_catalog.pg_class.oid) AND pg_catalog.pg_namespace.nspname != %(nspname_1)s
2025-12-06 20:54:28,225 - sqlalchemy.engine.Engine - INFO - [generated in 0.00085s] {'table_name': 'projects', 'param_1': 'r', 'param_2': 'p', 'param_3': 'f', 'param_4': 'v', 'param_5': 'm', 'nspname_1': 'pg_catalog'}
2025-12-06 20:54:28,228 - sqlalchemy.engine.Engine - INFO - SELECT pg_catalog.pg_class.relname 
FROM pg_catalog.pg_class JOIN pg_catalog.pg_namespace ON pg_catalog.pg_namespace.oid = pg_catalog.pg_class.relnamespace 
WHERE pg_catalog.pg_class.relname = %(table_name)s AND pg_catalog.pg_class.relkind = ANY (ARRAY[%(param_1)s, %(param_2)s, %(param_3)s, %(param_4)s, %(param_5)s]) AND pg_catalog.pg_table_is_visible(pg_catalog.pg_class.oid) AND pg_catalog.pg_namespace.nspname != %(nspname_1)s
2025-12-06 20:54:28,228 - sqlalchemy.engine.Engine - INFO - [cached since 0.008261s ago] {'table_name': 'testers', 'param_1': 'r', 'param_2': 'p', 'param_3': 'f', 'param_4': 'v', 'param_5': 'm', 'nspname_1': 'pg_catalog'}
2025-12-06 20:54:28,233 - sqlalchemy.engine.Engine - INFO - SELECT pg_catalog.pg_class.relname 
FROM pg_catalog.pg_class JOIN pg_catalog.pg_namespace ON pg_catalog.pg_namespace.oid = pg_catalog.pg_class.relnamespace 
WHERE pg_catalog.pg_class.relname = %(table_name)s AND pg_catalog.pg_class.relkind = ANY (ARRAY[%(param_1)s, %(param_2)s, %(param_3)s, %(param_4)s, %(param_5)s]) AND pg_catalog.pg_table_is_visible(pg_catalog.pg_class.oid) AND pg_catalog.pg_namespace.nspname != %(nspname_1)s
2025-12-06 20:54:28,233 - sqlalchemy.engine.Engine - INFO - [cached since 0.01071s ago] {'table_name': 'tickets', 'param_1': 'r', 'param_2': 'p', 'param_3': 'f', 'param_4': 'v', 'param_5': 'm', 'nspname_1': 'pg_catalog'}
2025-12-06 20:54:28,233 - sqlalchemy.engine.Engine - INFO - SELECT pg_catalog.pg_class.relname 
FROM pg_catalog.pg_class JOIN pg_catalog.pg_namespace ON pg_catalog.pg_namespace.oid = pg_catalog.pg_class.relnamespace 
WHERE pg_catalog.pg_class.relname = %(table_name)s AND pg_catalog.pg_class.relkind = ANY (ARRAY[%(param_1)s, %(param_2)s, %(param_3)s, %(param_4)s, %(param_5)s]) AND pg_catalog.pg_table_is_visible(pg_catalog.pg_class.oid) AND pg_catalog.pg_namespace.nspname != %(nspname_1)s
2025-12-06 20:54:28,237 - sqlalchemy.engine.Engine - INFO - [cached since 0.0126s ago] {'table_name': 'test_executions', 'param_1': 'r', 'param_2': 'p', 'param_3': 'f', 'param_4': 'v', 'param_5': 'm', 'nspname_1': 'pg_catalog'}
2025-12-06 20:54:28,238 - sqlalchemy.engine.Engine - INFO - SELECT pg_catalog.pg_class.relname 
FROM pg_catalog.pg_class JOIN pg_catalog.pg_namespace ON pg_catalog.pg_namespace.oid = pg_catalog.pg_class.relnamespace 
WHERE pg_catalog.pg_class.relname = %(table_name)s AND pg_catalog.pg_class.relkind = ANY (ARRAY[%(param_1)s, %(param_2)s, %(param_3)s, %(param_4)s, %(param_5)s]) AND pg_catalog.pg_table_is_visible(pg_catalog.pg_class.oid) AND pg_catalog.pg_namespace.nspname != %(nspname_1)s
2025-12-06 20:54:28,238 - sqlalchemy.engine.Engine - INFO - [cached since 0.01503s ago] {'table_name': 'execution_steps', 'param_1': 'r', 'param_2': 'p', 'param_3': 'f', 'param_4': 'v', 'param_5': 'm', 'nspname_1': 'pg_catalog'}
2025-12-06 20:54:28,238 - sqlalchemy.engine.Engine - INFO - SELECT pg_catalog.pg_class.relname 
FROM pg_catalog.pg_class JOIN pg_catalog.pg_namespace ON pg_catalog.pg_namespace.oid = pg_catalog.pg_class.relnamespace 
WHERE pg_catalog.pg_class.relname = %(table_name)s AND pg_catalog.pg_class.relkind = ANY (ARRAY[%(param_1)s, %(param_2)s, %(param_3)s, %(param_4)s, %(param_5)s]) AND pg_catalog.pg_table_is_visible(pg_catalog.pg_class.oid) AND pg_catalog.pg_namespace.nspname != %(nspname_1)s
2025-12-06 20:54:28,238 - sqlalchemy.engine.Engine - INFO - [cached since 0.01699s ago] {'table_name': 'project_configs', 'param_1': 'r', 'param_2': 'p', 'param_3': 'f', 'param_4': 'v', 'param_5': 'm', 'nspname_1': 'pg_catalog'}
2025-12-06 20:54:28,238 - sqlalchemy.engine.Engine - INFO - COMMIT
2025-12-06 20:54:28,243 - TestAutomationAPI - INFO - Database tables verified
2025-12-06 20:54:32,369 - TestAutomationAPI - INFO - Starting Test Automation API...
2025-12-06 20:54:32,463 - sqlalchemy.engine.Engine - INFO - select pg_catalog.version()
2025-12-06 20:54:32,463 - sqlalchemy.engine.Engine - INFO - [raw sql] {}
2025-12-06 20:54:32,465 - sqlalchemy.engine.Engine - INFO - select current_schema()
2025-12-06 20:54:32,466 - sqlalchemy.engine.Engine - INFO - [raw sql] {}
2025-12-06 20:54:32,467 - sqlalchemy.engine.Engine - INFO - show standard_conforming_strings
2025-12-06 20:54:32,467 - sqlalchemy.engine.Engine - INFO - [raw sql] {}
2025-12-06 20:54:32,468 - sqlalchemy.engine.Engine - INFO - BEGIN (implicit)
2025-12-06 20:54:32,475 - sqlalchemy.engine.Engine - INFO - SELECT pg_catalog.pg_class.relname 
FROM pg_catalog.pg_class JOIN pg_catalog.pg_namespace ON pg_catalog.pg_namespace.oid = pg_catalog.pg_class.relnamespace 
WHERE pg_catalog.pg_class.relname = %(table_name)s AND pg_catalog.pg_class.relkind = ANY (ARRAY[%(param_1)s, %(param_2)s, %(param_3)s, %(param_4)s, %(param_5)s]) AND pg_catalog.pg_table_is_visible(pg_catalog.pg_class.oid) AND pg_catalog.pg_namespace.nspname != %(nspname_1)s
2025-12-06 20:54:32,475 - sqlalchemy.engine.Engine - INFO - [generated in 0.00104s] {'table_name': 'projects', 'param_1': 'r', 'param_2': 'p', 'param_3': 'f', 'param_4': 'v', 'param_5': 'm', 'nspname_1': 'pg_catalog'}
2025-12-06 20:54:32,480 - sqlalchemy.engine.Engine - INFO - SELECT pg_catalog.pg_class.relname 
FROM pg_catalog.pg_class JOIN pg_catalog.pg_namespace ON pg_catalog.pg_namespace.oid = pg_catalog.pg_class.relnamespace 
WHERE pg_catalog.pg_class.relname = %(table_name)s AND pg_catalog.pg_class.relkind = ANY (ARRAY[%(param_1)s, %(param_2)s, %(param_3)s, %(param_4)s, %(param_5)s]) AND pg_catalog.pg_table_is_visible(pg_catalog.pg_class.oid) AND pg_catalog.pg_namespace.nspname != %(nspname_1)s
2025-12-06 20:54:32,482 - sqlalchemy.engine.Engine - INFO - [cached since 0.007288s ago] {'table_name': 'testers', 'param_1': 'r', 'param_2': 'p', 'param_3': 'f', 'param_4': 'v', 'param_5': 'm', 'nspname_1': 'pg_catalog'}
2025-12-06 20:54:32,483 - sqlalchemy.engine.Engine - INFO - SELECT pg_catalog.pg_class.relname 
FROM pg_catalog.pg_class JOIN pg_catalog.pg_namespace ON pg_catalog.pg_namespace.oid = pg_catalog.pg_class.relnamespace 
WHERE pg_catalog.pg_class.relname = %(table_name)s AND pg_catalog.pg_class.relkind = ANY (ARRAY[%(param_1)s, %(param_2)s, %(param_3)s, %(param_4)s, %(param_5)s]) AND pg_catalog.pg_table_is_visible(pg_catalog.pg_class.oid) AND pg_catalog.pg_namespace.nspname != %(nspname_1)s
2025-12-06 20:54:32,484 - sqlalchemy.engine.Engine - INFO - [cached since 0.009286s ago] {'table_name': 'tickets', 'param_1': 'r', 'param_2': 'p', 'param_3': 'f', 'param_4': 'v', 'param_5': 'm', 'nspname_1': 'pg_catalog'}
2025-12-06 20:54:32,485 - sqlalchemy.engine.Engine - INFO - SELECT pg_catalog.pg_class.relname 
FROM pg_catalog.pg_class JOIN pg_catalog.pg_namespace ON pg_catalog.pg_namespace.oid = pg_catalog.pg_class.relnamespace 
WHERE pg_catalog.pg_class.relname = %(table_name)s AND pg_catalog.pg_class.relkind = ANY (ARRAY[%(param_1)s, %(param_2)s, %(param_3)s, %(param_4)s, %(param_5)s]) AND pg_catalog.pg_table_is_visible(pg_catalog.pg_class.oid) AND pg_catalog.pg_namespace.nspname != %(nspname_1)s
2025-12-06 20:54:32,485 - sqlalchemy.engine.Engine - INFO - [cached since 0.01116s ago] {'table_name': 'test_executions', 'param_1': 'r', 'param_2': 'p', 'param_3': 'f', 'param_4': 'v', 'param_5': 'm', 'nspname_1': 'pg_catalog'}
2025-12-06 20:54:32,487 - sqlalchemy.engine.Engine - INFO - SELECT pg_catalog.pg_class.relname 
FROM pg_catalog.pg_class JOIN pg_catalog.pg_namespace ON pg_catalog.pg_namespace.oid = pg_catalog.pg_class.relnamespace 
WHERE pg_catalog.pg_class.relname = %(table_name)s AND pg_catalog.pg_class.relkind = ANY (ARRAY[%(param_1)s, %(param_2)s, %(param_3)s, %(param_4)s, %(param_5)s]) AND pg_catalog.pg_table_is_visible(pg_catalog.pg_class.oid) AND pg_catalog.pg_namespace.nspname != %(nspname_1)s
2025-12-06 20:54:32,488 - sqlalchemy.engine.Engine - INFO - [cached since 0.01335s ago] {'table_name': 'execution_steps', 'param_1': 'r', 'param_2': 'p', 'param_3': 'f', 'param_4': 'v', 'param_5': 'm', 'nspname_1': 'pg_catalog'}
2025-12-06 20:54:32,490 - sqlalchemy.engine.Engine - INFO - SELECT pg_catalog.pg_class.relname 
FROM pg_catalog.pg_class JOIN pg_catalog.pg_namespace ON pg_catalog.pg_namespace.oid = pg_catalog.pg_class.relnamespace 
WHERE pg_catalog.pg_class.relname = %(table_name)s AND pg_catalog.pg_class.relkind = ANY (ARRAY[%(param_1)s, %(param_2)s, %(param_3)s, %(param_4)s, %(param_5)s]) AND pg_catalog.pg_table_is_visible(pg_catalog.pg_class.oid) AND pg_catalog.pg_namespace.nspname != %(nspname_1)s
2025-12-06 20:54:32,490 - sqlalchemy.engine.Engine - INFO - [cached since 0.01579s ago] {'table_name': 'project_configs', 'param_1': 'r', 'param_2': 'p', 'param_3': 'f', 'param_4': 'v', 'param_5': 'm', 'nspname_1': 'pg_catalog'}
2025-12-06 20:54:32,492 - sqlalchemy.engine.Engine - INFO - COMMIT
2025-12-06 20:54:32,492 - TestAutomationAPI - INFO - Database tables verified
2025-12-06 20:54:39,373 - TestAutomationAPI - INFO - Starting Test Automation API...
2025-12-06 20:54:39,466 - sqlalchemy.engine.Engine - INFO - select pg_catalog.version()
2025-12-06 20:54:39,466 - sqlalchemy.engine.Engine - INFO - [raw sql] {}
2025-12-06 20:54:39,466 - sqlalchemy.engine.Engine - INFO - select current_schema()
2025-12-06 20:54:39,466 - sqlalchemy.engine.Engine - INFO - [raw sql] {}
2025-12-06 20:54:39,474 - sqlalchemy.engine.Engine - INFO - show standard_conforming_strings
2025-12-06 20:54:39,474 - sqlalchemy.engine.Engine - INFO - [raw sql] {}
2025-12-06 20:54:39,474 - sqlalchemy.engine.Engine - INFO - BEGIN (implicit)
2025-12-06 20:54:39,479 - sqlalchemy.engine.Engine - INFO - SELECT pg_catalog.pg_class.relname 
FROM pg_catalog.pg_class JOIN pg_catalog.pg_namespace ON pg_catalog.pg_namespace.oid = pg_catalog.pg_class.relnamespace 
WHERE pg_catalog.pg_class.relname = %(table_name)s AND pg_catalog.pg_class.relkind = ANY (ARRAY[%(param_1)s, %(param_2)s, %(param_3)s, %(param_4)s, %(param_5)s]) AND pg_catalog.pg_table_is_visible(pg_catalog.pg_class.oid) AND pg_catalog.pg_namespace.nspname != %(nspname_1)s
2025-12-06 20:54:39,480 - sqlalchemy.engine.Engine - INFO - [generated in 0.00074s] {'table_name': 'projects', 'param_1': 'r', 'param_2': 'p', 'param_3': 'f', 'param_4': 'v', 'param_5': 'm', 'nspname_1': 'pg_catalog'}
2025-12-06 20:54:39,485 - sqlalchemy.engine.Engine - INFO - SELECT pg_catalog.pg_class.relname 
FROM pg_catalog.pg_class JOIN pg_catalog.pg_namespace ON pg_catalog.pg_namespace.oid = pg_catalog.pg_class.relnamespace 
WHERE pg_catalog.pg_class.relname = %(table_name)s AND pg_catalog.pg_class.relkind = ANY (ARRAY[%(param_1)s, %(param_2)s, %(param_3)s, %(param_4)s, %(param_5)s]) AND pg_catalog.pg_table_is_visible(pg_catalog.pg_class.oid) AND pg_catalog.pg_namespace.nspname != %(nspname_1)s
2025-12-06 20:54:39,485 - sqlalchemy.engine.Engine - INFO - [cached since 0.006221s ago] {'table_name': 'testers', 'param_1': 'r', 'param_2': 'p', 'param_3': 'f', 'param_4': 'v', 'param_5': 'm', 'nspname_1': 'pg_catalog'}
2025-12-06 20:54:39,487 - sqlalchemy.engine.Engine - INFO - SELECT pg_catalog.pg_class.relname 
FROM pg_catalog.pg_class JOIN pg_catalog.pg_namespace ON pg_catalog.pg_namespace.oid = pg_catalog.pg_class.relnamespace 
WHERE pg_catalog.pg_class.relname = %(table_name)s AND pg_catalog.pg_class.relkind = ANY (ARRAY[%(param_1)s, %(param_2)s, %(param_3)s, %(param_4)s, %(param_5)s]) AND pg_catalog.pg_table_is_visible(pg_catalog.pg_class.oid) AND pg_catalog.pg_namespace.nspname != %(nspname_1)s
2025-12-06 20:54:39,488 - sqlalchemy.engine.Engine - INFO - [cached since 0.008532s ago] {'table_name': 'tickets', 'param_1': 'r', 'param_2': 'p', 'param_3': 'f', 'param_4': 'v', 'param_5': 'm', 'nspname_1': 'pg_catalog'}
2025-12-06 20:54:39,489 - sqlalchemy.engine.Engine - INFO - SELECT pg_catalog.pg_class.relname 
FROM pg_catalog.pg_class JOIN pg_catalog.pg_namespace ON pg_catalog.pg_namespace.oid = pg_catalog.pg_class.relnamespace 
WHERE pg_catalog.pg_class.relname = %(table_name)s AND pg_catalog.pg_class.relkind = ANY (ARRAY[%(param_1)s, %(param_2)s, %(param_3)s, %(param_4)s, %(param_5)s]) AND pg_catalog.pg_table_is_visible(pg_catalog.pg_class.oid) AND pg_catalog.pg_namespace.nspname != %(nspname_1)s
2025-12-06 20:54:39,489 - sqlalchemy.engine.Engine - INFO - [cached since 0.01026s ago] {'table_name': 'test_executions', 'param_1': 'r', 'param_2': 'p', 'param_3': 'f', 'param_4': 'v', 'param_5': 'm', 'nspname_1': 'pg_catalog'}
2025-12-06 20:54:39,491 - sqlalchemy.engine.Engine - INFO - SELECT pg_catalog.pg_class.relname 
FROM pg_catalog.pg_class JOIN pg_catalog.pg_namespace ON pg_catalog.pg_namespace.oid = pg_catalog.pg_class.relnamespace 
WHERE pg_catalog.pg_class.relname = %(table_name)s AND pg_catalog.pg_class.relkind = ANY (ARRAY[%(param_1)s, %(param_2)s, %(param_3)s, %(param_4)s, %(param_5)s]) AND pg_catalog.pg_table_is_visible(pg_catalog.pg_class.oid) AND pg_catalog.pg_namespace.nspname != %(nspname_1)s
2025-12-06 20:54:39,491 - sqlalchemy.engine.Engine - INFO - [cached since 0.01194s ago] {'table_name': 'execution_steps', 'param_1': 'r', 'param_2': 'p', 'param_3': 'f', 'param_4': 'v', 'param_5': 'm', 'nspname_1': 'pg_catalog'}
2025-12-06 20:54:39,493 - sqlalchemy.engine.Engine - INFO - SELECT pg_catalog.pg_class.relname 
FROM pg_catalog.pg_class JOIN pg_catalog.pg_namespace ON pg_catalog.pg_namespace.oid = pg_catalog.pg_class.relnamespace 
WHERE pg_catalog.pg_class.relname = %(table_name)s AND pg_catalog.pg_class.relkind = ANY (ARRAY[%(param_1)s, %(param_2)s, %(param_3)s, %(param_4)s, %(param_5)s]) AND pg_catalog.pg_table_is_visible(pg_catalog.pg_class.oid) AND pg_catalog.pg_namespace.nspname != %(nspname_1)s
2025-12-06 20:54:39,493 - sqlalchemy.engine.Engine - INFO - [cached since 0.01355s ago] {'table_name': 'project_configs', 'param_1': 'r', 'param_2': 'p', 'param_3': 'f', 'param_4': 'v', 'param_5': 'm', 'nspname_1': 'pg_catalog'}
2025-12-06 20:54:39,494 - sqlalchemy.engine.Engine - INFO - COMMIT
2025-12-06 20:54:39,495 - TestAutomationAPI - INFO - Database tables verified
2025-12-06 20:55:21,623 - TestAutomationAPI - INFO - Starting Test Automation API...
2025-12-06 20:55:21,709 - sqlalchemy.engine.Engine - INFO - select pg_catalog.version()
2025-12-06 20:55:21,710 - sqlalchemy.engine.Engine - INFO - [raw sql] {}
2025-12-06 20:55:21,712 - sqlalchemy.engine.Engine - INFO - select current_schema()
2025-12-06 20:55:21,712 - sqlalchemy.engine.Engine - INFO - [raw sql] {}
2025-12-06 20:55:21,713 - sqlalchemy.engine.Engine - INFO - show standard_conforming_strings
2025-12-06 20:55:21,713 - sqlalchemy.engine.Engine - INFO - [raw sql] {}
2025-12-06 20:55:21,715 - sqlalchemy.engine.Engine - INFO - BEGIN (implicit)
2025-12-06 20:55:21,720 - sqlalchemy.engine.Engine - INFO - SELECT pg_catalog.pg_class.relname 
FROM pg_catalog.pg_class JOIN pg_catalog.pg_namespace ON pg_catalog.pg_namespace.oid = pg_catalog.pg_class.relnamespace 
WHERE pg_catalog.pg_class.relname = %(table_name)s AND pg_catalog.pg_class.relkind = ANY (ARRAY[%(param_1)s, %(param_2)s, %(param_3)s, %(param_4)s, %(param_5)s]) AND pg_catalog.pg_table_is_visible(pg_catalog.pg_class.oid) AND pg_catalog.pg_namespace.nspname != %(nspname_1)s
2025-12-06 20:55:21,721 - sqlalchemy.engine.Engine - INFO - [generated in 0.00068s] {'table_name': 'projects', 'param_1': 'r', 'param_2': 'p', 'param_3': 'f', 'param_4': 'v', 'param_5': 'm', 'nspname_1': 'pg_catalog'}
2025-12-06 20:55:21,727 - sqlalchemy.engine.Engine - INFO - SELECT pg_catalog.pg_class.relname 
FROM pg_catalog.pg_class JOIN pg_catalog.pg_namespace ON pg_catalog.pg_namespace.oid = pg_catalog.pg_class.relnamespace 
WHERE pg_catalog.pg_class.relname = %(table_name)s AND pg_catalog.pg_class.relkind = ANY (ARRAY[%(param_1)s, %(param_2)s, %(param_3)s, %(param_4)s, %(param_5)s]) AND pg_catalog.pg_table_is_visible(pg_catalog.pg_class.oid) AND pg_catalog.pg_namespace.nspname != %(nspname_1)s
2025-12-06 20:55:21,728 - sqlalchemy.engine.Engine - INFO - [cached since 0.007234s ago] {'table_name': 'testers', 'param_1': 'r', 'param_2': 'p', 'param_3': 'f', 'param_4': 'v', 'param_5': 'm', 'nspname_1': 'pg_catalog'}
2025-12-06 20:55:21,730 - sqlalchemy.engine.Engine - INFO - SELECT pg_catalog.pg_class.relname 
FROM pg_catalog.pg_class JOIN pg_catalog.pg_namespace ON pg_catalog.pg_namespace.oid = pg_catalog.pg_class.relnamespace 
WHERE pg_catalog.pg_class.relname = %(table_name)s AND pg_catalog.pg_class.relkind = ANY (ARRAY[%(param_1)s, %(param_2)s, %(param_3)s, %(param_4)s, %(param_5)s]) AND pg_catalog.pg_table_is_visible(pg_catalog.pg_class.oid) AND pg_catalog.pg_namespace.nspname != %(nspname_1)s
2025-12-06 20:55:21,730 - sqlalchemy.engine.Engine - INFO - [cached since 0.009763s ago] {'table_name': 'tickets', 'param_1': 'r', 'param_2': 'p', 'param_3': 'f', 'param_4': 'v', 'param_5': 'm', 'nspname_1': 'pg_catalog'}
2025-12-06 20:55:21,731 - sqlalchemy.engine.Engine - INFO - SELECT pg_catalog.pg_class.relname 
FROM pg_catalog.pg_class JOIN pg_catalog.pg_namespace ON pg_catalog.pg_namespace.oid = pg_catalog.pg_class.relnamespace 
WHERE pg_catalog.pg_class.relname = %(table_name)s AND pg_catalog.pg_class.relkind = ANY (ARRAY[%(param_1)s, %(param_2)s, %(param_3)s, %(param_4)s, %(param_5)s]) AND pg_catalog.pg_table_is_visible(pg_catalog.pg_class.oid) AND pg_catalog.pg_namespace.nspname != %(nspname_1)s
2025-12-06 20:55:21,732 - sqlalchemy.engine.Engine - INFO - [cached since 0.01179s ago] {'table_name': 'test_executions', 'param_1': 'r', 'param_2': 'p', 'param_3': 'f', 'param_4': 'v', 'param_5': 'm', 'nspname_1': 'pg_catalog'}
2025-12-06 20:55:21,733 - sqlalchemy.engine.Engine - INFO - SELECT pg_catalog.pg_class.relname 
FROM pg_catalog.pg_class JOIN pg_catalog.pg_namespace ON pg_catalog.pg_namespace.oid = pg_catalog.pg_class.relnamespace 
WHERE pg_catalog.pg_class.relname = %(table_name)s AND pg_catalog.pg_class.relkind = ANY (ARRAY[%(param_1)s, %(param_2)s, %(param_3)s, %(param_4)s, %(param_5)s]) AND pg_catalog.pg_table_is_visible(pg_catalog.pg_class.oid) AND pg_catalog.pg_namespace.nspname != %(nspname_1)s
2025-12-06 20:55:21,734 - sqlalchemy.engine.Engine - INFO - [cached since 0.0139s ago] {'table_name': 'execution_steps', 'param_1': 'r', 'param_2': 'p', 'param_3': 'f', 'param_4': 'v', 'param_5': 'm', 'nspname_1': 'pg_catalog'}
2025-12-06 20:55:21,736 - sqlalchemy.engine.Engine - INFO - SELECT pg_catalog.pg_class.relname 
FROM pg_catalog.pg_class JOIN pg_catalog.pg_namespace ON pg_catalog.pg_namespace.oid = pg_catalog.pg_class.relnamespace 
WHERE pg_catalog.pg_class.relname = %(table_name)s AND pg_catalog.pg_class.relkind = ANY (ARRAY[%(param_1)s, %(param_2)s, %(param_3)s, %(param_4)s, %(param_5)s]) AND pg_catalog.pg_table_is_visible(pg_catalog.pg_class.oid) AND pg_catalog.pg_namespace.nspname != %(nspname_1)s
2025-12-06 20:55:21,736 - sqlalchemy.engine.Engine - INFO - [cached since 0.01601s ago] {'table_name': 'project_configs', 'param_1': 'r', 'param_2': 'p', 'param_3': 'f', 'param_4': 'v', 'param_5': 'm', 'nspname_1': 'pg_catalog'}
2025-12-06 20:55:21,738 - sqlalchemy.engine.Engine - INFO - COMMIT
2025-12-06 20:55:21,738 - TestAutomationAPI - INFO - Database tables verified
2025-12-06 20:55:28,123 - TestAutomationAPI - INFO - Starting Test Automation API...
2025-12-06 20:55:28,223 - sqlalchemy.engine.Engine - INFO - select pg_catalog.version()
2025-12-06 20:55:28,223 - sqlalchemy.engine.Engine - INFO - [raw sql] {}
2025-12-06 20:55:28,223 - sqlalchemy.engine.Engine - INFO - select current_schema()
2025-12-06 20:55:28,223 - sqlalchemy.engine.Engine - INFO - [raw sql] {}
2025-12-06 20:55:28,223 - sqlalchemy.engine.Engine - INFO - show standard_conforming_strings
2025-12-06 20:55:28,229 - sqlalchemy.engine.Engine - INFO - [raw sql] {}
2025-12-06 20:55:28,231 - sqlalchemy.engine.Engine - INFO - BEGIN (implicit)
2025-12-06 20:55:28,236 - sqlalchemy.engine.Engine - INFO - SELECT pg_catalog.pg_class.relname 
FROM pg_catalog.pg_class JOIN pg_catalog.pg_namespace ON pg_catalog.pg_namespace.oid = pg_catalog.pg_class.relnamespace 
WHERE pg_catalog.pg_class.relname = %(table_name)s AND pg_catalog.pg_class.relkind = ANY (ARRAY[%(param_1)s, %(param_2)s, %(param_3)s, %(param_4)s, %(param_5)s]) AND pg_catalog.pg_table_is_visible(pg_catalog.pg_class.oid) AND pg_catalog.pg_namespace.nspname != %(nspname_1)s
2025-12-06 20:55:28,237 - sqlalchemy.engine.Engine - INFO - [generated in 0.00091s] {'table_name': 'projects', 'param_1': 'r', 'param_2': 'p', 'param_3': 'f', 'param_4': 'v', 'param_5': 'm', 'nspname_1': 'pg_catalog'}
2025-12-06 20:55:28,243 - sqlalchemy.engine.Engine - INFO - SELECT pg_catalog.pg_class.relname 
FROM pg_catalog.pg_class JOIN pg_catalog.pg_namespace ON pg_catalog.pg_namespace.oid = pg_catalog.pg_class.relnamespace 
WHERE pg_catalog.pg_class.relname = %(table_name)s AND pg_catalog.pg_class.relkind = ANY (ARRAY[%(param_1)s, %(param_2)s, %(param_3)s, %(param_4)s, %(param_5)s]) AND pg_catalog.pg_table_is_visible(pg_catalog.pg_class.oid) AND pg_catalog.pg_namespace.nspname != %(nspname_1)s
2025-12-06 20:55:28,244 - sqlalchemy.engine.Engine - INFO - [cached since 0.008014s ago] {'table_name': 'testers', 'param_1': 'r', 'param_2': 'p', 'param_3': 'f', 'param_4': 'v', 'param_5': 'm', 'nspname_1': 'pg_catalog'}
2025-12-06 20:55:28,246 - sqlalchemy.engine.Engine - INFO - SELECT pg_catalog.pg_class.relname 
FROM pg_catalog.pg_class JOIN pg_catalog.pg_namespace ON pg_catalog.pg_namespace.oid = pg_catalog.pg_class.relnamespace 
WHERE pg_catalog.pg_class.relname = %(table_name)s AND pg_catalog.pg_class.relkind = ANY (ARRAY[%(param_1)s, %(param_2)s, %(param_3)s, %(param_4)s, %(param_5)s]) AND pg_catalog.pg_table_is_visible(pg_catalog.pg_class.oid) AND pg_catalog.pg_namespace.nspname != %(nspname_1)s
2025-12-06 20:55:28,246 - sqlalchemy.engine.Engine - INFO - [cached since 0.01023s ago] {'table_name': 'tickets', 'param_1': 'r', 'param_2': 'p', 'param_3': 'f', 'param_4': 'v', 'param_5': 'm', 'nspname_1': 'pg_catalog'}
2025-12-06 20:55:28,248 - sqlalchemy.engine.Engine - INFO - SELECT pg_catalog.pg_class.relname 
FROM pg_catalog.pg_class JOIN pg_catalog.pg_namespace ON pg_catalog.pg_namespace.oid = pg_catalog.pg_class.relnamespace 
WHERE pg_catalog.pg_class.relname = %(table_name)s AND pg_catalog.pg_class.relkind = ANY (ARRAY[%(param_1)s, %(param_2)s, %(param_3)s, %(param_4)s, %(param_5)s]) AND pg_catalog.pg_table_is_visible(pg_catalog.pg_class.oid) AND pg_catalog.pg_namespace.nspname != %(nspname_1)s
2025-12-06 20:55:28,249 - sqlalchemy.engine.Engine - INFO - [cached since 0.01248s ago] {'table_name': 'test_executions', 'param_1': 'r', 'param_2': 'p', 'param_3': 'f', 'param_4': 'v', 'param_5': 'm', 'nspname_1': 'pg_catalog'}
2025-12-06 20:55:28,250 - sqlalchemy.engine.Engine - INFO - SELECT pg_catalog.pg_class.relname 
FROM pg_catalog.pg_class JOIN pg_catalog.pg_namespace ON pg_catalog.pg_namespace.oid = pg_catalog.pg_class.relnamespace 
WHERE pg_catalog.pg_class.relname = %(table_name)s AND pg_catalog.pg_class.relkind = ANY (ARRAY[%(param_1)s, %(param_2)s, %(param_3)s, %(param_4)s, %(param_5)s]) AND pg_catalog.pg_table_is_visible(pg_catalog.pg_class.oid) AND pg_catalog.pg_namespace.nspname != %(nspname_1)s
2025-12-06 20:55:28,252 - sqlalchemy.engine.Engine - INFO - [cached since 0.015s ago] {'table_name': 'execution_steps', 'param_1': 'r', 'param_2': 'p', 'param_3': 'f', 'param_4': 'v', 'param_5': 'm', 'nspname_1': 'pg_catalog'}
2025-12-06 20:55:28,254 - sqlalchemy.engine.Engine - INFO - SELECT pg_catalog.pg_class.relname 
FROM pg_catalog.pg_class JOIN pg_catalog.pg_namespace ON pg_catalog.pg_namespace.oid = pg_catalog.pg_class.relnamespace 
WHERE pg_catalog.pg_class.relname = %(table_name)s AND pg_catalog.pg_class.relkind = ANY (ARRAY[%(param_1)s, %(param_2)s, %(param_3)s, %(param_4)s, %(param_5)s]) AND pg_catalog.pg_table_is_visible(pg_catalog.pg_class.oid) AND pg_catalog.pg_namespace.nspname != %(nspname_1)s
2025-12-06 20:55:28,254 - sqlalchemy.engine.Engine - INFO - [cached since 0.01786s ago] {'table_name': 'project_configs', 'param_1': 'r', 'param_2': 'p', 'param_3': 'f', 'param_4': 'v', 'param_5': 'm', 'nspname_1': 'pg_catalog'}
2025-12-06 20:55:28,256 - sqlalchemy.engine.Engine - INFO - COMMIT
2025-12-06 20:55:28,257 - TestAutomationAPI - INFO - Database tables verified
2025-12-06 20:55:33,699 - TestAutomationAPI - INFO - Starting Test Automation API...
2025-12-06 20:55:33,790 - sqlalchemy.engine.Engine - INFO - select pg_catalog.version()
2025-12-06 20:55:33,791 - sqlalchemy.engine.Engine - INFO - [raw sql] {}
2025-12-06 20:55:33,793 - sqlalchemy.engine.Engine - INFO - select current_schema()
2025-12-06 20:55:33,793 - sqlalchemy.engine.Engine - INFO - [raw sql] {}
2025-12-06 20:55:33,794 - sqlalchemy.engine.Engine - INFO - show standard_conforming_strings
2025-12-06 20:55:33,794 - sqlalchemy.engine.Engine - INFO - [raw sql] {}
2025-12-06 20:55:33,795 - sqlalchemy.engine.Engine - INFO - BEGIN (implicit)
2025-12-06 20:55:33,800 - sqlalchemy.engine.Engine - INFO - SELECT pg_catalog.pg_class.relname 
FROM pg_catalog.pg_class JOIN pg_catalog.pg_namespace ON pg_catalog.pg_namespace.oid = pg_catalog.pg_class.relnamespace 
WHERE pg_catalog.pg_class.relname = %(table_name)s AND pg_catalog.pg_class.relkind = ANY (ARRAY[%(param_1)s, %(param_2)s, %(param_3)s, %(param_4)s, %(param_5)s]) AND pg_catalog.pg_table_is_visible(pg_catalog.pg_class.oid) AND pg_catalog.pg_namespace.nspname != %(nspname_1)s
2025-12-06 20:55:33,800 - sqlalchemy.engine.Engine - INFO - [generated in 0.00075s] {'table_name': 'projects', 'param_1': 'r', 'param_2': 'p', 'param_3': 'f', 'param_4': 'v', 'param_5': 'm', 'nspname_1': 'pg_catalog'}
2025-12-06 20:55:33,806 - sqlalchemy.engine.Engine - INFO - SELECT pg_catalog.pg_class.relname 
FROM pg_catalog.pg_class JOIN pg_catalog.pg_namespace ON pg_catalog.pg_namespace.oid = pg_catalog.pg_class.relnamespace 
WHERE pg_catalog.pg_class.relname = %(table_name)s AND pg_catalog.pg_class.relkind = ANY (ARRAY[%(param_1)s, %(param_2)s, %(param_3)s, %(param_4)s, %(param_5)s]) AND pg_catalog.pg_table_is_visible(pg_catalog.pg_class.oid) AND pg_catalog.pg_namespace.nspname != %(nspname_1)s
2025-12-06 20:55:33,807 - sqlalchemy.engine.Engine - INFO - [cached since 0.007377s ago] {'table_name': 'testers', 'param_1': 'r', 'param_2': 'p', 'param_3': 'f', 'param_4': 'v', 'param_5': 'm', 'nspname_1': 'pg_catalog'}
2025-12-06 20:55:33,809 - sqlalchemy.engine.Engine - INFO - SELECT pg_catalog.pg_class.relname 
FROM pg_catalog.pg_class JOIN pg_catalog.pg_namespace ON pg_catalog.pg_namespace.oid = pg_catalog.pg_class.relnamespace 
WHERE pg_catalog.pg_class.relname = %(table_name)s AND pg_catalog.pg_class.relkind = ANY (ARRAY[%(param_1)s, %(param_2)s, %(param_3)s, %(param_4)s, %(param_5)s]) AND pg_catalog.pg_table_is_visible(pg_catalog.pg_class.oid) AND pg_catalog.pg_namespace.nspname != %(nspname_1)s
2025-12-06 20:55:33,809 - sqlalchemy.engine.Engine - INFO - [cached since 0.009413s ago] {'table_name': 'tickets', 'param_1': 'r', 'param_2': 'p', 'param_3': 'f', 'param_4': 'v', 'param_5': 'm', 'nspname_1': 'pg_catalog'}
2025-12-06 20:55:33,810 - sqlalchemy.engine.Engine - INFO - SELECT pg_catalog.pg_class.relname 
FROM pg_catalog.pg_class JOIN pg_catalog.pg_namespace ON pg_catalog.pg_namespace.oid = pg_catalog.pg_class.relnamespace 
WHERE pg_catalog.pg_class.relname = %(table_name)s AND pg_catalog.pg_class.relkind = ANY (ARRAY[%(param_1)s, %(param_2)s, %(param_3)s, %(param_4)s, %(param_5)s]) AND pg_catalog.pg_table_is_visible(pg_catalog.pg_class.oid) AND pg_catalog.pg_namespace.nspname != %(nspname_1)s
2025-12-06 20:55:33,811 - sqlalchemy.engine.Engine - INFO - [cached since 0.0111s ago] {'table_name': 'test_executions', 'param_1': 'r', 'param_2': 'p', 'param_3': 'f', 'param_4': 'v', 'param_5': 'm', 'nspname_1': 'pg_catalog'}
2025-12-06 20:55:33,812 - sqlalchemy.engine.Engine - INFO - SELECT pg_catalog.pg_class.relname 
FROM pg_catalog.pg_class JOIN pg_catalog.pg_namespace ON pg_catalog.pg_namespace.oid = pg_catalog.pg_class.relnamespace 
WHERE pg_catalog.pg_class.relname = %(table_name)s AND pg_catalog.pg_class.relkind = ANY (ARRAY[%(param_1)s, %(param_2)s, %(param_3)s, %(param_4)s, %(param_5)s]) AND pg_catalog.pg_table_is_visible(pg_catalog.pg_class.oid) AND pg_catalog.pg_namespace.nspname != %(nspname_1)s
2025-12-06 20:55:33,813 - sqlalchemy.engine.Engine - INFO - [cached since 0.01292s ago] {'table_name': 'execution_steps', 'param_1': 'r', 'param_2': 'p', 'param_3': 'f', 'param_4': 'v', 'param_5': 'm', 'nspname_1': 'pg_catalog'}
2025-12-06 20:55:33,813 - sqlalchemy.engine.Engine - INFO - SELECT pg_catalog.pg_class.relname 
FROM pg_catalog.pg_class JOIN pg_catalog.pg_namespace ON pg_catalog.pg_namespace.oid = pg_catalog.pg_class.relnamespace 
WHERE pg_catalog.pg_class.relname = %(table_name)s AND pg_catalog.pg_class.relkind = ANY (ARRAY[%(param_1)s, %(param_2)s, %(param_3)s, %(param_4)s, %(param_5)s]) AND pg_catalog.pg_table_is_visible(pg_catalog.pg_class.oid) AND pg_catalog.pg_namespace.nspname != %(nspname_1)s
2025-12-06 20:55:33,814 - sqlalchemy.engine.Engine - INFO - [cached since 0.01454s ago] {'table_name': 'project_configs', 'param_1': 'r', 'param_2': 'p', 'param_3': 'f', 'param_4': 'v', 'param_5': 'm', 'nspname_1': 'pg_catalog'}
2025-12-06 20:55:33,815 - sqlalchemy.engine.Engine - INFO - COMMIT
2025-12-06 20:55:33,816 - TestAutomationAPI - INFO - Database tables verified
2025-12-06 20:55:37,832 - TestAutomationAPI - INFO - Starting Test Automation API...
2025-12-06 20:55:37,924 - sqlalchemy.engine.Engine - INFO - select pg_catalog.version()
2025-12-06 20:55:37,925 - sqlalchemy.engine.Engine - INFO - [raw sql] {}
2025-12-06 20:55:37,925 - sqlalchemy.engine.Engine - INFO - select current_schema()
2025-12-06 20:55:37,925 - sqlalchemy.engine.Engine - INFO - [raw sql] {}
2025-12-06 20:55:37,925 - sqlalchemy.engine.Engine - INFO - show standard_conforming_strings
2025-12-06 20:55:37,925 - sqlalchemy.engine.Engine - INFO - [raw sql] {}
2025-12-06 20:55:37,925 - sqlalchemy.engine.Engine - INFO - BEGIN (implicit)
2025-12-06 20:55:37,937 - sqlalchemy.engine.Engine - INFO - SELECT pg_catalog.pg_class.relname 
FROM pg_catalog.pg_class JOIN pg_catalog.pg_namespace ON pg_catalog.pg_namespace.oid = pg_catalog.pg_class.relnamespace 
WHERE pg_catalog.pg_class.relname = %(table_name)s AND pg_catalog.pg_class.relkind = ANY (ARRAY[%(param_1)s, %(param_2)s, %(param_3)s, %(param_4)s, %(param_5)s]) AND pg_catalog.pg_table_is_visible(pg_catalog.pg_class.oid) AND pg_catalog.pg_namespace.nspname != %(nspname_1)s
2025-12-06 20:55:37,937 - sqlalchemy.engine.Engine - INFO - [generated in 0.00078s] {'table_name': 'projects', 'param_1': 'r', 'param_2': 'p', 'param_3': 'f', 'param_4': 'v', 'param_5': 'm', 'nspname_1': 'pg_catalog'}
2025-12-06 20:55:37,943 - sqlalchemy.engine.Engine - INFO - SELECT pg_catalog.pg_class.relname 
FROM pg_catalog.pg_class JOIN pg_catalog.pg_namespace ON pg_catalog.pg_namespace.oid = pg_catalog.pg_class.relnamespace 
WHERE pg_catalog.pg_class.relname = %(table_name)s AND pg_catalog.pg_class.relkind = ANY (ARRAY[%(param_1)s, %(param_2)s, %(param_3)s, %(param_4)s, %(param_5)s]) AND pg_catalog.pg_table_is_visible(pg_catalog.pg_class.oid) AND pg_catalog.pg_namespace.nspname != %(nspname_1)s
2025-12-06 20:55:37,944 - sqlalchemy.engine.Engine - INFO - [cached since 0.007364s ago] {'table_name': 'testers', 'param_1': 'r', 'param_2': 'p', 'param_3': 'f', 'param_4': 'v', 'param_5': 'm', 'nspname_1': 'pg_catalog'}
2025-12-06 20:55:37,944 - sqlalchemy.engine.Engine - INFO - SELECT pg_catalog.pg_class.relname 
FROM pg_catalog.pg_class JOIN pg_catalog.pg_namespace ON pg_catalog.pg_namespace.oid = pg_catalog.pg_class.relnamespace 
WHERE pg_catalog.pg_class.relname = %(table_name)s AND pg_catalog.pg_class.relkind = ANY (ARRAY[%(param_1)s, %(param_2)s, %(param_3)s, %(param_4)s, %(param_5)s]) AND pg_catalog.pg_table_is_visible(pg_catalog.pg_class.oid) AND pg_catalog.pg_namespace.nspname != %(nspname_1)s
2025-12-06 20:55:37,944 - sqlalchemy.engine.Engine - INFO - [cached since 0.009671s ago] {'table_name': 'tickets', 'param_1': 'r', 'param_2': 'p', 'param_3': 'f', 'param_4': 'v', 'param_5': 'm', 'nspname_1': 'pg_catalog'}
2025-12-06 20:55:37,944 - sqlalchemy.engine.Engine - INFO - SELECT pg_catalog.pg_class.relname 
FROM pg_catalog.pg_class JOIN pg_catalog.pg_namespace ON pg_catalog.pg_namespace.oid = pg_catalog.pg_class.relnamespace 
WHERE pg_catalog.pg_class.relname = %(table_name)s AND pg_catalog.pg_class.relkind = ANY (ARRAY[%(param_1)s, %(param_2)s, %(param_3)s, %(param_4)s, %(param_5)s]) AND pg_catalog.pg_table_is_visible(pg_catalog.pg_class.oid) AND pg_catalog.pg_namespace.nspname != %(nspname_1)s
2025-12-06 20:55:37,944 - sqlalchemy.engine.Engine - INFO - [cached since 0.01155s ago] {'table_name': 'test_executions', 'param_1': 'r', 'param_2': 'p', 'param_3': 'f', 'param_4': 'v', 'param_5': 'm', 'nspname_1': 'pg_catalog'}
2025-12-06 20:55:37,944 - sqlalchemy.engine.Engine - INFO - SELECT pg_catalog.pg_class.relname 
FROM pg_catalog.pg_class JOIN pg_catalog.pg_namespace ON pg_catalog.pg_namespace.oid = pg_catalog.pg_class.relnamespace 
WHERE pg_catalog.pg_class.relname = %(table_name)s AND pg_catalog.pg_class.relkind = ANY (ARRAY[%(param_1)s, %(param_2)s, %(param_3)s, %(param_4)s, %(param_5)s]) AND pg_catalog.pg_table_is_visible(pg_catalog.pg_class.oid) AND pg_catalog.pg_namespace.nspname != %(nspname_1)s
2025-12-06 20:55:37,944 - sqlalchemy.engine.Engine - INFO - [cached since 0.01339s ago] {'table_name': 'execution_steps', 'param_1': 'r', 'param_2': 'p', 'param_3': 'f', 'param_4': 'v', 'param_5': 'm', 'nspname_1': 'pg_catalog'}
2025-12-06 20:55:37,951 - sqlalchemy.engine.Engine - INFO - SELECT pg_catalog.pg_class.relname 
FROM pg_catalog.pg_class JOIN pg_catalog.pg_namespace ON pg_catalog.pg_namespace.oid = pg_catalog.pg_class.relnamespace 
WHERE pg_catalog.pg_class.relname = %(table_name)s AND pg_catalog.pg_class.relkind = ANY (ARRAY[%(param_1)s, %(param_2)s, %(param_3)s, %(param_4)s, %(param_5)s]) AND pg_catalog.pg_table_is_visible(pg_catalog.pg_class.oid) AND pg_catalog.pg_namespace.nspname != %(nspname_1)s
2025-12-06 20:55:37,951 - sqlalchemy.engine.Engine - INFO - [cached since 0.01532s ago] {'table_name': 'project_configs', 'param_1': 'r', 'param_2': 'p', 'param_3': 'f', 'param_4': 'v', 'param_5': 'm', 'nspname_1': 'pg_catalog'}
2025-12-06 20:55:37,953 - sqlalchemy.engine.Engine - INFO - COMMIT
2025-12-06 20:55:37,954 - TestAutomationAPI - INFO - Database tables verified
2025-12-06 20:56:18,684 - TestAutomationAPI - INFO - Starting Test Automation API...
2025-12-06 20:56:18,779 - sqlalchemy.engine.Engine - INFO - select pg_catalog.version()
2025-12-06 20:56:18,779 - sqlalchemy.engine.Engine - INFO - [raw sql] {}
2025-12-06 20:56:18,782 - sqlalchemy.engine.Engine - INFO - select current_schema()
2025-12-06 20:56:18,783 - sqlalchemy.engine.Engine - INFO - [raw sql] {}
2025-12-06 20:56:18,784 - sqlalchemy.engine.Engine - INFO - show standard_conforming_strings
2025-12-06 20:56:18,785 - sqlalchemy.engine.Engine - INFO - [raw sql] {}
2025-12-06 20:56:18,786 - sqlalchemy.engine.Engine - INFO - BEGIN (implicit)
2025-12-06 20:56:18,791 - sqlalchemy.engine.Engine - INFO - SELECT pg_catalog.pg_class.relname 
FROM pg_catalog.pg_class JOIN pg_catalog.pg_namespace ON pg_catalog.pg_namespace.oid = pg_catalog.pg_class.relnamespace 
WHERE pg_catalog.pg_class.relname = %(table_name)s AND pg_catalog.pg_class.relkind = ANY (ARRAY[%(param_1)s, %(param_2)s, %(param_3)s, %(param_4)s, %(param_5)s]) AND pg_catalog.pg_table_is_visible(pg_catalog.pg_class.oid) AND pg_catalog.pg_namespace.nspname != %(nspname_1)s
2025-12-06 20:56:18,793 - sqlalchemy.engine.Engine - INFO - [generated in 0.00075s] {'table_name': 'projects', 'param_1': 'r', 'param_2': 'p', 'param_3': 'f', 'param_4': 'v', 'param_5': 'm', 'nspname_1': 'pg_catalog'}
2025-12-06 20:56:18,799 - sqlalchemy.engine.Engine - INFO - SELECT pg_catalog.pg_class.relname 
FROM pg_catalog.pg_class JOIN pg_catalog.pg_namespace ON pg_catalog.pg_namespace.oid = pg_catalog.pg_class.relnamespace 
WHERE pg_catalog.pg_class.relname = %(table_name)s AND pg_catalog.pg_class.relkind = ANY (ARRAY[%(param_1)s, %(param_2)s, %(param_3)s, %(param_4)s, %(param_5)s]) AND pg_catalog.pg_table_is_visible(pg_catalog.pg_class.oid) AND pg_catalog.pg_namespace.nspname != %(nspname_1)s
2025-12-06 20:56:18,799 - sqlalchemy.engine.Engine - INFO - [cached since 0.007157s ago] {'table_name': 'testers', 'param_1': 'r', 'param_2': 'p', 'param_3': 'f', 'param_4': 'v', 'param_5': 'm', 'nspname_1': 'pg_catalog'}
2025-12-06 20:56:18,801 - sqlalchemy.engine.Engine - INFO - SELECT pg_catalog.pg_class.relname 
FROM pg_catalog.pg_class JOIN pg_catalog.pg_namespace ON pg_catalog.pg_namespace.oid = pg_catalog.pg_class.relnamespace 
WHERE pg_catalog.pg_class.relname = %(table_name)s AND pg_catalog.pg_class.relkind = ANY (ARRAY[%(param_1)s, %(param_2)s, %(param_3)s, %(param_4)s, %(param_5)s]) AND pg_catalog.pg_table_is_visible(pg_catalog.pg_class.oid) AND pg_catalog.pg_namespace.nspname != %(nspname_1)s
2025-12-06 20:56:18,801 - sqlalchemy.engine.Engine - INFO - [cached since 0.009632s ago] {'table_name': 'tickets', 'param_1': 'r', 'param_2': 'p', 'param_3': 'f', 'param_4': 'v', 'param_5': 'm', 'nspname_1': 'pg_catalog'}
2025-12-06 20:56:18,803 - sqlalchemy.engine.Engine - INFO - SELECT pg_catalog.pg_class.relname 
FROM pg_catalog.pg_class JOIN pg_catalog.pg_namespace ON pg_catalog.pg_namespace.oid = pg_catalog.pg_class.relnamespace 
WHERE pg_catalog.pg_class.relname = %(table_name)s AND pg_catalog.pg_class.relkind = ANY (ARRAY[%(param_1)s, %(param_2)s, %(param_3)s, %(param_4)s, %(param_5)s]) AND pg_catalog.pg_table_is_visible(pg_catalog.pg_class.oid) AND pg_catalog.pg_namespace.nspname != %(nspname_1)s
2025-12-06 20:56:18,804 - sqlalchemy.engine.Engine - INFO - [cached since 0.01206s ago] {'table_name': 'test_executions', 'param_1': 'r', 'param_2': 'p', 'param_3': 'f', 'param_4': 'v', 'param_5': 'm', 'nspname_1': 'pg_catalog'}
2025-12-06 20:56:18,805 - sqlalchemy.engine.Engine - INFO - SELECT pg_catalog.pg_class.relname 
FROM pg_catalog.pg_class JOIN pg_catalog.pg_namespace ON pg_catalog.pg_namespace.oid = pg_catalog.pg_class.relnamespace 
WHERE pg_catalog.pg_class.relname = %(table_name)s AND pg_catalog.pg_class.relkind = ANY (ARRAY[%(param_1)s, %(param_2)s, %(param_3)s, %(param_4)s, %(param_5)s]) AND pg_catalog.pg_table_is_visible(pg_catalog.pg_class.oid) AND pg_catalog.pg_namespace.nspname != %(nspname_1)s
2025-12-06 20:56:18,806 - sqlalchemy.engine.Engine - INFO - [cached since 0.01401s ago] {'table_name': 'execution_steps', 'param_1': 'r', 'param_2': 'p', 'param_3': 'f', 'param_4': 'v', 'param_5': 'm', 'nspname_1': 'pg_catalog'}
2025-12-06 20:56:18,806 - sqlalchemy.engine.Engine - INFO - SELECT pg_catalog.pg_class.relname 
FROM pg_catalog.pg_class JOIN pg_catalog.pg_namespace ON pg_catalog.pg_namespace.oid = pg_catalog.pg_class.relnamespace 
WHERE pg_catalog.pg_class.relname = %(table_name)s AND pg_catalog.pg_class.relkind = ANY (ARRAY[%(param_1)s, %(param_2)s, %(param_3)s, %(param_4)s, %(param_5)s]) AND pg_catalog.pg_table_is_visible(pg_catalog.pg_class.oid) AND pg_catalog.pg_namespace.nspname != %(nspname_1)s
2025-12-06 20:56:18,806 - sqlalchemy.engine.Engine - INFO - [cached since 0.01592s ago] {'table_name': 'project_configs', 'param_1': 'r', 'param_2': 'p', 'param_3': 'f', 'param_4': 'v', 'param_5': 'm', 'nspname_1': 'pg_catalog'}
2025-12-06 20:56:18,806 - sqlalchemy.engine.Engine - INFO - COMMIT
2025-12-06 20:56:18,806 - TestAutomationAPI - INFO - Database tables verified
2025-12-06 20:56:22,389 - TestAutomationAPI - INFO - Starting Test Automation API...
2025-12-06 20:56:22,479 - sqlalchemy.engine.Engine - INFO - select pg_catalog.version()
2025-12-06 20:56:22,479 - sqlalchemy.engine.Engine - INFO - [raw sql] {}
2025-12-06 20:56:22,479 - sqlalchemy.engine.Engine - INFO - select current_schema()
2025-12-06 20:56:22,479 - sqlalchemy.engine.Engine - INFO - [raw sql] {}
2025-12-06 20:56:22,479 - sqlalchemy.engine.Engine - INFO - show standard_conforming_strings
2025-12-06 20:56:22,479 - sqlalchemy.engine.Engine - INFO - [raw sql] {}
2025-12-06 20:56:22,488 - sqlalchemy.engine.Engine - INFO - BEGIN (implicit)
2025-12-06 20:56:22,494 - sqlalchemy.engine.Engine - INFO - SELECT pg_catalog.pg_class.relname 
FROM pg_catalog.pg_class JOIN pg_catalog.pg_namespace ON pg_catalog.pg_namespace.oid = pg_catalog.pg_class.relnamespace 
WHERE pg_catalog.pg_class.relname = %(table_name)s AND pg_catalog.pg_class.relkind = ANY (ARRAY[%(param_1)s, %(param_2)s, %(param_3)s, %(param_4)s, %(param_5)s]) AND pg_catalog.pg_table_is_visible(pg_catalog.pg_class.oid) AND pg_catalog.pg_namespace.nspname != %(nspname_1)s
2025-12-06 20:56:22,494 - sqlalchemy.engine.Engine - INFO - [generated in 0.00073s] {'table_name': 'projects', 'param_1': 'r', 'param_2': 'p', 'param_3': 'f', 'param_4': 'v', 'param_5': 'm', 'nspname_1': 'pg_catalog'}
2025-12-06 20:56:22,500 - sqlalchemy.engine.Engine - INFO - SELECT pg_catalog.pg_class.relname 
FROM pg_catalog.pg_class JOIN pg_catalog.pg_namespace ON pg_catalog.pg_namespace.oid = pg_catalog.pg_class.relnamespace 
WHERE pg_catalog.pg_class.relname = %(table_name)s AND pg_catalog.pg_class.relkind = ANY (ARRAY[%(param_1)s, %(param_2)s, %(param_3)s, %(param_4)s, %(param_5)s]) AND pg_catalog.pg_table_is_visible(pg_catalog.pg_class.oid) AND pg_catalog.pg_namespace.nspname != %(nspname_1)s
2025-12-06 20:56:22,500 - sqlalchemy.engine.Engine - INFO - [cached since 0.007653s ago] {'table_name': 'testers', 'param_1': 'r', 'param_2': 'p', 'param_3': 'f', 'param_4': 'v', 'param_5': 'm', 'nspname_1': 'pg_catalog'}
2025-12-06 20:56:22,503 - sqlalchemy.engine.Engine - INFO - SELECT pg_catalog.pg_class.relname 
FROM pg_catalog.pg_class JOIN pg_catalog.pg_namespace ON pg_catalog.pg_namespace.oid = pg_catalog.pg_class.relnamespace 
WHERE pg_catalog.pg_class.relname = %(table_name)s AND pg_catalog.pg_class.relkind = ANY (ARRAY[%(param_1)s, %(param_2)s, %(param_3)s, %(param_4)s, %(param_5)s]) AND pg_catalog.pg_table_is_visible(pg_catalog.pg_class.oid) AND pg_catalog.pg_namespace.nspname != %(nspname_1)s
2025-12-06 20:56:22,503 - sqlalchemy.engine.Engine - INFO - [cached since 0.009692s ago] {'table_name': 'tickets', 'param_1': 'r', 'param_2': 'p', 'param_3': 'f', 'param_4': 'v', 'param_5': 'm', 'nspname_1': 'pg_catalog'}
2025-12-06 20:56:22,504 - sqlalchemy.engine.Engine - INFO - SELECT pg_catalog.pg_class.relname 
FROM pg_catalog.pg_class JOIN pg_catalog.pg_namespace ON pg_catalog.pg_namespace.oid = pg_catalog.pg_class.relnamespace 
WHERE pg_catalog.pg_class.relname = %(table_name)s AND pg_catalog.pg_class.relkind = ANY (ARRAY[%(param_1)s, %(param_2)s, %(param_3)s, %(param_4)s, %(param_5)s]) AND pg_catalog.pg_table_is_visible(pg_catalog.pg_class.oid) AND pg_catalog.pg_namespace.nspname != %(nspname_1)s
2025-12-06 20:56:22,505 - sqlalchemy.engine.Engine - INFO - [cached since 0.0114s ago] {'table_name': 'test_executions', 'param_1': 'r', 'param_2': 'p', 'param_3': 'f', 'param_4': 'v', 'param_5': 'm', 'nspname_1': 'pg_catalog'}
2025-12-06 20:56:22,506 - sqlalchemy.engine.Engine - INFO - SELECT pg_catalog.pg_class.relname 
FROM pg_catalog.pg_class JOIN pg_catalog.pg_namespace ON pg_catalog.pg_namespace.oid = pg_catalog.pg_class.relnamespace 
WHERE pg_catalog.pg_class.relname = %(table_name)s AND pg_catalog.pg_class.relkind = ANY (ARRAY[%(param_1)s, %(param_2)s, %(param_3)s, %(param_4)s, %(param_5)s]) AND pg_catalog.pg_table_is_visible(pg_catalog.pg_class.oid) AND pg_catalog.pg_namespace.nspname != %(nspname_1)s
2025-12-06 20:56:22,507 - sqlalchemy.engine.Engine - INFO - [cached since 0.01315s ago] {'table_name': 'execution_steps', 'param_1': 'r', 'param_2': 'p', 'param_3': 'f', 'param_4': 'v', 'param_5': 'm', 'nspname_1': 'pg_catalog'}
2025-12-06 20:56:22,508 - sqlalchemy.engine.Engine - INFO - SELECT pg_catalog.pg_class.relname 
FROM pg_catalog.pg_class JOIN pg_catalog.pg_namespace ON pg_catalog.pg_namespace.oid = pg_catalog.pg_class.relnamespace 
WHERE pg_catalog.pg_class.relname = %(table_name)s AND pg_catalog.pg_class.relkind = ANY (ARRAY[%(param_1)s, %(param_2)s, %(param_3)s, %(param_4)s, %(param_5)s]) AND pg_catalog.pg_table_is_visible(pg_catalog.pg_class.oid) AND pg_catalog.pg_namespace.nspname != %(nspname_1)s
2025-12-06 20:56:22,508 - sqlalchemy.engine.Engine - INFO - [cached since 0.01495s ago] {'table_name': 'project_configs', 'param_1': 'r', 'param_2': 'p', 'param_3': 'f', 'param_4': 'v', 'param_5': 'm', 'nspname_1': 'pg_catalog'}
2025-12-06 20:56:22,510 - sqlalchemy.engine.Engine - INFO - COMMIT
2025-12-06 20:56:22,510 - TestAutomationAPI - INFO - Database tables verified
2025-12-06 20:56:36,100 - TestAutomationAPI - INFO - Starting Test Automation API...
2025-12-06 20:56:36,188 - sqlalchemy.engine.Engine - INFO - select pg_catalog.version()
2025-12-06 20:56:36,188 - sqlalchemy.engine.Engine - INFO - [raw sql] {}
2025-12-06 20:56:36,188 - sqlalchemy.engine.Engine - INFO - select current_schema()
2025-12-06 20:56:36,188 - sqlalchemy.engine.Engine - INFO - [raw sql] {}
2025-12-06 20:56:36,188 - sqlalchemy.engine.Engine - INFO - show standard_conforming_strings
2025-12-06 20:56:36,188 - sqlalchemy.engine.Engine - INFO - [raw sql] {}
2025-12-06 20:56:36,198 - sqlalchemy.engine.Engine - INFO - BEGIN (implicit)
2025-12-06 20:56:36,203 - sqlalchemy.engine.Engine - INFO - SELECT pg_catalog.pg_class.relname 
FROM pg_catalog.pg_class JOIN pg_catalog.pg_namespace ON pg_catalog.pg_namespace.oid = pg_catalog.pg_class.relnamespace 
WHERE pg_catalog.pg_class.relname = %(table_name)s AND pg_catalog.pg_class.relkind = ANY (ARRAY[%(param_1)s, %(param_2)s, %(param_3)s, %(param_4)s, %(param_5)s]) AND pg_catalog.pg_table_is_visible(pg_catalog.pg_class.oid) AND pg_catalog.pg_namespace.nspname != %(nspname_1)s
2025-12-06 20:56:36,204 - sqlalchemy.engine.Engine - INFO - [generated in 0.00089s] {'table_name': 'projects', 'param_1': 'r', 'param_2': 'p', 'param_3': 'f', 'param_4': 'v', 'param_5': 'm', 'nspname_1': 'pg_catalog'}
2025-12-06 20:56:36,209 - sqlalchemy.engine.Engine - INFO - SELECT pg_catalog.pg_class.relname 
FROM pg_catalog.pg_class JOIN pg_catalog.pg_namespace ON pg_catalog.pg_namespace.oid = pg_catalog.pg_class.relnamespace 
WHERE pg_catalog.pg_class.relname = %(table_name)s AND pg_catalog.pg_class.relkind = ANY (ARRAY[%(param_1)s, %(param_2)s, %(param_3)s, %(param_4)s, %(param_5)s]) AND pg_catalog.pg_table_is_visible(pg_catalog.pg_class.oid) AND pg_catalog.pg_namespace.nspname != %(nspname_1)s
2025-12-06 20:56:36,209 - sqlalchemy.engine.Engine - INFO - [cached since 0.006454s ago] {'table_name': 'testers', 'param_1': 'r', 'param_2': 'p', 'param_3': 'f', 'param_4': 'v', 'param_5': 'm', 'nspname_1': 'pg_catalog'}
2025-12-06 20:56:36,209 - sqlalchemy.engine.Engine - INFO - SELECT pg_catalog.pg_class.relname 
FROM pg_catalog.pg_class JOIN pg_catalog.pg_namespace ON pg_catalog.pg_namespace.oid = pg_catalog.pg_class.relnamespace 
WHERE pg_catalog.pg_class.relname = %(table_name)s AND pg_catalog.pg_class.relkind = ANY (ARRAY[%(param_1)s, %(param_2)s, %(param_3)s, %(param_4)s, %(param_5)s]) AND pg_catalog.pg_table_is_visible(pg_catalog.pg_class.oid) AND pg_catalog.pg_namespace.nspname != %(nspname_1)s
2025-12-06 20:56:36,209 - sqlalchemy.engine.Engine - INFO - [cached since 0.008306s ago] {'table_name': 'tickets', 'param_1': 'r', 'param_2': 'p', 'param_3': 'f', 'param_4': 'v', 'param_5': 'm', 'nspname_1': 'pg_catalog'}
2025-12-06 20:56:36,209 - sqlalchemy.engine.Engine - INFO - SELECT pg_catalog.pg_class.relname 
FROM pg_catalog.pg_class JOIN pg_catalog.pg_namespace ON pg_catalog.pg_namespace.oid = pg_catalog.pg_class.relnamespace 
WHERE pg_catalog.pg_class.relname = %(table_name)s AND pg_catalog.pg_class.relkind = ANY (ARRAY[%(param_1)s, %(param_2)s, %(param_3)s, %(param_4)s, %(param_5)s]) AND pg_catalog.pg_table_is_visible(pg_catalog.pg_class.oid) AND pg_catalog.pg_namespace.nspname != %(nspname_1)s
2025-12-06 20:56:36,209 - sqlalchemy.engine.Engine - INFO - [cached since 0.009883s ago] {'table_name': 'test_executions', 'param_1': 'r', 'param_2': 'p', 'param_3': 'f', 'param_4': 'v', 'param_5': 'm', 'nspname_1': 'pg_catalog'}
2025-12-06 20:56:36,209 - sqlalchemy.engine.Engine - INFO - SELECT pg_catalog.pg_class.relname 
FROM pg_catalog.pg_class JOIN pg_catalog.pg_namespace ON pg_catalog.pg_namespace.oid = pg_catalog.pg_class.relnamespace 
WHERE pg_catalog.pg_class.relname = %(table_name)s AND pg_catalog.pg_class.relkind = ANY (ARRAY[%(param_1)s, %(param_2)s, %(param_3)s, %(param_4)s, %(param_5)s]) AND pg_catalog.pg_table_is_visible(pg_catalog.pg_class.oid) AND pg_catalog.pg_namespace.nspname != %(nspname_1)s
2025-12-06 20:56:36,215 - sqlalchemy.engine.Engine - INFO - [cached since 0.01144s ago] {'table_name': 'execution_steps', 'param_1': 'r', 'param_2': 'p', 'param_3': 'f', 'param_4': 'v', 'param_5': 'm', 'nspname_1': 'pg_catalog'}
2025-12-06 20:56:36,216 - sqlalchemy.engine.Engine - INFO - SELECT pg_catalog.pg_class.relname 
FROM pg_catalog.pg_class JOIN pg_catalog.pg_namespace ON pg_catalog.pg_namespace.oid = pg_catalog.pg_class.relnamespace 
WHERE pg_catalog.pg_class.relname = %(table_name)s AND pg_catalog.pg_class.relkind = ANY (ARRAY[%(param_1)s, %(param_2)s, %(param_3)s, %(param_4)s, %(param_5)s]) AND pg_catalog.pg_table_is_visible(pg_catalog.pg_class.oid) AND pg_catalog.pg_namespace.nspname != %(nspname_1)s
2025-12-06 20:56:36,216 - sqlalchemy.engine.Engine - INFO - [cached since 0.01307s ago] {'table_name': 'project_configs', 'param_1': 'r', 'param_2': 'p', 'param_3': 'f', 'param_4': 'v', 'param_5': 'm', 'nspname_1': 'pg_catalog'}
2025-12-06 20:56:36,218 - sqlalchemy.engine.Engine - INFO - COMMIT
2025-12-06 20:56:36,218 - TestAutomationAPI - INFO - Database tables verified
2025-12-06 21:03:57,949 - TestAutomationAPI - INFO - Starting Test Automation API...
2025-12-06 21:03:58,143 - sqlalchemy.engine.Engine - INFO - select pg_catalog.version()
2025-12-06 21:03:58,143 - sqlalchemy.engine.Engine - INFO - [raw sql] {}
2025-12-06 21:03:58,143 - sqlalchemy.engine.Engine - INFO - select current_schema()
2025-12-06 21:03:58,146 - sqlalchemy.engine.Engine - INFO - [raw sql] {}
2025-12-06 21:03:58,147 - sqlalchemy.engine.Engine - INFO - show standard_conforming_strings
2025-12-06 21:03:58,147 - sqlalchemy.engine.Engine - INFO - [raw sql] {}
2025-12-06 21:03:58,150 - sqlalchemy.engine.Engine - INFO - BEGIN (implicit)
2025-12-06 21:03:58,153 - sqlalchemy.engine.Engine - INFO - SELECT pg_catalog.pg_class.relname 
FROM pg_catalog.pg_class JOIN pg_catalog.pg_namespace ON pg_catalog.pg_namespace.oid = pg_catalog.pg_class.relnamespace 
WHERE pg_catalog.pg_class.relname = %(table_name)s AND pg_catalog.pg_class.relkind = ANY (ARRAY[%(param_1)s, %(param_2)s, %(param_3)s, %(param_4)s, %(param_5)s]) AND pg_catalog.pg_table_is_visible(pg_catalog.pg_class.oid) AND pg_catalog.pg_namespace.nspname != %(nspname_1)s
2025-12-06 21:03:58,153 - sqlalchemy.engine.Engine - INFO - [generated in 0.00076s] {'table_name': 'projects', 'param_1': 'r', 'param_2': 'p', 'param_3': 'f', 'param_4': 'v', 'param_5': 'm', 'nspname_1': 'pg_catalog'}
2025-12-06 21:03:58,159 - sqlalchemy.engine.Engine - INFO - SELECT pg_catalog.pg_class.relname 
FROM pg_catalog.pg_class JOIN pg_catalog.pg_namespace ON pg_catalog.pg_namespace.oid = pg_catalog.pg_class.relnamespace 
WHERE pg_catalog.pg_class.relname = %(table_name)s AND pg_catalog.pg_class.relkind = ANY (ARRAY[%(param_1)s, %(param_2)s, %(param_3)s, %(param_4)s, %(param_5)s]) AND pg_catalog.pg_table_is_visible(pg_catalog.pg_class.oid) AND pg_catalog.pg_namespace.nspname != %(nspname_1)s
2025-12-06 21:03:58,159 - sqlalchemy.engine.Engine - INFO - [cached since 0.007348s ago] {'table_name': 'testers', 'param_1': 'r', 'param_2': 'p', 'param_3': 'f', 'param_4': 'v', 'param_5': 'm', 'nspname_1': 'pg_catalog'}
2025-12-06 21:03:58,164 - sqlalchemy.engine.Engine - INFO - SELECT pg_catalog.pg_class.relname 
FROM pg_catalog.pg_class JOIN pg_catalog.pg_namespace ON pg_catalog.pg_namespace.oid = pg_catalog.pg_class.relnamespace 
WHERE pg_catalog.pg_class.relname = %(table_name)s AND pg_catalog.pg_class.relkind = ANY (ARRAY[%(param_1)s, %(param_2)s, %(param_3)s, %(param_4)s, %(param_5)s]) AND pg_catalog.pg_table_is_visible(pg_catalog.pg_class.oid) AND pg_catalog.pg_namespace.nspname != %(nspname_1)s
2025-12-06 21:03:58,164 - sqlalchemy.engine.Engine - INFO - [cached since 0.009521s ago] {'table_name': 'tickets', 'param_1': 'r', 'param_2': 'p', 'param_3': 'f', 'param_4': 'v', 'param_5': 'm', 'nspname_1': 'pg_catalog'}
2025-12-06 21:03:58,166 - sqlalchemy.engine.Engine - INFO - SELECT pg_catalog.pg_class.relname 
FROM pg_catalog.pg_class JOIN pg_catalog.pg_namespace ON pg_catalog.pg_namespace.oid = pg_catalog.pg_class.relnamespace 
WHERE pg_catalog.pg_class.relname = %(table_name)s AND pg_catalog.pg_class.relkind = ANY (ARRAY[%(param_1)s, %(param_2)s, %(param_3)s, %(param_4)s, %(param_5)s]) AND pg_catalog.pg_table_is_visible(pg_catalog.pg_class.oid) AND pg_catalog.pg_namespace.nspname != %(nspname_1)s
2025-12-06 21:03:58,166 - sqlalchemy.engine.Engine - INFO - [cached since 0.01166s ago] {'table_name': 'test_executions', 'param_1': 'r', 'param_2': 'p', 'param_3': 'f', 'param_4': 'v', 'param_5': 'm', 'nspname_1': 'pg_catalog'}
2025-12-06 21:03:58,168 - sqlalchemy.engine.Engine - INFO - SELECT pg_catalog.pg_class.relname 
FROM pg_catalog.pg_class JOIN pg_catalog.pg_namespace ON pg_catalog.pg_namespace.oid = pg_catalog.pg_class.relnamespace 
WHERE pg_catalog.pg_class.relname = %(table_name)s AND pg_catalog.pg_class.relkind = ANY (ARRAY[%(param_1)s, %(param_2)s, %(param_3)s, %(param_4)s, %(param_5)s]) AND pg_catalog.pg_table_is_visible(pg_catalog.pg_class.oid) AND pg_catalog.pg_namespace.nspname != %(nspname_1)s
2025-12-06 21:03:58,169 - sqlalchemy.engine.Engine - INFO - [cached since 0.01409s ago] {'table_name': 'execution_steps', 'param_1': 'r', 'param_2': 'p', 'param_3': 'f', 'param_4': 'v', 'param_5': 'm', 'nspname_1': 'pg_catalog'}
2025-12-06 21:03:58,170 - sqlalchemy.engine.Engine - INFO - SELECT pg_catalog.pg_class.relname 
FROM pg_catalog.pg_class JOIN pg_catalog.pg_namespace ON pg_catalog.pg_namespace.oid = pg_catalog.pg_class.relnamespace 
WHERE pg_catalog.pg_class.relname = %(table_name)s AND pg_catalog.pg_class.relkind = ANY (ARRAY[%(param_1)s, %(param_2)s, %(param_3)s, %(param_4)s, %(param_5)s]) AND pg_catalog.pg_table_is_visible(pg_catalog.pg_class.oid) AND pg_catalog.pg_namespace.nspname != %(nspname_1)s
2025-12-06 21:03:58,170 - sqlalchemy.engine.Engine - INFO - [cached since 0.01642s ago] {'table_name': 'project_configs', 'param_1': 'r', 'param_2': 'p', 'param_3': 'f', 'param_4': 'v', 'param_5': 'm', 'nspname_1': 'pg_catalog'}
2025-12-06 21:03:58,170 - sqlalchemy.engine.Engine - INFO - COMMIT
2025-12-06 21:03:58,170 - TestAutomationAPI - INFO - Database tables verified
2025-12-06 21:04:02,336 - TestAutomationAPI - INFO - Starting Test Automation API...
2025-12-06 21:04:02,424 - sqlalchemy.engine.Engine - INFO - select pg_catalog.version()
2025-12-06 21:04:02,429 - sqlalchemy.engine.Engine - INFO - [raw sql] {}
2025-12-06 21:04:02,430 - sqlalchemy.engine.Engine - INFO - select current_schema()
2025-12-06 21:04:02,430 - sqlalchemy.engine.Engine - INFO - [raw sql] {}
2025-12-06 21:04:02,430 - sqlalchemy.engine.Engine - INFO - show standard_conforming_strings
2025-12-06 21:04:02,430 - sqlalchemy.engine.Engine - INFO - [raw sql] {}
2025-12-06 21:04:02,430 - sqlalchemy.engine.Engine - INFO - BEGIN (implicit)
2025-12-06 21:04:02,430 - sqlalchemy.engine.Engine - INFO - SELECT pg_catalog.pg_class.relname 
FROM pg_catalog.pg_class JOIN pg_catalog.pg_namespace ON pg_catalog.pg_namespace.oid = pg_catalog.pg_class.relnamespace 
WHERE pg_catalog.pg_class.relname = %(table_name)s AND pg_catalog.pg_class.relkind = ANY (ARRAY[%(param_1)s, %(param_2)s, %(param_3)s, %(param_4)s, %(param_5)s]) AND pg_catalog.pg_table_is_visible(pg_catalog.pg_class.oid) AND pg_catalog.pg_namespace.nspname != %(nspname_1)s
2025-12-06 21:04:02,439 - sqlalchemy.engine.Engine - INFO - [generated in 0.00061s] {'table_name': 'projects', 'param_1': 'r', 'param_2': 'p', 'param_3': 'f', 'param_4': 'v', 'param_5': 'm', 'nspname_1': 'pg_catalog'}
2025-12-06 21:04:02,439 - sqlalchemy.engine.Engine - INFO - SELECT pg_catalog.pg_class.relname 
FROM pg_catalog.pg_class JOIN pg_catalog.pg_namespace ON pg_catalog.pg_namespace.oid = pg_catalog.pg_class.relnamespace 
WHERE pg_catalog.pg_class.relname = %(table_name)s AND pg_catalog.pg_class.relkind = ANY (ARRAY[%(param_1)s, %(param_2)s, %(param_3)s, %(param_4)s, %(param_5)s]) AND pg_catalog.pg_table_is_visible(pg_catalog.pg_class.oid) AND pg_catalog.pg_namespace.nspname != %(nspname_1)s
2025-12-06 21:04:02,445 - sqlalchemy.engine.Engine - INFO - [cached since 0.006452s ago] {'table_name': 'testers', 'param_1': 'r', 'param_2': 'p', 'param_3': 'f', 'param_4': 'v', 'param_5': 'm', 'nspname_1': 'pg_catalog'}
2025-12-06 21:04:02,446 - sqlalchemy.engine.Engine - INFO - SELECT pg_catalog.pg_class.relname 
FROM pg_catalog.pg_class JOIN pg_catalog.pg_namespace ON pg_catalog.pg_namespace.oid = pg_catalog.pg_class.relnamespace 
WHERE pg_catalog.pg_class.relname = %(table_name)s AND pg_catalog.pg_class.relkind = ANY (ARRAY[%(param_1)s, %(param_2)s, %(param_3)s, %(param_4)s, %(param_5)s]) AND pg_catalog.pg_table_is_visible(pg_catalog.pg_class.oid) AND pg_catalog.pg_namespace.nspname != %(nspname_1)s
2025-12-06 21:04:02,447 - sqlalchemy.engine.Engine - INFO - [cached since 0.008898s ago] {'table_name': 'tickets', 'param_1': 'r', 'param_2': 'p', 'param_3': 'f', 'param_4': 'v', 'param_5': 'm', 'nspname_1': 'pg_catalog'}
2025-12-06 21:04:02,449 - sqlalchemy.engine.Engine - INFO - SELECT pg_catalog.pg_class.relname 
FROM pg_catalog.pg_class JOIN pg_catalog.pg_namespace ON pg_catalog.pg_namespace.oid = pg_catalog.pg_class.relnamespace 
WHERE pg_catalog.pg_class.relname = %(table_name)s AND pg_catalog.pg_class.relkind = ANY (ARRAY[%(param_1)s, %(param_2)s, %(param_3)s, %(param_4)s, %(param_5)s]) AND pg_catalog.pg_table_is_visible(pg_catalog.pg_class.oid) AND pg_catalog.pg_namespace.nspname != %(nspname_1)s
2025-12-06 21:04:02,449 - sqlalchemy.engine.Engine - INFO - [cached since 0.01125s ago] {'table_name': 'test_executions', 'param_1': 'r', 'param_2': 'p', 'param_3': 'f', 'param_4': 'v', 'param_5': 'm', 'nspname_1': 'pg_catalog'}
2025-12-06 21:04:02,451 - sqlalchemy.engine.Engine - INFO - SELECT pg_catalog.pg_class.relname 
FROM pg_catalog.pg_class JOIN pg_catalog.pg_namespace ON pg_catalog.pg_namespace.oid = pg_catalog.pg_class.relnamespace 
WHERE pg_catalog.pg_class.relname = %(table_name)s AND pg_catalog.pg_class.relkind = ANY (ARRAY[%(param_1)s, %(param_2)s, %(param_3)s, %(param_4)s, %(param_5)s]) AND pg_catalog.pg_table_is_visible(pg_catalog.pg_class.oid) AND pg_catalog.pg_namespace.nspname != %(nspname_1)s
2025-12-06 21:04:02,452 - sqlalchemy.engine.Engine - INFO - [cached since 0.01362s ago] {'table_name': 'execution_steps', 'param_1': 'r', 'param_2': 'p', 'param_3': 'f', 'param_4': 'v', 'param_5': 'm', 'nspname_1': 'pg_catalog'}
2025-12-06 21:04:02,452 - sqlalchemy.engine.Engine - INFO - SELECT pg_catalog.pg_class.relname 
FROM pg_catalog.pg_class JOIN pg_catalog.pg_namespace ON pg_catalog.pg_namespace.oid = pg_catalog.pg_class.relnamespace 
WHERE pg_catalog.pg_class.relname = %(table_name)s AND pg_catalog.pg_class.relkind = ANY (ARRAY[%(param_1)s, %(param_2)s, %(param_3)s, %(param_4)s, %(param_5)s]) AND pg_catalog.pg_table_is_visible(pg_catalog.pg_class.oid) AND pg_catalog.pg_namespace.nspname != %(nspname_1)s
2025-12-06 21:04:02,452 - sqlalchemy.engine.Engine - INFO - [cached since 0.01587s ago] {'table_name': 'project_configs', 'param_1': 'r', 'param_2': 'p', 'param_3': 'f', 'param_4': 'v', 'param_5': 'm', 'nspname_1': 'pg_catalog'}
2025-12-06 21:04:02,452 - sqlalchemy.engine.Engine - INFO - COMMIT
2025-12-06 21:04:02,452 - TestAutomationAPI - INFO - Database tables verified
