2025-11-19 10:07:17,108 - TestAutomationAPI - INFO - Starting Test Automation API...
2025-11-19 10:07:17,116 - TestAutomationAPI - INFO - Verified all directories exist
2025-11-19 10:07:17,555 - sqlalchemy.engine.Engine - INFO - select pg_catalog.version()
2025-11-19 10:07:17,555 - sqlalchemy.engine.Engine - INFO - [raw sql] {}
2025-11-19 10:07:17,555 - sqlalchemy.engine.Engine - INFO - select current_schema()
2025-11-19 10:07:17,555 - sqlalchemy.engine.Engine - INFO - [raw sql] {}
2025-11-19 10:07:17,555 - sqlalchemy.engine.Engine - INFO - show standard_conforming_strings
2025-11-19 10:07:17,555 - sqlalchemy.engine.Engine - INFO - [raw sql] {}
2025-11-19 10:07:17,555 - sqlalchemy.engine.Engine - INFO - BEGIN (implicit)
2025-11-19 10:07:17,572 - sqlalchemy.engine.Engine - INFO - SELECT pg_catalog.pg_class.relname 
FROM pg_catalog.pg_class JOIN pg_catalog.pg_namespace ON pg_catalog.pg_namespace.oid = pg_catalog.pg_class.relnamespace 
WHERE pg_catalog.pg_class.relname = %(table_name)s AND pg_catalog.pg_class.relkind = ANY (ARRAY[%(param_1)s, %(param_2)s, %(param_3)s, %(param_4)s, %(param_5)s]) AND pg_catalog.pg_table_is_visible(pg_catalog.pg_class.oid) AND pg_catalog.pg_namespace.nspname != %(nspname_1)s
2025-11-19 10:07:17,572 - sqlalchemy.engine.Engine - INFO - [generated in 0.00084s] {'table_name': 'projects', 'param_1': 'r', 'param_2': 'p', 'param_3': 'f', 'param_4': 'v', 'param_5': 'm', 'nspname_1': 'pg_catalog'}
2025-11-19 10:07:17,579 - sqlalchemy.engine.Engine - INFO - SELECT pg_catalog.pg_class.relname 
FROM pg_catalog.pg_class JOIN pg_catalog.pg_namespace ON pg_catalog.pg_namespace.oid = pg_catalog.pg_class.relnamespace 
WHERE pg_catalog.pg_class.relname = %(table_name)s AND pg_catalog.pg_class.relkind = ANY (ARRAY[%(param_1)s, %(param_2)s, %(param_3)s, %(param_4)s, %(param_5)s]) AND pg_catalog.pg_table_is_visible(pg_catalog.pg_class.oid) AND pg_catalog.pg_namespace.nspname != %(nspname_1)s
2025-11-19 10:07:17,583 - sqlalchemy.engine.Engine - INFO - [cached since 0.009866s ago] {'table_name': 'testers', 'param_1': 'r', 'param_2': 'p', 'param_3': 'f', 'param_4': 'v', 'param_5': 'm', 'nspname_1': 'pg_catalog'}
2025-11-19 10:07:17,583 - sqlalchemy.engine.Engine - INFO - SELECT pg_catalog.pg_class.relname 
FROM pg_catalog.pg_class JOIN pg_catalog.pg_namespace ON pg_catalog.pg_namespace.oid = pg_catalog.pg_class.relnamespace 
WHERE pg_catalog.pg_class.relname = %(table_name)s AND pg_catalog.pg_class.relkind = ANY (ARRAY[%(param_1)s, %(param_2)s, %(param_3)s, %(param_4)s, %(param_5)s]) AND pg_catalog.pg_table_is_visible(pg_catalog.pg_class.oid) AND pg_catalog.pg_namespace.nspname != %(nspname_1)s
2025-11-19 10:07:17,585 - sqlalchemy.engine.Engine - INFO - [cached since 0.01182s ago] {'table_name': 'tickets', 'param_1': 'r', 'param_2': 'p', 'param_3': 'f', 'param_4': 'v', 'param_5': 'm', 'nspname_1': 'pg_catalog'}
2025-11-19 10:07:17,587 - sqlalchemy.engine.Engine - INFO - SELECT pg_catalog.pg_class.relname 
FROM pg_catalog.pg_class JOIN pg_catalog.pg_namespace ON pg_catalog.pg_namespace.oid = pg_catalog.pg_class.relnamespace 
WHERE pg_catalog.pg_class.relname = %(table_name)s AND pg_catalog.pg_class.relkind = ANY (ARRAY[%(param_1)s, %(param_2)s, %(param_3)s, %(param_4)s, %(param_5)s]) AND pg_catalog.pg_table_is_visible(pg_catalog.pg_class.oid) AND pg_catalog.pg_namespace.nspname != %(nspname_1)s
2025-11-19 10:07:17,587 - sqlalchemy.engine.Engine - INFO - [cached since 0.01517s ago] {'table_name': 'test_executions', 'param_1': 'r', 'param_2': 'p', 'param_3': 'f', 'param_4': 'v', 'param_5': 'm', 'nspname_1': 'pg_catalog'}
2025-11-19 10:07:17,587 - sqlalchemy.engine.Engine - INFO - SELECT pg_catalog.pg_class.relname 
FROM pg_catalog.pg_class JOIN pg_catalog.pg_namespace ON pg_catalog.pg_namespace.oid = pg_catalog.pg_class.relnamespace 
WHERE pg_catalog.pg_class.relname = %(table_name)s AND pg_catalog.pg_class.relkind = ANY (ARRAY[%(param_1)s, %(param_2)s, %(param_3)s, %(param_4)s, %(param_5)s]) AND pg_catalog.pg_table_is_visible(pg_catalog.pg_class.oid) AND pg_catalog.pg_namespace.nspname != %(nspname_1)s
2025-11-19 10:07:17,587 - sqlalchemy.engine.Engine - INFO - [cached since 0.01747s ago] {'table_name': 'execution_steps', 'param_1': 'r', 'param_2': 'p', 'param_3': 'f', 'param_4': 'v', 'param_5': 'm', 'nspname_1': 'pg_catalog'}
2025-11-19 10:07:17,587 - sqlalchemy.engine.Engine - INFO - SELECT pg_catalog.pg_class.relname 
FROM pg_catalog.pg_class JOIN pg_catalog.pg_namespace ON pg_catalog.pg_namespace.oid = pg_catalog.pg_class.relnamespace 
WHERE pg_catalog.pg_class.relname = %(table_name)s AND pg_catalog.pg_class.relkind = ANY (ARRAY[%(param_1)s, %(param_2)s, %(param_3)s, %(param_4)s, %(param_5)s]) AND pg_catalog.pg_table_is_visible(pg_catalog.pg_class.oid) AND pg_catalog.pg_namespace.nspname != %(nspname_1)s
2025-11-19 10:07:17,587 - sqlalchemy.engine.Engine - INFO - [cached since 0.01923s ago] {'table_name': 'project_configs', 'param_1': 'r', 'param_2': 'p', 'param_3': 'f', 'param_4': 'v', 'param_5': 'm', 'nspname_1': 'pg_catalog'}
2025-11-19 10:07:17,593 - sqlalchemy.engine.Engine - INFO - COMMIT
2025-11-19 10:07:17,593 - TestAutomationAPI - INFO - Database tables verified
2025-11-19 10:07:17,606 - TestAutomationAPI - INFO - ======================================================================
2025-11-19 10:07:17,606 - TestAutomationAPI - INFO - Test Automation API Started Successfully
2025-11-19 10:07:17,606 - TestAutomationAPI - INFO - Host: 0.0.0.0:8000
2025-11-19 10:07:17,606 - TestAutomationAPI - INFO - Docs: http://0.0.0.0:8000/docs
2025-11-19 10:07:17,606 - TestAutomationAPI - INFO - ======================================================================
2025-11-19 10:48:29,206 - sqlalchemy.engine.Engine - INFO - BEGIN (implicit)
2025-11-19 10:48:29,220 - sqlalchemy.engine.Engine - INFO - SELECT tickets.id AS tickets_id, tickets.ticket_id AS tickets_ticket_id, tickets.project_id AS tickets_project_id, tickets.title AS tickets_title, tickets.module AS tickets_module, tickets.description AS tickets_description, tickets.acceptance_criteria AS tickets_acceptance_criteria, tickets.file_path AS tickets_file_path, tickets.created_at AS tickets_created_at 
FROM tickets 
WHERE tickets.ticket_id = %(ticket_id_1)s 
 LIMIT %(param_1)s
2025-11-19 10:48:29,222 - sqlalchemy.engine.Engine - INFO - [generated in 0.00222s] {'ticket_id_1': 'RBPLCD-8889', 'param_1': 1}
2025-11-19 10:48:29,270 - sqlalchemy.engine.Engine - INFO - ROLLBACK
2025-11-19 10:48:51,164 - sqlalchemy.engine.Engine - INFO - BEGIN (implicit)
2025-11-19 10:48:51,166 - sqlalchemy.engine.Engine - INFO - SELECT tickets.id AS tickets_id, tickets.ticket_id AS tickets_ticket_id, tickets.project_id AS tickets_project_id, tickets.title AS tickets_title, tickets.module AS tickets_module, tickets.description AS tickets_description, tickets.acceptance_criteria AS tickets_acceptance_criteria, tickets.file_path AS tickets_file_path, tickets.created_at AS tickets_created_at 
FROM tickets 
WHERE tickets.ticket_id = %(ticket_id_1)s 
 LIMIT %(param_1)s
2025-11-19 10:48:51,170 - sqlalchemy.engine.Engine - INFO - [cached since 21.95s ago] {'ticket_id_1': 'RBPLCD-8862', 'param_1': 1}
2025-11-19 10:48:51,183 - sqlalchemy.engine.Engine - INFO - ROLLBACK
2025-11-19 11:19:05,370 - sqlalchemy.engine.Engine - INFO - BEGIN (implicit)
2025-11-19 11:19:05,372 - sqlalchemy.engine.Engine - INFO - SELECT tickets.id AS tickets_id, tickets.ticket_id AS tickets_ticket_id, tickets.project_id AS tickets_project_id, tickets.title AS tickets_title, tickets.module AS tickets_module, tickets.description AS tickets_description, tickets.acceptance_criteria AS tickets_acceptance_criteria, tickets.file_path AS tickets_file_path, tickets.created_at AS tickets_created_at 
FROM tickets 
WHERE tickets.ticket_id = %(ticket_id_1)s 
 LIMIT %(param_1)s
2025-11-19 11:19:05,372 - sqlalchemy.engine.Engine - INFO - [cached since 1836s ago] {'ticket_id_1': 'RBPLCD-8889', 'param_1': 1}
2025-11-19 11:19:05,376 - sqlalchemy.engine.Engine - INFO - ROLLBACK
2025-11-19 15:37:47,536 - TestAutomationAPI - INFO - Test Automation API shutting down...
2025-11-19 15:37:50,005 - TestAutomationAPI - INFO - Starting Test Automation API...
2025-11-19 15:37:50,006 - TestAutomationAPI - INFO - Verified all directories exist
2025-11-19 15:37:50,071 - sqlalchemy.engine.Engine - INFO - select pg_catalog.version()
2025-11-19 15:37:50,072 - sqlalchemy.engine.Engine - INFO - [raw sql] {}
2025-11-19 15:37:50,073 - sqlalchemy.engine.Engine - INFO - select current_schema()
2025-11-19 15:37:50,074 - sqlalchemy.engine.Engine - INFO - [raw sql] {}
2025-11-19 15:37:50,075 - sqlalchemy.engine.Engine - INFO - show standard_conforming_strings
2025-11-19 15:37:50,076 - sqlalchemy.engine.Engine - INFO - [raw sql] {}
2025-11-19 15:37:50,077 - sqlalchemy.engine.Engine - INFO - BEGIN (implicit)
2025-11-19 15:37:50,081 - sqlalchemy.engine.Engine - INFO - SELECT pg_catalog.pg_class.relname 
FROM pg_catalog.pg_class JOIN pg_catalog.pg_namespace ON pg_catalog.pg_namespace.oid = pg_catalog.pg_class.relnamespace 
WHERE pg_catalog.pg_class.relname = %(table_name)s AND pg_catalog.pg_class.relkind = ANY (ARRAY[%(param_1)s, %(param_2)s, %(param_3)s, %(param_4)s, %(param_5)s]) AND pg_catalog.pg_table_is_visible(pg_catalog.pg_class.oid) AND pg_catalog.pg_namespace.nspname != %(nspname_1)s
2025-11-19 15:37:50,081 - sqlalchemy.engine.Engine - INFO - [generated in 0.00097s] {'table_name': 'projects', 'param_1': 'r', 'param_2': 'p', 'param_3': 'f', 'param_4': 'v', 'param_5': 'm', 'nspname_1': 'pg_catalog'}
2025-11-19 15:37:50,081 - sqlalchemy.engine.Engine - INFO - SELECT pg_catalog.pg_class.relname 
FROM pg_catalog.pg_class JOIN pg_catalog.pg_namespace ON pg_catalog.pg_namespace.oid = pg_catalog.pg_class.relnamespace 
WHERE pg_catalog.pg_class.relname = %(table_name)s AND pg_catalog.pg_class.relkind = ANY (ARRAY[%(param_1)s, %(param_2)s, %(param_3)s, %(param_4)s, %(param_5)s]) AND pg_catalog.pg_table_is_visible(pg_catalog.pg_class.oid) AND pg_catalog.pg_namespace.nspname != %(nspname_1)s
2025-11-19 15:37:50,081 - sqlalchemy.engine.Engine - INFO - [cached since 0.006759s ago] {'table_name': 'testers', 'param_1': 'r', 'param_2': 'p', 'param_3': 'f', 'param_4': 'v', 'param_5': 'm', 'nspname_1': 'pg_catalog'}
2025-11-19 15:37:50,081 - sqlalchemy.engine.Engine - INFO - SELECT pg_catalog.pg_class.relname 
FROM pg_catalog.pg_class JOIN pg_catalog.pg_namespace ON pg_catalog.pg_namespace.oid = pg_catalog.pg_class.relnamespace 
WHERE pg_catalog.pg_class.relname = %(table_name)s AND pg_catalog.pg_class.relkind = ANY (ARRAY[%(param_1)s, %(param_2)s, %(param_3)s, %(param_4)s, %(param_5)s]) AND pg_catalog.pg_table_is_visible(pg_catalog.pg_class.oid) AND pg_catalog.pg_namespace.nspname != %(nspname_1)s
2025-11-19 15:37:50,081 - sqlalchemy.engine.Engine - INFO - [cached since 0.008636s ago] {'table_name': 'tickets', 'param_1': 'r', 'param_2': 'p', 'param_3': 'f', 'param_4': 'v', 'param_5': 'm', 'nspname_1': 'pg_catalog'}
2025-11-19 15:37:50,081 - sqlalchemy.engine.Engine - INFO - SELECT pg_catalog.pg_class.relname 
FROM pg_catalog.pg_class JOIN pg_catalog.pg_namespace ON pg_catalog.pg_namespace.oid = pg_catalog.pg_class.relnamespace 
WHERE pg_catalog.pg_class.relname = %(table_name)s AND pg_catalog.pg_class.relkind = ANY (ARRAY[%(param_1)s, %(param_2)s, %(param_3)s, %(param_4)s, %(param_5)s]) AND pg_catalog.pg_table_is_visible(pg_catalog.pg_class.oid) AND pg_catalog.pg_namespace.nspname != %(nspname_1)s
2025-11-19 15:37:50,081 - sqlalchemy.engine.Engine - INFO - [cached since 0.01068s ago] {'table_name': 'test_executions', 'param_1': 'r', 'param_2': 'p', 'param_3': 'f', 'param_4': 'v', 'param_5': 'm', 'nspname_1': 'pg_catalog'}
2025-11-19 15:37:50,081 - sqlalchemy.engine.Engine - INFO - SELECT pg_catalog.pg_class.relname 
FROM pg_catalog.pg_class JOIN pg_catalog.pg_namespace ON pg_catalog.pg_namespace.oid = pg_catalog.pg_class.relnamespace 
WHERE pg_catalog.pg_class.relname = %(table_name)s AND pg_catalog.pg_class.relkind = ANY (ARRAY[%(param_1)s, %(param_2)s, %(param_3)s, %(param_4)s, %(param_5)s]) AND pg_catalog.pg_table_is_visible(pg_catalog.pg_class.oid) AND pg_catalog.pg_namespace.nspname != %(nspname_1)s
2025-11-19 15:37:50,081 - sqlalchemy.engine.Engine - INFO - [cached since 0.01246s ago] {'table_name': 'execution_steps', 'param_1': 'r', 'param_2': 'p', 'param_3': 'f', 'param_4': 'v', 'param_5': 'm', 'nspname_1': 'pg_catalog'}
2025-11-19 15:37:50,097 - sqlalchemy.engine.Engine - INFO - SELECT pg_catalog.pg_class.relname 
FROM pg_catalog.pg_class JOIN pg_catalog.pg_namespace ON pg_catalog.pg_namespace.oid = pg_catalog.pg_class.relnamespace 
WHERE pg_catalog.pg_class.relname = %(table_name)s AND pg_catalog.pg_class.relkind = ANY (ARRAY[%(param_1)s, %(param_2)s, %(param_3)s, %(param_4)s, %(param_5)s]) AND pg_catalog.pg_table_is_visible(pg_catalog.pg_class.oid) AND pg_catalog.pg_namespace.nspname != %(nspname_1)s
2025-11-19 15:37:50,099 - sqlalchemy.engine.Engine - INFO - [cached since 0.01586s ago] {'table_name': 'project_configs', 'param_1': 'r', 'param_2': 'p', 'param_3': 'f', 'param_4': 'v', 'param_5': 'm', 'nspname_1': 'pg_catalog'}
2025-11-19 15:37:50,101 - sqlalchemy.engine.Engine - INFO - COMMIT
2025-11-19 15:37:50,101 - TestAutomationAPI - INFO - Database tables verified
2025-11-19 15:37:50,101 - TestAutomationAPI - INFO - ======================================================================
2025-11-19 15:37:50,101 - TestAutomationAPI - INFO - Test Automation API Started Successfully
2025-11-19 15:37:50,101 - TestAutomationAPI - INFO - Host: 0.0.0.0:8000
2025-11-19 15:37:50,101 - TestAutomationAPI - INFO - Docs: http://0.0.0.0:8000/docs
2025-11-19 15:37:50,101 - TestAutomationAPI - INFO - ======================================================================
2025-11-19 15:50:10,664 - sqlalchemy.engine.Engine - INFO - BEGIN (implicit)
2025-11-19 15:50:10,669 - sqlalchemy.engine.Engine - INFO - SELECT tickets.id AS tickets_id, tickets.ticket_id AS tickets_ticket_id, tickets.project_id AS tickets_project_id, tickets.title AS tickets_title, tickets.module AS tickets_module, tickets.description AS tickets_description, tickets.acceptance_criteria AS tickets_acceptance_criteria, tickets.file_path AS tickets_file_path, tickets.created_at AS tickets_created_at 
FROM tickets 
WHERE tickets.ticket_id = %(ticket_id_1)s 
 LIMIT %(param_1)s
2025-11-19 15:50:10,669 - sqlalchemy.engine.Engine - INFO - [generated in 0.00100s] {'ticket_id_1': 'RBPLCD-8889', 'param_1': 1}
2025-11-19 15:50:10,669 - sqlalchemy.engine.Engine - INFO - ROLLBACK
2025-11-19 15:50:13,504 - TestAutomationAPI - INFO - UI requested test run for ticket: RBPLCD-8889
2025-11-19 15:50:13,506 - sqlalchemy.engine.Engine - INFO - BEGIN (implicit)
2025-11-19 15:50:13,507 - sqlalchemy.engine.Engine - INFO - SELECT tickets.id AS tickets_id, tickets.ticket_id AS tickets_ticket_id, tickets.project_id AS tickets_project_id, tickets.title AS tickets_title, tickets.module AS tickets_module, tickets.description AS tickets_description, tickets.acceptance_criteria AS tickets_acceptance_criteria, tickets.file_path AS tickets_file_path, tickets.created_at AS tickets_created_at 
FROM tickets 
WHERE tickets.ticket_id = %(ticket_id_1)s 
 LIMIT %(param_1)s
2025-11-19 15:50:13,508 - sqlalchemy.engine.Engine - INFO - [cached since 2.839s ago] {'ticket_id_1': 'RBPLCD-8889', 'param_1': 1}
2025-11-19 15:50:13,514 - sqlalchemy.engine.Engine - INFO - INSERT INTO test_executions (execution_id, ticket_id, project_id, status, overall_status, started_at, completed_at, total_execution_time, report_path, script_path, video_path, error_message) VALUES (%(execution_id)s, %(ticket_id)s, %(project_id)s, %(status)s, %(overall_status)s, %(started_at)s, %(completed_at)s, %(total_execution_time)s, %(report_path)s, %(script_path)s, %(video_path)s, %(error_message)s) RETURNING test_executions.id
2025-11-19 15:50:13,516 - sqlalchemy.engine.Engine - INFO - [generated in 0.00234s] {'execution_id': 'exec_RBPLCD-8889_20251119_155013', 'ticket_id': 'RBPLCD-8889', 'project_id': 1, 'status': 'running', 'overall_status': None, 'started_at': datetime.datetime(2025, 11, 19, 15, 50, 13, 510902), 'completed_at': None, 'total_execution_time': None, 'report_path': None, 'script_path': None, 'video_path': None, 'error_message': None}
2025-11-19 15:50:13,541 - sqlalchemy.engine.Engine - INFO - COMMIT
2025-11-19 15:50:13,546 - sqlalchemy.engine.Engine - INFO - BEGIN (implicit)
2025-11-19 15:50:13,549 - sqlalchemy.engine.Engine - INFO - SELECT test_executions.id, test_executions.execution_id, test_executions.ticket_id, test_executions.project_id, test_executions.status, test_executions.overall_status, test_executions.started_at, test_executions.completed_at, test_executions.total_execution_time, test_executions.report_path, test_executions.script_path, test_executions.video_path, test_executions.error_message 
FROM test_executions 
WHERE test_executions.id = %(pk_1)s
2025-11-19 15:50:13,549 - sqlalchemy.engine.Engine - INFO - [generated in 0.00126s] {'pk_1': 16}
2025-11-19 15:50:13,549 - TestExecutionService - INFO - Created execution record: exec_RBPLCD-8889_20251119_155013
2025-11-19 15:50:13,549 - TestAutomationAPI - INFO - Created execution: exec_RBPLCD-8889_20251119_155013
2025-11-19 15:50:13,549 - sqlalchemy.engine.Engine - INFO - SELECT tickets.id AS tickets_id, tickets.ticket_id AS tickets_ticket_id, tickets.project_id AS tickets_project_id, tickets.title AS tickets_title, tickets.module AS tickets_module, tickets.description AS tickets_description, tickets.acceptance_criteria AS tickets_acceptance_criteria, tickets.file_path AS tickets_file_path, tickets.created_at AS tickets_created_at 
FROM tickets 
WHERE tickets.id = %(pk_1)s
2025-11-19 15:50:13,549 - sqlalchemy.engine.Engine - INFO - [generated in 0.00085s] {'pk_1': 1}
2025-11-19 15:50:13,549 - TestAutomationAPI - INFO - ======================================================================
2025-11-19 15:50:13,695 - TestAutomationAPI - INFO -    Execution ID: exec_RBPLCD-8889_20251119_155013
2025-11-19 15:50:13,696 - TestAutomationAPI - INFO -    Ticket ID: RBPLCD-8889
2025-11-19 15:50:13,696 - TestAutomationAPI - INFO -    Project ID: 1
2025-11-19 15:50:13,696 - TestAutomationAPI - INFO - ======================================================================
2025-11-19 15:50:13,713 - TestExecutionService - INFO - Starting test workflow for RBPLCD-8889
2025-11-19 15:50:13,713 - TestExecutionService - INFO - External project path: C:\Users\ENZ1KOR\TA_AI_Project 1\TA_AI_Project 1\TA_AI_Project
2025-11-19 15:50:13,715 - TestExecutionService - INFO - Python executable: C:\Users\ENZ1KOR\TA_AI_Project 1\TA_AI_Project 1\TA_AI_Project\venv\Scripts\python.exe
2025-11-19 15:50:13,715 - TestExecutionService - INFO - Script: C:\Users\ENZ1KOR\TA_AI_Project 1\TA_AI_Project 1\TA_AI_Project\run_test.py
2025-11-19 15:50:13,715 - TestExecutionService - INFO - Ticket ID: RBPLCD-8889
2025-11-19 15:50:13,716 - TestExecutionService - INFO - Executing: C:\Users\ENZ1KOR\TA_AI_Project 1\TA_AI_Project 1\TA_AI_Project\venv\Scripts\python.exe C:\Users\ENZ1KOR\TA_AI_Project 1\TA_AI_Project 1\TA_AI_Project\run_test.py RBPLCD-8889
2025-11-19 15:50:13,763 - TestExecutionService - INFO - ======================================================================
2025-11-19 15:50:13,763 - TestExecutionService - INFO - SCRIPT OUTPUT:
2025-11-19 15:50:13,763 - TestExecutionService - INFO - ======================================================================
2025-11-19 15:50:13,763 - TestExecutionService - INFO - 
2025-11-19 15:50:13,763 - TestExecutionService - WARNING - SCRIPT ERRORS:
2025-11-19 15:50:13,763 - TestExecutionService - WARNING - No Python at '"C:\Users\lfo2kor\AppData\Local\Programs\Python\Python311\python.exe'

2025-11-19 15:50:13,763 - TestExecutionService - INFO - ======================================================================
2025-11-19 15:50:13,763 - TestExecutionService - ERROR - Script failed with return code 103
2025-11-19 15:50:13,763 - TestExecutionService - ERROR - Test workflow failed: Script failed: No Python at '"C:\Users\lfo2kor\AppData\Local\Programs\Python\Python311\python.exe'
Traceback (most recent call last):
  File "C:\Users\ENZ1KOR\my-fastapi-project\services.py", line 166, in run_test_workflow
    raise Exception(f"Script failed: {result.stderr}")
Exception: Script failed: No Python at '"C:\Users\lfo2kor\AppData\Local\Programs\Python\Python311\python.exe'

2025-11-19 15:50:13,779 - TestAutomationAPI - ERROR - ======================================================================
2025-11-19 15:50:13,779 - TestAutomationAPI - ERROR -    Execution ID: exec_RBPLCD-8889_20251119_155013
2025-11-19 15:50:13,779 - TestAutomationAPI - ERROR -    Error: Script failed: No Python at '"C:\Users\lfo2kor\AppData\Local\Programs\Python\Python311\python.exe'

2025-11-19 15:50:13,779 - TestAutomationAPI - ERROR - ======================================================================
2025-11-19 15:50:13,829 - sqlalchemy.engine.Engine - INFO - BEGIN (implicit)
2025-11-19 15:50:13,829 - sqlalchemy.engine.Engine - INFO - SELECT test_executions.id AS test_executions_id, test_executions.execution_id AS test_executions_execution_id, test_executions.ticket_id AS test_executions_ticket_id, test_executions.project_id AS test_executions_project_id, test_executions.status AS test_executions_status, test_executions.overall_status AS test_executions_overall_status, test_executions.started_at AS test_executions_started_at, test_executions.completed_at AS test_executions_completed_at, test_executions.total_execution_time AS test_executions_total_execution_time, test_executions.report_path AS test_executions_report_path, test_executions.script_path AS test_executions_script_path, test_executions.video_path AS test_executions_video_path, test_executions.error_message AS test_executions_error_message 
FROM test_executions 
WHERE test_executions.execution_id = %(execution_id_1)s 
 LIMIT %(param_1)s
2025-11-19 15:50:13,829 - sqlalchemy.engine.Engine - INFO - [generated in 0.00078s] {'execution_id_1': 'exec_RBPLCD-8889_20251119_155013', 'param_1': 1}
2025-11-19 15:50:13,849 - sqlalchemy.engine.Engine - INFO - UPDATE test_executions SET status=%(status)s, overall_status=%(overall_status)s, completed_at=%(completed_at)s, total_execution_time=%(total_execution_time)s, error_message=%(error_message)s WHERE test_executions.id = %(test_executions_id)s
2025-11-19 15:50:13,850 - sqlalchemy.engine.Engine - INFO - [generated in 0.00062s] {'status': 'failed', 'overall_status': 'FAILED', 'completed_at': datetime.datetime(2025, 11, 19, 15, 50, 13, 847997), 'total_execution_time': 0.337095, 'error_message': 'Script failed: No Python at \'"C:\\Users\\lfo2kor\\AppData\\Local\\Programs\\Python\\Python311\\python.exe\'\n', 'test_executions_id': 16}
2025-11-19 15:50:13,854 - sqlalchemy.engine.Engine - INFO - COMMIT
2025-11-19 15:50:13,857 - sqlalchemy.engine.Engine - INFO - BEGIN (implicit)
2025-11-19 15:50:13,858 - sqlalchemy.engine.Engine - INFO - SELECT test_executions.id, test_executions.execution_id, test_executions.ticket_id, test_executions.project_id, test_executions.status, test_executions.overall_status, test_executions.started_at, test_executions.completed_at, test_executions.total_execution_time, test_executions.report_path, test_executions.script_path, test_executions.video_path, test_executions.error_message 
FROM test_executions 
WHERE test_executions.id = %(pk_1)s
2025-11-19 15:50:13,859 - sqlalchemy.engine.Engine - INFO - [cached since 0.3097s ago] {'pk_1': 16}
2025-11-19 15:50:13,860 - TestExecutionService - INFO - Updated execution exec_RBPLCD-8889_20251119_155013: status=failed
2025-11-19 15:50:13,861 - TestAutomationAPI - ERROR - Traceback (most recent call last):
  File "C:\Users\ENZ1KOR\my-fastapi-project\main.py", line 456, in execute_test_in_background
    state = service.run_test_workflow(
            ^^^^^^^^^^^^^^^^^^^^^^^^^^
  File "C:\Users\ENZ1KOR\my-fastapi-project\services.py", line 166, in run_test_workflow
    raise Exception(f"Script failed: {result.stderr}")
Exception: Script failed: No Python at '"C:\Users\lfo2kor\AppData\Local\Programs\Python\Python311\python.exe'


2025-11-19 15:50:13,862 - sqlalchemy.engine.Engine - INFO - ROLLBACK
2025-11-19 15:50:13,864 - sqlalchemy.engine.Engine - INFO - ROLLBACK
2025-11-19 18:21:32,073 - sqlalchemy.engine.Engine - INFO - BEGIN (implicit)
2025-11-19 18:21:32,081 - sqlalchemy.engine.Engine - INFO - SELECT tickets.id AS tickets_id, tickets.ticket_id AS tickets_ticket_id, tickets.project_id AS tickets_project_id, tickets.title AS tickets_title, tickets.module AS tickets_module, tickets.description AS tickets_description, tickets.acceptance_criteria AS tickets_acceptance_criteria, tickets.file_path AS tickets_file_path, tickets.created_at AS tickets_created_at 
FROM tickets 
WHERE tickets.ticket_id = %(ticket_id_1)s 
 LIMIT %(param_1)s
2025-11-19 18:21:32,081 - sqlalchemy.engine.Engine - INFO - [cached since 9092s ago] {'ticket_id_1': 'RBPLCD-8835', 'param_1': 1}
2025-11-19 18:21:32,104 - sqlalchemy.engine.Engine - INFO - ROLLBACK
2025-11-19 18:22:20,789 - TestAutomationAPI - INFO - UI requested test run for ticket: RBPLCD-8835
2025-11-19 18:22:20,796 - sqlalchemy.engine.Engine - INFO - BEGIN (implicit)
2025-11-19 18:22:20,797 - sqlalchemy.engine.Engine - INFO - SELECT tickets.id AS tickets_id, tickets.ticket_id AS tickets_ticket_id, tickets.project_id AS tickets_project_id, tickets.title AS tickets_title, tickets.module AS tickets_module, tickets.description AS tickets_description, tickets.acceptance_criteria AS tickets_acceptance_criteria, tickets.file_path AS tickets_file_path, tickets.created_at AS tickets_created_at 
FROM tickets 
WHERE tickets.ticket_id = %(ticket_id_1)s 
 LIMIT %(param_1)s
2025-11-19 18:22:20,806 - sqlalchemy.engine.Engine - INFO - [cached since 9141s ago] {'ticket_id_1': 'RBPLCD-8835', 'param_1': 1}
2025-11-19 18:22:20,812 - sqlalchemy.engine.Engine - INFO - INSERT INTO test_executions (execution_id, ticket_id, project_id, status, overall_status, started_at, completed_at, total_execution_time, report_path, script_path, video_path, error_message) VALUES (%(execution_id)s, %(ticket_id)s, %(project_id)s, %(status)s, %(overall_status)s, %(started_at)s, %(completed_at)s, %(total_execution_time)s, %(report_path)s, %(script_path)s, %(video_path)s, %(error_message)s) RETURNING test_executions.id
2025-11-19 18:22:20,822 - sqlalchemy.engine.Engine - INFO - [cached since 9138s ago] {'execution_id': 'exec_RBPLCD-8835_20251119_182220', 'ticket_id': 'RBPLCD-8835', 'project_id': 1, 'status': 'running', 'overall_status': None, 'started_at': datetime.datetime(2025, 11, 19, 18, 22, 20, 810564), 'completed_at': None, 'total_execution_time': None, 'report_path': None, 'script_path': None, 'video_path': None, 'error_message': None}
2025-11-19 18:22:20,823 - sqlalchemy.engine.Engine - INFO - COMMIT
2025-11-19 18:22:20,828 - sqlalchemy.engine.Engine - INFO - BEGIN (implicit)
2025-11-19 18:22:20,828 - sqlalchemy.engine.Engine - INFO - SELECT test_executions.id, test_executions.execution_id, test_executions.ticket_id, test_executions.project_id, test_executions.status, test_executions.overall_status, test_executions.started_at, test_executions.completed_at, test_executions.total_execution_time, test_executions.report_path, test_executions.script_path, test_executions.video_path, test_executions.error_message 
FROM test_executions 
WHERE test_executions.id = %(pk_1)s
2025-11-19 18:22:20,836 - sqlalchemy.engine.Engine - INFO - [cached since 9138s ago] {'pk_1': 17}
2025-11-19 18:22:20,837 - TestExecutionService - INFO - Created execution record: exec_RBPLCD-8835_20251119_182220
2025-11-19 18:22:20,837 - TestAutomationAPI - INFO - Created execution: exec_RBPLCD-8835_20251119_182220
2025-11-19 18:22:20,841 - sqlalchemy.engine.Engine - INFO - SELECT tickets.id AS tickets_id, tickets.ticket_id AS tickets_ticket_id, tickets.project_id AS tickets_project_id, tickets.title AS tickets_title, tickets.module AS tickets_module, tickets.description AS tickets_description, tickets.acceptance_criteria AS tickets_acceptance_criteria, tickets.file_path AS tickets_file_path, tickets.created_at AS tickets_created_at 
FROM tickets 
WHERE tickets.id = %(pk_1)s
2025-11-19 18:22:20,841 - sqlalchemy.engine.Engine - INFO - [cached since 9138s ago] {'pk_1': 2}
2025-11-19 18:22:20,844 - TestAutomationAPI - INFO - ======================================================================
2025-11-19 18:22:20,861 - TestAutomationAPI - INFO -    Execution ID: exec_RBPLCD-8835_20251119_182220
2025-11-19 18:22:20,862 - TestAutomationAPI - INFO -    Ticket ID: RBPLCD-8835
2025-11-19 18:22:20,862 - TestAutomationAPI - INFO -    Project ID: 1
2025-11-19 18:22:20,862 - TestAutomationAPI - INFO - ======================================================================
2025-11-19 18:22:20,891 - TestExecutionService - INFO - Starting test workflow for RBPLCD-8835
2025-11-19 18:22:20,891 - TestExecutionService - INFO - External project path: C:\Users\ENZ1KOR\TA_AI_Project 1\TA_AI_Project 1\TA_AI_Project
2025-11-19 18:22:20,891 - TestExecutionService - INFO - Python executable: C:\Users\ENZ1KOR\TA_AI_Project 1\TA_AI_Project 1\TA_AI_Project\venv\Scripts\python.exe
2025-11-19 18:22:20,891 - TestExecutionService - INFO - Script: C:\Users\ENZ1KOR\TA_AI_Project 1\TA_AI_Project 1\TA_AI_Project\run_test.py
2025-11-19 18:22:20,891 - TestExecutionService - INFO - Ticket ID: RBPLCD-8835
2025-11-19 18:22:20,891 - TestExecutionService - INFO - Executing: C:\Users\ENZ1KOR\TA_AI_Project 1\TA_AI_Project 1\TA_AI_Project\venv\Scripts\python.exe C:\Users\ENZ1KOR\TA_AI_Project 1\TA_AI_Project 1\TA_AI_Project\run_test.py RBPLCD-8835
2025-11-19 18:22:20,939 - TestExecutionService - INFO - ======================================================================
2025-11-19 18:22:20,939 - TestExecutionService - INFO - SCRIPT OUTPUT:
2025-11-19 18:22:20,939 - TestExecutionService - INFO - ======================================================================
2025-11-19 18:22:20,939 - TestExecutionService - INFO - 
2025-11-19 18:22:20,939 - TestExecutionService - WARNING - SCRIPT ERRORS:
2025-11-19 18:22:20,947 - TestExecutionService - WARNING - No Python at '"C:\Users\lfo2kor\AppData\Local\Programs\Python\Python311\python.exe'

2025-11-19 18:22:20,947 - TestExecutionService - INFO - ======================================================================
2025-11-19 18:22:20,947 - TestExecutionService - ERROR - Script failed with return code 103
2025-11-19 18:22:20,947 - TestExecutionService - ERROR - Test workflow failed: Script failed: No Python at '"C:\Users\lfo2kor\AppData\Local\Programs\Python\Python311\python.exe'
Traceback (most recent call last):
  File "C:\Users\ENZ1KOR\my-fastapi-project\services.py", line 166, in run_test_workflow
    raise Exception(f"Script failed: {result.stderr}")
Exception: Script failed: No Python at '"C:\Users\lfo2kor\AppData\Local\Programs\Python\Python311\python.exe'

2025-11-19 18:22:20,947 - TestAutomationAPI - ERROR - ======================================================================
2025-11-19 18:22:20,956 - TestAutomationAPI - ERROR -    Execution ID: exec_RBPLCD-8835_20251119_182220
2025-11-19 18:22:20,956 - TestAutomationAPI - ERROR -    Error: Script failed: No Python at '"C:\Users\lfo2kor\AppData\Local\Programs\Python\Python311\python.exe'

2025-11-19 18:22:20,956 - TestAutomationAPI - ERROR - ======================================================================
2025-11-19 18:22:20,958 - sqlalchemy.engine.Engine - INFO - BEGIN (implicit)
2025-11-19 18:22:20,958 - sqlalchemy.engine.Engine - INFO - SELECT test_executions.id AS test_executions_id, test_executions.execution_id AS test_executions_execution_id, test_executions.ticket_id AS test_executions_ticket_id, test_executions.project_id AS test_executions_project_id, test_executions.status AS test_executions_status, test_executions.overall_status AS test_executions_overall_status, test_executions.started_at AS test_executions_started_at, test_executions.completed_at AS test_executions_completed_at, test_executions.total_execution_time AS test_executions_total_execution_time, test_executions.report_path AS test_executions_report_path, test_executions.script_path AS test_executions_script_path, test_executions.video_path AS test_executions_video_path, test_executions.error_message AS test_executions_error_message 
FROM test_executions 
WHERE test_executions.execution_id = %(execution_id_1)s 
 LIMIT %(param_1)s
2025-11-19 18:22:20,958 - sqlalchemy.engine.Engine - INFO - [cached since 9138s ago] {'execution_id_1': 'exec_RBPLCD-8835_20251119_182220', 'param_1': 1}
2025-11-19 18:22:20,963 - sqlalchemy.engine.Engine - INFO - UPDATE test_executions SET status=%(status)s, overall_status=%(overall_status)s, completed_at=%(completed_at)s, total_execution_time=%(total_execution_time)s, error_message=%(error_message)s WHERE test_executions.id = %(test_executions_id)s
2025-11-19 18:22:20,963 - sqlalchemy.engine.Engine - INFO - [cached since 9138s ago] {'status': 'failed', 'overall_status': 'FAILED', 'completed_at': datetime.datetime(2025, 11, 19, 18, 22, 20, 963755), 'total_execution_time': 0.153191, 'error_message': 'Script failed: No Python at \'"C:\\Users\\lfo2kor\\AppData\\Local\\Programs\\Python\\Python311\\python.exe\'\n', 'test_executions_id': 17}
2025-11-19 18:22:20,963 - sqlalchemy.engine.Engine - INFO - COMMIT
2025-11-19 18:22:20,973 - sqlalchemy.engine.Engine - INFO - BEGIN (implicit)
2025-11-19 18:22:20,973 - sqlalchemy.engine.Engine - INFO - SELECT test_executions.id, test_executions.execution_id, test_executions.ticket_id, test_executions.project_id, test_executions.status, test_executions.overall_status, test_executions.started_at, test_executions.completed_at, test_executions.total_execution_time, test_executions.report_path, test_executions.script_path, test_executions.video_path, test_executions.error_message 
FROM test_executions 
WHERE test_executions.id = %(pk_1)s
2025-11-19 18:22:20,973 - sqlalchemy.engine.Engine - INFO - [cached since 9138s ago] {'pk_1': 17}
2025-11-19 18:22:20,973 - TestExecutionService - INFO - Updated execution exec_RBPLCD-8835_20251119_182220: status=failed
2025-11-19 18:22:20,979 - TestAutomationAPI - ERROR - Traceback (most recent call last):
  File "C:\Users\ENZ1KOR\my-fastapi-project\main.py", line 456, in execute_test_in_background
    state = service.run_test_workflow(
            ^^^^^^^^^^^^^^^^^^^^^^^^^^
  File "C:\Users\ENZ1KOR\my-fastapi-project\services.py", line 166, in run_test_workflow
    raise Exception(f"Script failed: {result.stderr}")
Exception: Script failed: No Python at '"C:\Users\lfo2kor\AppData\Local\Programs\Python\Python311\python.exe'


2025-11-19 18:22:20,979 - sqlalchemy.engine.Engine - INFO - ROLLBACK
2025-11-19 18:22:20,987 - sqlalchemy.engine.Engine - INFO - ROLLBACK
2025-11-19 18:25:35,629 - sqlalchemy.engine.Engine - INFO - BEGIN (implicit)
2025-11-19 18:25:35,631 - sqlalchemy.engine.Engine - INFO - SELECT tickets.id AS tickets_id, tickets.ticket_id AS tickets_ticket_id, tickets.project_id AS tickets_project_id, tickets.title AS tickets_title, tickets.module AS tickets_module, tickets.description AS tickets_description, tickets.acceptance_criteria AS tickets_acceptance_criteria, tickets.file_path AS tickets_file_path, tickets.created_at AS tickets_created_at 
FROM tickets 
WHERE tickets.ticket_id = %(ticket_id_1)s 
 LIMIT %(param_1)s
2025-11-19 18:25:35,633 - sqlalchemy.engine.Engine - INFO - [cached since 9336s ago] {'ticket_id_1': 'RBPLCD-8835', 'param_1': 1}
2025-11-19 18:25:35,637 - sqlalchemy.engine.Engine - INFO - ROLLBACK
2025-11-19 18:25:37,588 - TestAutomationAPI - INFO - UI requested test run for ticket: RBPLCD-8835
2025-11-19 18:25:37,588 - sqlalchemy.engine.Engine - INFO - BEGIN (implicit)
2025-11-19 18:25:37,588 - sqlalchemy.engine.Engine - INFO - SELECT tickets.id AS tickets_id, tickets.ticket_id AS tickets_ticket_id, tickets.project_id AS tickets_project_id, tickets.title AS tickets_title, tickets.module AS tickets_module, tickets.description AS tickets_description, tickets.acceptance_criteria AS tickets_acceptance_criteria, tickets.file_path AS tickets_file_path, tickets.created_at AS tickets_created_at 
FROM tickets 
WHERE tickets.ticket_id = %(ticket_id_1)s 
 LIMIT %(param_1)s
2025-11-19 18:25:37,588 - sqlalchemy.engine.Engine - INFO - [cached since 9338s ago] {'ticket_id_1': 'RBPLCD-8835', 'param_1': 1}
2025-11-19 18:25:37,597 - sqlalchemy.engine.Engine - INFO - INSERT INTO test_executions (execution_id, ticket_id, project_id, status, overall_status, started_at, completed_at, total_execution_time, report_path, script_path, video_path, error_message) VALUES (%(execution_id)s, %(ticket_id)s, %(project_id)s, %(status)s, %(overall_status)s, %(started_at)s, %(completed_at)s, %(total_execution_time)s, %(report_path)s, %(script_path)s, %(video_path)s, %(error_message)s) RETURNING test_executions.id
2025-11-19 18:25:37,597 - sqlalchemy.engine.Engine - INFO - [cached since 9335s ago] {'execution_id': 'exec_RBPLCD-8835_20251119_182537', 'ticket_id': 'RBPLCD-8835', 'project_id': 1, 'status': 'running', 'overall_status': None, 'started_at': datetime.datetime(2025, 11, 19, 18, 25, 37, 597548), 'completed_at': None, 'total_execution_time': None, 'report_path': None, 'script_path': None, 'video_path': None, 'error_message': None}
2025-11-19 18:25:37,616 - sqlalchemy.engine.Engine - INFO - COMMIT
2025-11-19 18:25:37,616 - sqlalchemy.engine.Engine - INFO - BEGIN (implicit)
2025-11-19 18:25:37,616 - sqlalchemy.engine.Engine - INFO - SELECT test_executions.id, test_executions.execution_id, test_executions.ticket_id, test_executions.project_id, test_executions.status, test_executions.overall_status, test_executions.started_at, test_executions.completed_at, test_executions.total_execution_time, test_executions.report_path, test_executions.script_path, test_executions.video_path, test_executions.error_message 
FROM test_executions 
WHERE test_executions.id = %(pk_1)s
2025-11-19 18:25:37,622 - sqlalchemy.engine.Engine - INFO - [cached since 9335s ago] {'pk_1': 18}
2025-11-19 18:25:37,624 - TestExecutionService - INFO - Created execution record: exec_RBPLCD-8835_20251119_182537
2025-11-19 18:25:37,624 - TestAutomationAPI - INFO - Created execution: exec_RBPLCD-8835_20251119_182537
2025-11-19 18:25:37,624 - sqlalchemy.engine.Engine - INFO - SELECT tickets.id AS tickets_id, tickets.ticket_id AS tickets_ticket_id, tickets.project_id AS tickets_project_id, tickets.title AS tickets_title, tickets.module AS tickets_module, tickets.description AS tickets_description, tickets.acceptance_criteria AS tickets_acceptance_criteria, tickets.file_path AS tickets_file_path, tickets.created_at AS tickets_created_at 
FROM tickets 
WHERE tickets.id = %(pk_1)s
2025-11-19 18:25:37,624 - sqlalchemy.engine.Engine - INFO - [cached since 9335s ago] {'pk_1': 2}
2025-11-19 18:25:37,631 - TestAutomationAPI - INFO - ======================================================================
2025-11-19 18:25:37,639 - TestAutomationAPI - INFO -    Execution ID: exec_RBPLCD-8835_20251119_182537
2025-11-19 18:25:37,639 - TestAutomationAPI - INFO -    Ticket ID: RBPLCD-8835
2025-11-19 18:25:37,639 - TestAutomationAPI - INFO -    Project ID: 1
2025-11-19 18:25:37,639 - TestAutomationAPI - INFO - ======================================================================
2025-11-19 18:25:37,714 - TestExecutionService - INFO - Starting test workflow for RBPLCD-8835
2025-11-19 18:25:37,714 - TestExecutionService - INFO - External project path: C:\Users\ENZ1KOR\TA_AI_Project 1\TA_AI_Project 1\TA_AI_Project
2025-11-19 18:25:37,714 - TestExecutionService - INFO - Python executable: C:\Users\ENZ1KOR\TA_AI_Project 1\TA_AI_Project 1\TA_AI_Project\venv\Scripts\python.exe
2025-11-19 18:25:37,714 - TestExecutionService - INFO - Script: C:\Users\ENZ1KOR\TA_AI_Project 1\TA_AI_Project 1\TA_AI_Project\run_test.py
2025-11-19 18:25:37,714 - TestExecutionService - INFO - Ticket ID: RBPLCD-8835
2025-11-19 18:25:37,714 - TestExecutionService - INFO - Executing: C:\Users\ENZ1KOR\TA_AI_Project 1\TA_AI_Project 1\TA_AI_Project\venv\Scripts\python.exe C:\Users\ENZ1KOR\TA_AI_Project 1\TA_AI_Project 1\TA_AI_Project\run_test.py RBPLCD-8835
2025-11-19 18:25:37,747 - TestExecutionService - INFO - ======================================================================
2025-11-19 18:25:37,747 - TestExecutionService - INFO - SCRIPT OUTPUT:
2025-11-19 18:25:37,747 - TestExecutionService - INFO - ======================================================================
2025-11-19 18:25:37,747 - TestExecutionService - INFO - 
2025-11-19 18:25:37,747 - TestExecutionService - WARNING - SCRIPT ERRORS:
2025-11-19 18:25:37,747 - TestExecutionService - WARNING - No Python at '"C:\Users\lfo2kor\AppData\Local\Programs\Python\Python311\python.exe'

2025-11-19 18:25:37,747 - TestExecutionService - INFO - ======================================================================
2025-11-19 18:25:37,747 - TestExecutionService - ERROR - Script failed with return code 103
2025-11-19 18:25:37,747 - TestExecutionService - ERROR - Test workflow failed: Script failed: No Python at '"C:\Users\lfo2kor\AppData\Local\Programs\Python\Python311\python.exe'
Traceback (most recent call last):
  File "C:\Users\ENZ1KOR\my-fastapi-project\services.py", line 166, in run_test_workflow
    raise Exception(f"Script failed: {result.stderr}")
Exception: Script failed: No Python at '"C:\Users\lfo2kor\AppData\Local\Programs\Python\Python311\python.exe'

2025-11-19 18:25:37,752 - TestAutomationAPI - ERROR - ======================================================================
2025-11-19 18:25:37,757 - TestAutomationAPI - ERROR -    Execution ID: exec_RBPLCD-8835_20251119_182537
2025-11-19 18:25:37,757 - TestAutomationAPI - ERROR -    Error: Script failed: No Python at '"C:\Users\lfo2kor\AppData\Local\Programs\Python\Python311\python.exe'

2025-11-19 18:25:37,757 - TestAutomationAPI - ERROR - ======================================================================
2025-11-19 18:25:37,763 - sqlalchemy.engine.Engine - INFO - BEGIN (implicit)
2025-11-19 18:25:37,764 - sqlalchemy.engine.Engine - INFO - SELECT test_executions.id AS test_executions_id, test_executions.execution_id AS test_executions_execution_id, test_executions.ticket_id AS test_executions_ticket_id, test_executions.project_id AS test_executions_project_id, test_executions.status AS test_executions_status, test_executions.overall_status AS test_executions_overall_status, test_executions.started_at AS test_executions_started_at, test_executions.completed_at AS test_executions_completed_at, test_executions.total_execution_time AS test_executions_total_execution_time, test_executions.report_path AS test_executions_report_path, test_executions.script_path AS test_executions_script_path, test_executions.video_path AS test_executions_video_path, test_executions.error_message AS test_executions_error_message 
FROM test_executions 
WHERE test_executions.execution_id = %(execution_id_1)s 
 LIMIT %(param_1)s
2025-11-19 18:25:37,764 - sqlalchemy.engine.Engine - INFO - [cached since 9335s ago] {'execution_id_1': 'exec_RBPLCD-8835_20251119_182537', 'param_1': 1}
2025-11-19 18:25:37,764 - sqlalchemy.engine.Engine - INFO - UPDATE test_executions SET status=%(status)s, overall_status=%(overall_status)s, completed_at=%(completed_at)s, total_execution_time=%(total_execution_time)s, error_message=%(error_message)s WHERE test_executions.id = %(test_executions_id)s
2025-11-19 18:25:37,764 - sqlalchemy.engine.Engine - INFO - [cached since 9335s ago] {'status': 'failed', 'overall_status': 'FAILED', 'completed_at': datetime.datetime(2025, 11, 19, 18, 25, 37, 764214), 'total_execution_time': 0.166666, 'error_message': 'Script failed: No Python at \'"C:\\Users\\lfo2kor\\AppData\\Local\\Programs\\Python\\Python311\\python.exe\'\n', 'test_executions_id': 18}
2025-11-19 18:25:37,774 - sqlalchemy.engine.Engine - INFO - COMMIT
2025-11-19 18:25:37,776 - sqlalchemy.engine.Engine - INFO - BEGIN (implicit)
2025-11-19 18:25:37,776 - sqlalchemy.engine.Engine - INFO - SELECT test_executions.id, test_executions.execution_id, test_executions.ticket_id, test_executions.project_id, test_executions.status, test_executions.overall_status, test_executions.started_at, test_executions.completed_at, test_executions.total_execution_time, test_executions.report_path, test_executions.script_path, test_executions.video_path, test_executions.error_message 
FROM test_executions 
WHERE test_executions.id = %(pk_1)s
2025-11-19 18:25:37,780 - sqlalchemy.engine.Engine - INFO - [cached since 9335s ago] {'pk_1': 18}
2025-11-19 18:25:37,780 - TestExecutionService - INFO - Updated execution exec_RBPLCD-8835_20251119_182537: status=failed
2025-11-19 18:25:37,780 - TestAutomationAPI - ERROR - Traceback (most recent call last):
  File "C:\Users\ENZ1KOR\my-fastapi-project\main.py", line 456, in execute_test_in_background
    state = service.run_test_workflow(
            ^^^^^^^^^^^^^^^^^^^^^^^^^^
  File "C:\Users\ENZ1KOR\my-fastapi-project\services.py", line 166, in run_test_workflow
    raise Exception(f"Script failed: {result.stderr}")
Exception: Script failed: No Python at '"C:\Users\lfo2kor\AppData\Local\Programs\Python\Python311\python.exe'


2025-11-19 18:25:37,780 - sqlalchemy.engine.Engine - INFO - ROLLBACK
2025-11-19 18:25:37,793 - sqlalchemy.engine.Engine - INFO - ROLLBACK
2025-11-19 18:25:39,646 - sqlalchemy.engine.Engine - INFO - BEGIN (implicit)
2025-11-19 18:25:39,646 - sqlalchemy.engine.Engine - INFO - SELECT test_executions.id AS test_executions_id, test_executions.execution_id AS test_executions_execution_id, test_executions.ticket_id AS test_executions_ticket_id, test_executions.project_id AS test_executions_project_id, test_executions.status AS test_executions_status, test_executions.overall_status AS test_executions_overall_status, test_executions.started_at AS test_executions_started_at, test_executions.completed_at AS test_executions_completed_at, test_executions.total_execution_time AS test_executions_total_execution_time, test_executions.report_path AS test_executions_report_path, test_executions.script_path AS test_executions_script_path, test_executions.video_path AS test_executions_video_path, test_executions.error_message AS test_executions_error_message 
FROM test_executions 
WHERE test_executions.execution_id = %(execution_id_1)s 
 LIMIT %(param_1)s
2025-11-19 18:25:39,646 - sqlalchemy.engine.Engine - INFO - [cached since 9337s ago] {'execution_id_1': 'exec_RBPLCD-8835_20251119_182537', 'param_1': 1}
2025-11-19 18:25:39,661 - sqlalchemy.engine.Engine - INFO - ROLLBACK
2025-11-19 19:18:32,268 - TestAutomationAPI - INFO - Test Automation API shutting down...
2025-11-19 19:18:36,273 - TestAutomationAPI - INFO - Starting Test Automation API...
2025-11-19 19:18:36,273 - TestAutomationAPI - INFO - Verified all directories exist
2025-11-19 19:18:36,363 - sqlalchemy.engine.Engine - INFO - select pg_catalog.version()
2025-11-19 19:18:36,371 - sqlalchemy.engine.Engine - INFO - [raw sql] {}
2025-11-19 19:18:36,371 - sqlalchemy.engine.Engine - INFO - select current_schema()
2025-11-19 19:18:36,371 - sqlalchemy.engine.Engine - INFO - [raw sql] {}
2025-11-19 19:18:36,371 - sqlalchemy.engine.Engine - INFO - show standard_conforming_strings
2025-11-19 19:18:36,371 - sqlalchemy.engine.Engine - INFO - [raw sql] {}
2025-11-19 19:18:36,371 - sqlalchemy.engine.Engine - INFO - BEGIN (implicit)
2025-11-19 19:18:36,379 - sqlalchemy.engine.Engine - INFO - SELECT pg_catalog.pg_class.relname 
FROM pg_catalog.pg_class JOIN pg_catalog.pg_namespace ON pg_catalog.pg_namespace.oid = pg_catalog.pg_class.relnamespace 
WHERE pg_catalog.pg_class.relname = %(table_name)s AND pg_catalog.pg_class.relkind = ANY (ARRAY[%(param_1)s, %(param_2)s, %(param_3)s, %(param_4)s, %(param_5)s]) AND pg_catalog.pg_table_is_visible(pg_catalog.pg_class.oid) AND pg_catalog.pg_namespace.nspname != %(nspname_1)s
2025-11-19 19:18:36,379 - sqlalchemy.engine.Engine - INFO - [generated in 0.00090s] {'table_name': 'projects', 'param_1': 'r', 'param_2': 'p', 'param_3': 'f', 'param_4': 'v', 'param_5': 'm', 'nspname_1': 'pg_catalog'}
2025-11-19 19:18:36,379 - sqlalchemy.engine.Engine - INFO - SELECT pg_catalog.pg_class.relname 
FROM pg_catalog.pg_class JOIN pg_catalog.pg_namespace ON pg_catalog.pg_namespace.oid = pg_catalog.pg_class.relnamespace 
WHERE pg_catalog.pg_class.relname = %(table_name)s AND pg_catalog.pg_class.relkind = ANY (ARRAY[%(param_1)s, %(param_2)s, %(param_3)s, %(param_4)s, %(param_5)s]) AND pg_catalog.pg_table_is_visible(pg_catalog.pg_class.oid) AND pg_catalog.pg_namespace.nspname != %(nspname_1)s
2025-11-19 19:18:36,387 - sqlalchemy.engine.Engine - INFO - [cached since 0.006432s ago] {'table_name': 'testers', 'param_1': 'r', 'param_2': 'p', 'param_3': 'f', 'param_4': 'v', 'param_5': 'm', 'nspname_1': 'pg_catalog'}
2025-11-19 19:18:36,387 - sqlalchemy.engine.Engine - INFO - SELECT pg_catalog.pg_class.relname 
FROM pg_catalog.pg_class JOIN pg_catalog.pg_namespace ON pg_catalog.pg_namespace.oid = pg_catalog.pg_class.relnamespace 
WHERE pg_catalog.pg_class.relname = %(table_name)s AND pg_catalog.pg_class.relkind = ANY (ARRAY[%(param_1)s, %(param_2)s, %(param_3)s, %(param_4)s, %(param_5)s]) AND pg_catalog.pg_table_is_visible(pg_catalog.pg_class.oid) AND pg_catalog.pg_namespace.nspname != %(nspname_1)s
2025-11-19 19:18:36,387 - sqlalchemy.engine.Engine - INFO - [cached since 0.008984s ago] {'table_name': 'tickets', 'param_1': 'r', 'param_2': 'p', 'param_3': 'f', 'param_4': 'v', 'param_5': 'm', 'nspname_1': 'pg_catalog'}
2025-11-19 19:18:36,387 - sqlalchemy.engine.Engine - INFO - SELECT pg_catalog.pg_class.relname 
FROM pg_catalog.pg_class JOIN pg_catalog.pg_namespace ON pg_catalog.pg_namespace.oid = pg_catalog.pg_class.relnamespace 
WHERE pg_catalog.pg_class.relname = %(table_name)s AND pg_catalog.pg_class.relkind = ANY (ARRAY[%(param_1)s, %(param_2)s, %(param_3)s, %(param_4)s, %(param_5)s]) AND pg_catalog.pg_table_is_visible(pg_catalog.pg_class.oid) AND pg_catalog.pg_namespace.nspname != %(nspname_1)s
2025-11-19 19:18:36,387 - sqlalchemy.engine.Engine - INFO - [cached since 0.01182s ago] {'table_name': 'test_executions', 'param_1': 'r', 'param_2': 'p', 'param_3': 'f', 'param_4': 'v', 'param_5': 'm', 'nspname_1': 'pg_catalog'}
2025-11-19 19:18:36,396 - sqlalchemy.engine.Engine - INFO - SELECT pg_catalog.pg_class.relname 
FROM pg_catalog.pg_class JOIN pg_catalog.pg_namespace ON pg_catalog.pg_namespace.oid = pg_catalog.pg_class.relnamespace 
WHERE pg_catalog.pg_class.relname = %(table_name)s AND pg_catalog.pg_class.relkind = ANY (ARRAY[%(param_1)s, %(param_2)s, %(param_3)s, %(param_4)s, %(param_5)s]) AND pg_catalog.pg_table_is_visible(pg_catalog.pg_class.oid) AND pg_catalog.pg_namespace.nspname != %(nspname_1)s
2025-11-19 19:18:36,396 - sqlalchemy.engine.Engine - INFO - [cached since 0.01527s ago] {'table_name': 'execution_steps', 'param_1': 'r', 'param_2': 'p', 'param_3': 'f', 'param_4': 'v', 'param_5': 'm', 'nspname_1': 'pg_catalog'}
2025-11-19 19:18:36,398 - sqlalchemy.engine.Engine - INFO - SELECT pg_catalog.pg_class.relname 
FROM pg_catalog.pg_class JOIN pg_catalog.pg_namespace ON pg_catalog.pg_namespace.oid = pg_catalog.pg_class.relnamespace 
WHERE pg_catalog.pg_class.relname = %(table_name)s AND pg_catalog.pg_class.relkind = ANY (ARRAY[%(param_1)s, %(param_2)s, %(param_3)s, %(param_4)s, %(param_5)s]) AND pg_catalog.pg_table_is_visible(pg_catalog.pg_class.oid) AND pg_catalog.pg_namespace.nspname != %(nspname_1)s
2025-11-19 19:18:36,398 - sqlalchemy.engine.Engine - INFO - [cached since 0.0178s ago] {'table_name': 'project_configs', 'param_1': 'r', 'param_2': 'p', 'param_3': 'f', 'param_4': 'v', 'param_5': 'm', 'nspname_1': 'pg_catalog'}
2025-11-19 19:18:36,398 - sqlalchemy.engine.Engine - INFO - COMMIT
2025-11-19 19:18:36,402 - TestAutomationAPI - INFO - Database tables verified
2025-11-19 19:18:36,404 - TestAutomationAPI - INFO - ======================================================================
2025-11-19 19:18:36,412 - TestAutomationAPI - INFO - Test Automation API Started Successfully
2025-11-19 19:18:36,412 - TestAutomationAPI - INFO - Host: 0.0.0.0:8000
2025-11-19 19:18:36,412 - TestAutomationAPI - INFO - Docs: http://0.0.0.0:8000/docs
2025-11-19 19:18:36,412 - TestAutomationAPI - INFO - ======================================================================
2025-11-19 19:19:46,912 - sqlalchemy.engine.Engine - INFO - BEGIN (implicit)
2025-11-19 19:19:46,924 - sqlalchemy.engine.Engine - INFO - SELECT tickets.id AS tickets_id, tickets.ticket_id AS tickets_ticket_id, tickets.project_id AS tickets_project_id, tickets.title AS tickets_title, tickets.module AS tickets_module, tickets.description AS tickets_description, tickets.acceptance_criteria AS tickets_acceptance_criteria, tickets.file_path AS tickets_file_path, tickets.created_at AS tickets_created_at 
FROM tickets 
WHERE tickets.ticket_id = %(ticket_id_1)s 
 LIMIT %(param_1)s
2025-11-19 19:19:46,929 - sqlalchemy.engine.Engine - INFO - [generated in 0.00553s] {'ticket_id_1': 'RBPLCD-8835', 'param_1': 1}
2025-11-19 19:19:46,948 - sqlalchemy.engine.Engine - INFO - ROLLBACK
2025-11-19 19:19:49,331 - TestAutomationAPI - INFO - UI requested test run for ticket: RBPLCD-8835
2025-11-19 19:19:49,336 - sqlalchemy.engine.Engine - INFO - BEGIN (implicit)
2025-11-19 19:19:49,339 - sqlalchemy.engine.Engine - INFO - SELECT tickets.id AS tickets_id, tickets.ticket_id AS tickets_ticket_id, tickets.project_id AS tickets_project_id, tickets.title AS tickets_title, tickets.module AS tickets_module, tickets.description AS tickets_description, tickets.acceptance_criteria AS tickets_acceptance_criteria, tickets.file_path AS tickets_file_path, tickets.created_at AS tickets_created_at 
FROM tickets 
WHERE tickets.ticket_id = %(ticket_id_1)s 
 LIMIT %(param_1)s
2025-11-19 19:19:49,341 - sqlalchemy.engine.Engine - INFO - [cached since 2.415s ago] {'ticket_id_1': 'RBPLCD-8835', 'param_1': 1}
2025-11-19 19:19:49,353 - sqlalchemy.engine.Engine - INFO - INSERT INTO test_executions (execution_id, ticket_id, project_id, status, overall_status, started_at, completed_at, total_execution_time, report_path, script_path, video_path, error_message) VALUES (%(execution_id)s, %(ticket_id)s, %(project_id)s, %(status)s, %(overall_status)s, %(started_at)s, %(completed_at)s, %(total_execution_time)s, %(report_path)s, %(script_path)s, %(video_path)s, %(error_message)s) RETURNING test_executions.id
2025-11-19 19:19:49,354 - sqlalchemy.engine.Engine - INFO - [generated in 0.00248s] {'execution_id': 'exec_RBPLCD-8835_20251119_191949', 'ticket_id': 'RBPLCD-8835', 'project_id': 1, 'status': 'running', 'overall_status': None, 'started_at': datetime.datetime(2025, 11, 19, 19, 19, 49, 347420), 'completed_at': None, 'total_execution_time': None, 'report_path': None, 'script_path': None, 'video_path': None, 'error_message': None}
2025-11-19 19:19:49,360 - sqlalchemy.engine.Engine - INFO - COMMIT
2025-11-19 19:19:49,370 - sqlalchemy.engine.Engine - INFO - BEGIN (implicit)
2025-11-19 19:19:49,377 - sqlalchemy.engine.Engine - INFO - SELECT test_executions.id, test_executions.execution_id, test_executions.ticket_id, test_executions.project_id, test_executions.status, test_executions.overall_status, test_executions.started_at, test_executions.completed_at, test_executions.total_execution_time, test_executions.report_path, test_executions.script_path, test_executions.video_path, test_executions.error_message 
FROM test_executions 
WHERE test_executions.id = %(pk_1)s
2025-11-19 19:19:49,377 - sqlalchemy.engine.Engine - INFO - [generated in 0.00112s] {'pk_1': 19}
2025-11-19 19:19:49,385 - TestExecutionService - INFO - Created execution record: exec_RBPLCD-8835_20251119_191949
2025-11-19 19:19:49,385 - TestAutomationAPI - INFO - Created execution: exec_RBPLCD-8835_20251119_191949
2025-11-19 19:19:49,391 - sqlalchemy.engine.Engine - INFO - SELECT tickets.id AS tickets_id, tickets.ticket_id AS tickets_ticket_id, tickets.project_id AS tickets_project_id, tickets.title AS tickets_title, tickets.module AS tickets_module, tickets.description AS tickets_description, tickets.acceptance_criteria AS tickets_acceptance_criteria, tickets.file_path AS tickets_file_path, tickets.created_at AS tickets_created_at 
FROM tickets 
WHERE tickets.id = %(pk_1)s
2025-11-19 19:19:49,391 - sqlalchemy.engine.Engine - INFO - [generated in 0.00218s] {'pk_1': 2}
2025-11-19 19:19:49,397 - TestAutomationAPI - INFO - ======================================================================
2025-11-19 19:19:49,670 - TestAutomationAPI - INFO -    Execution ID: exec_RBPLCD-8835_20251119_191949
2025-11-19 19:19:49,670 - TestAutomationAPI - INFO -    Ticket ID: RBPLCD-8835
2025-11-19 19:19:49,670 - TestAutomationAPI - INFO -    Project ID: 1
2025-11-19 19:19:49,670 - TestAutomationAPI - INFO - ======================================================================
2025-11-19 19:19:49,710 - TestExecutionService - INFO - Starting test workflow for RBPLCD-8835
2025-11-19 19:19:49,710 - TestExecutionService - INFO - External project path: C:\Users\ENZ1KOR\TA_AI_Project 1\TA_AI_Project 1\TA_AI_Project
2025-11-19 19:19:49,713 - TestExecutionService - INFO - Using Python interpreter: C:\Users\ENZ1KOR\TA_AI_Project 1\TA_AI_Project 1\TA_AI_Project\venv\Scripts\python.exe
2025-11-19 19:19:49,713 - TestExecutionService - INFO - Python executable: C:\Users\ENZ1KOR\TA_AI_Project 1\TA_AI_Project 1\TA_AI_Project\venv\Scripts\python.exe
2025-11-19 19:19:49,716 - TestExecutionService - INFO - Script: C:\Users\ENZ1KOR\TA_AI_Project 1\TA_AI_Project 1\TA_AI_Project\run_test.py
2025-11-19 19:19:49,719 - TestExecutionService - INFO - Ticket ID: RBPLCD-8835
2025-11-19 19:19:49,720 - TestExecutionService - INFO - Executing: C:\Users\ENZ1KOR\TA_AI_Project 1\TA_AI_Project 1\TA_AI_Project\venv\Scripts\python.exe C:\Users\ENZ1KOR\TA_AI_Project 1\TA_AI_Project 1\TA_AI_Project\run_test.py RBPLCD-8835
2025-11-19 19:19:49,809 - TestExecutionService - INFO - ======================================================================
2025-11-19 19:19:49,809 - TestExecutionService - INFO - SCRIPT OUTPUT:
2025-11-19 19:19:49,809 - TestExecutionService - INFO - ======================================================================
2025-11-19 19:19:49,809 - TestExecutionService - INFO - 
2025-11-19 19:19:49,809 - TestExecutionService - WARNING - SCRIPT ERRORS:
2025-11-19 19:19:49,817 - TestExecutionService - WARNING - No Python at '"C:\Users\lfo2kor\AppData\Local\Programs\Python\Python311\python.exe'

2025-11-19 19:19:49,817 - TestExecutionService - INFO - ======================================================================
2025-11-19 19:19:49,817 - TestExecutionService - ERROR - Script failed with return code 103
2025-11-19 19:19:49,817 - TestExecutionService - ERROR - Test workflow failed: Script failed: No Python at '"C:\Users\lfo2kor\AppData\Local\Programs\Python\Python311\python.exe'
Traceback (most recent call last):
  File "C:\Users\ENZ1KOR\my-fastapi-project\services.py", line 164, in run_test_workflow
    raise Exception(f"Script failed: {result.stderr}")
Exception: Script failed: No Python at '"C:\Users\lfo2kor\AppData\Local\Programs\Python\Python311\python.exe'

2025-11-19 19:19:49,817 - TestAutomationAPI - ERROR - ======================================================================
2025-11-19 19:19:49,834 - TestAutomationAPI - ERROR -    Execution ID: exec_RBPLCD-8835_20251119_191949
2025-11-19 19:19:49,834 - TestAutomationAPI - ERROR -    Error: Script failed: No Python at '"C:\Users\lfo2kor\AppData\Local\Programs\Python\Python311\python.exe'

2025-11-19 19:19:49,837 - TestAutomationAPI - ERROR - ======================================================================
2025-11-19 19:19:49,915 - sqlalchemy.engine.Engine - INFO - BEGIN (implicit)
2025-11-19 19:19:49,915 - sqlalchemy.engine.Engine - INFO - SELECT test_executions.id AS test_executions_id, test_executions.execution_id AS test_executions_execution_id, test_executions.ticket_id AS test_executions_ticket_id, test_executions.project_id AS test_executions_project_id, test_executions.status AS test_executions_status, test_executions.overall_status AS test_executions_overall_status, test_executions.started_at AS test_executions_started_at, test_executions.completed_at AS test_executions_completed_at, test_executions.total_execution_time AS test_executions_total_execution_time, test_executions.report_path AS test_executions_report_path, test_executions.script_path AS test_executions_script_path, test_executions.video_path AS test_executions_video_path, test_executions.error_message AS test_executions_error_message 
FROM test_executions 
WHERE test_executions.execution_id = %(execution_id_1)s 
 LIMIT %(param_1)s
2025-11-19 19:19:49,915 - sqlalchemy.engine.Engine - INFO - [generated in 0.00195s] {'execution_id_1': 'exec_RBPLCD-8835_20251119_191949', 'param_1': 1}
2025-11-19 19:19:49,930 - sqlalchemy.engine.Engine - INFO - UPDATE test_executions SET status=%(status)s, overall_status=%(overall_status)s, completed_at=%(completed_at)s, total_execution_time=%(total_execution_time)s, error_message=%(error_message)s WHERE test_executions.id = %(test_executions_id)s
2025-11-19 19:19:49,932 - sqlalchemy.engine.Engine - INFO - [generated in 0.00242s] {'status': 'failed', 'overall_status': 'FAILED', 'completed_at': datetime.datetime(2025, 11, 19, 19, 19, 49, 923730), 'total_execution_time': 0.57631, 'error_message': 'Script failed: No Python at \'"C:\\Users\\lfo2kor\\AppData\\Local\\Programs\\Python\\Python311\\python.exe\'\n', 'test_executions_id': 19}
2025-11-19 19:19:49,932 - sqlalchemy.engine.Engine - INFO - COMMIT
2025-11-19 19:19:49,939 - sqlalchemy.engine.Engine - INFO - BEGIN (implicit)
2025-11-19 19:19:49,943 - sqlalchemy.engine.Engine - INFO - SELECT test_executions.id, test_executions.execution_id, test_executions.ticket_id, test_executions.project_id, test_executions.status, test_executions.overall_status, test_executions.started_at, test_executions.completed_at, test_executions.total_execution_time, test_executions.report_path, test_executions.script_path, test_executions.video_path, test_executions.error_message 
FROM test_executions 
WHERE test_executions.id = %(pk_1)s
2025-11-19 19:19:49,943 - sqlalchemy.engine.Engine - INFO - [cached since 0.5673s ago] {'pk_1': 19}
2025-11-19 19:19:49,946 - TestExecutionService - INFO - Updated execution exec_RBPLCD-8835_20251119_191949: status=failed
2025-11-19 19:19:49,948 - TestAutomationAPI - ERROR - Traceback (most recent call last):
  File "C:\Users\ENZ1KOR\my-fastapi-project\main.py", line 456, in execute_test_in_background
    state = service.run_test_workflow(
            ^^^^^^^^^^^^^^^^^^^^^^^^^^
  File "C:\Users\ENZ1KOR\my-fastapi-project\services.py", line 164, in run_test_workflow
    raise Exception(f"Script failed: {result.stderr}")
Exception: Script failed: No Python at '"C:\Users\lfo2kor\AppData\Local\Programs\Python\Python311\python.exe'


2025-11-19 19:19:49,948 - sqlalchemy.engine.Engine - INFO - ROLLBACK
2025-11-19 19:19:49,956 - sqlalchemy.engine.Engine - INFO - ROLLBACK
2025-11-19 19:19:51,414 - sqlalchemy.engine.Engine - INFO - BEGIN (implicit)
2025-11-19 19:19:51,414 - sqlalchemy.engine.Engine - INFO - SELECT test_executions.id AS test_executions_id, test_executions.execution_id AS test_executions_execution_id, test_executions.ticket_id AS test_executions_ticket_id, test_executions.project_id AS test_executions_project_id, test_executions.status AS test_executions_status, test_executions.overall_status AS test_executions_overall_status, test_executions.started_at AS test_executions_started_at, test_executions.completed_at AS test_executions_completed_at, test_executions.total_execution_time AS test_executions_total_execution_time, test_executions.report_path AS test_executions_report_path, test_executions.script_path AS test_executions_script_path, test_executions.video_path AS test_executions_video_path, test_executions.error_message AS test_executions_error_message 
FROM test_executions 
WHERE test_executions.execution_id = %(execution_id_1)s 
 LIMIT %(param_1)s
2025-11-19 19:19:51,419 - sqlalchemy.engine.Engine - INFO - [cached since 1.5s ago] {'execution_id_1': 'exec_RBPLCD-8835_20251119_191949', 'param_1': 1}
2025-11-19 19:19:51,424 - sqlalchemy.engine.Engine - INFO - ROLLBACK
2025-11-19 19:39:43,901 - sqlalchemy.engine.Engine - INFO - BEGIN (implicit)
2025-11-19 19:39:43,902 - sqlalchemy.engine.Engine - INFO - SELECT tickets.id AS tickets_id, tickets.ticket_id AS tickets_ticket_id, tickets.project_id AS tickets_project_id, tickets.title AS tickets_title, tickets.module AS tickets_module, tickets.description AS tickets_description, tickets.acceptance_criteria AS tickets_acceptance_criteria, tickets.file_path AS tickets_file_path, tickets.created_at AS tickets_created_at 
FROM tickets 
WHERE tickets.ticket_id = %(ticket_id_1)s 
 LIMIT %(param_1)s
2025-11-19 19:39:43,902 - sqlalchemy.engine.Engine - INFO - [cached since 1197s ago] {'ticket_id_1': 'RBPLCD-8835', 'param_1': 1}
2025-11-19 19:39:43,908 - sqlalchemy.engine.Engine - INFO - ROLLBACK
2025-11-19 19:39:45,666 - TestAutomationAPI - INFO - UI requested test run for ticket: RBPLCD-8835
2025-11-19 19:39:45,668 - sqlalchemy.engine.Engine - INFO - BEGIN (implicit)
2025-11-19 19:39:45,668 - sqlalchemy.engine.Engine - INFO - SELECT tickets.id AS tickets_id, tickets.ticket_id AS tickets_ticket_id, tickets.project_id AS tickets_project_id, tickets.title AS tickets_title, tickets.module AS tickets_module, tickets.description AS tickets_description, tickets.acceptance_criteria AS tickets_acceptance_criteria, tickets.file_path AS tickets_file_path, tickets.created_at AS tickets_created_at 
FROM tickets 
WHERE tickets.ticket_id = %(ticket_id_1)s 
 LIMIT %(param_1)s
2025-11-19 19:39:45,670 - sqlalchemy.engine.Engine - INFO - [cached since 1199s ago] {'ticket_id_1': 'RBPLCD-8835', 'param_1': 1}
2025-11-19 19:39:45,678 - sqlalchemy.engine.Engine - INFO - INSERT INTO test_executions (execution_id, ticket_id, project_id, status, overall_status, started_at, completed_at, total_execution_time, report_path, script_path, video_path, error_message) VALUES (%(execution_id)s, %(ticket_id)s, %(project_id)s, %(status)s, %(overall_status)s, %(started_at)s, %(completed_at)s, %(total_execution_time)s, %(report_path)s, %(script_path)s, %(video_path)s, %(error_message)s) RETURNING test_executions.id
2025-11-19 19:39:45,678 - sqlalchemy.engine.Engine - INFO - [cached since 1196s ago] {'execution_id': 'exec_RBPLCD-8835_20251119_193945', 'ticket_id': 'RBPLCD-8835', 'project_id': 1, 'status': 'running', 'overall_status': None, 'started_at': datetime.datetime(2025, 11, 19, 19, 39, 45, 678524), 'completed_at': None, 'total_execution_time': None, 'report_path': None, 'script_path': None, 'video_path': None, 'error_message': None}
2025-11-19 19:39:45,687 - sqlalchemy.engine.Engine - INFO - COMMIT
2025-11-19 19:39:45,688 - sqlalchemy.engine.Engine - INFO - BEGIN (implicit)
2025-11-19 19:39:45,689 - sqlalchemy.engine.Engine - INFO - SELECT test_executions.id, test_executions.execution_id, test_executions.ticket_id, test_executions.project_id, test_executions.status, test_executions.overall_status, test_executions.started_at, test_executions.completed_at, test_executions.total_execution_time, test_executions.report_path, test_executions.script_path, test_executions.video_path, test_executions.error_message 
FROM test_executions 
WHERE test_executions.id = %(pk_1)s
2025-11-19 19:39:45,691 - sqlalchemy.engine.Engine - INFO - [cached since 1196s ago] {'pk_1': 20}
2025-11-19 19:39:45,694 - TestExecutionService - INFO - Created execution record: exec_RBPLCD-8835_20251119_193945
2025-11-19 19:39:45,695 - TestAutomationAPI - INFO - Created execution: exec_RBPLCD-8835_20251119_193945
2025-11-19 19:39:45,696 - sqlalchemy.engine.Engine - INFO - SELECT tickets.id AS tickets_id, tickets.ticket_id AS tickets_ticket_id, tickets.project_id AS tickets_project_id, tickets.title AS tickets_title, tickets.module AS tickets_module, tickets.description AS tickets_description, tickets.acceptance_criteria AS tickets_acceptance_criteria, tickets.file_path AS tickets_file_path, tickets.created_at AS tickets_created_at 
FROM tickets 
WHERE tickets.id = %(pk_1)s
2025-11-19 19:39:45,697 - sqlalchemy.engine.Engine - INFO - [cached since 1196s ago] {'pk_1': 2}
2025-11-19 19:39:45,700 - TestAutomationAPI - INFO - ======================================================================
2025-11-19 19:39:45,703 - TestAutomationAPI - INFO -    Execution ID: exec_RBPLCD-8835_20251119_193945
2025-11-19 19:39:45,703 - TestAutomationAPI - INFO -    Ticket ID: RBPLCD-8835
2025-11-19 19:39:45,703 - TestAutomationAPI - INFO -    Project ID: 1
2025-11-19 19:39:45,703 - TestAutomationAPI - INFO - ======================================================================
2025-11-19 19:39:45,718 - TestExecutionService - INFO - Starting test workflow for RBPLCD-8835
2025-11-19 19:39:45,718 - TestExecutionService - INFO - External project path: C:\Users\ENZ1KOR\TA_AI_Project 1\TA_AI_Project 1\TA_AI_Project
2025-11-19 19:39:45,719 - TestExecutionService - INFO - Using Python interpreter: C:\Users\ENZ1KOR\TA_AI_Project 1\TA_AI_Project 1\TA_AI_Project\venv\Scripts\python.exe
2025-11-19 19:39:45,719 - TestExecutionService - INFO - Python executable: C:\Users\ENZ1KOR\TA_AI_Project 1\TA_AI_Project 1\TA_AI_Project\venv\Scripts\python.exe
2025-11-19 19:39:45,719 - TestExecutionService - INFO - Script: C:\Users\ENZ1KOR\TA_AI_Project 1\TA_AI_Project 1\TA_AI_Project\run_test.py
2025-11-19 19:39:45,719 - TestExecutionService - INFO - Ticket ID: RBPLCD-8835
2025-11-19 19:39:45,720 - TestExecutionService - INFO - Executing: C:\Users\ENZ1KOR\TA_AI_Project 1\TA_AI_Project 1\TA_AI_Project\venv\Scripts\python.exe C:\Users\ENZ1KOR\TA_AI_Project 1\TA_AI_Project 1\TA_AI_Project\run_test.py RBPLCD-8835
2025-11-19 19:39:45,762 - TestExecutionService - INFO - ======================================================================
2025-11-19 19:39:45,763 - TestExecutionService - INFO - SCRIPT OUTPUT:
2025-11-19 19:39:45,763 - TestExecutionService - INFO - ======================================================================
2025-11-19 19:39:45,763 - TestExecutionService - INFO - 
2025-11-19 19:39:45,763 - TestExecutionService - WARNING - SCRIPT ERRORS:
2025-11-19 19:39:45,764 - TestExecutionService - WARNING - No Python at '"C:\Users\lfo2kor\AppData\Local\Programs\Python\Python311\python.exe'

2025-11-19 19:39:45,764 - TestExecutionService - INFO - ======================================================================
2025-11-19 19:39:45,764 - TestExecutionService - ERROR - Script failed with return code 103
2025-11-19 19:39:45,764 - TestExecutionService - ERROR - Test workflow failed: Script failed: No Python at '"C:\Users\lfo2kor\AppData\Local\Programs\Python\Python311\python.exe'
Traceback (most recent call last):
  File "C:\Users\ENZ1KOR\my-fastapi-project\services.py", line 164, in run_test_workflow
    raise Exception(f"Script failed: {result.stderr}")
Exception: Script failed: No Python at '"C:\Users\lfo2kor\AppData\Local\Programs\Python\Python311\python.exe'

2025-11-19 19:39:45,765 - TestAutomationAPI - ERROR - ======================================================================
2025-11-19 19:39:45,767 - TestAutomationAPI - ERROR -    Execution ID: exec_RBPLCD-8835_20251119_193945
2025-11-19 19:39:45,767 - TestAutomationAPI - ERROR -    Error: Script failed: No Python at '"C:\Users\lfo2kor\AppData\Local\Programs\Python\Python311\python.exe'

2025-11-19 19:39:45,768 - TestAutomationAPI - ERROR - ======================================================================
2025-11-19 19:39:45,769 - sqlalchemy.engine.Engine - INFO - BEGIN (implicit)
2025-11-19 19:39:45,769 - sqlalchemy.engine.Engine - INFO - SELECT test_executions.id AS test_executions_id, test_executions.execution_id AS test_executions_execution_id, test_executions.ticket_id AS test_executions_ticket_id, test_executions.project_id AS test_executions_project_id, test_executions.status AS test_executions_status, test_executions.overall_status AS test_executions_overall_status, test_executions.started_at AS test_executions_started_at, test_executions.completed_at AS test_executions_completed_at, test_executions.total_execution_time AS test_executions_total_execution_time, test_executions.report_path AS test_executions_report_path, test_executions.script_path AS test_executions_script_path, test_executions.video_path AS test_executions_video_path, test_executions.error_message AS test_executions_error_message 
FROM test_executions 
WHERE test_executions.execution_id = %(execution_id_1)s 
 LIMIT %(param_1)s
2025-11-19 19:39:45,770 - sqlalchemy.engine.Engine - INFO - [cached since 1196s ago] {'execution_id_1': 'exec_RBPLCD-8835_20251119_193945', 'param_1': 1}
2025-11-19 19:39:45,772 - sqlalchemy.engine.Engine - INFO - UPDATE test_executions SET status=%(status)s, overall_status=%(overall_status)s, completed_at=%(completed_at)s, total_execution_time=%(total_execution_time)s, error_message=%(error_message)s WHERE test_executions.id = %(test_executions_id)s
2025-11-19 19:39:45,773 - sqlalchemy.engine.Engine - INFO - [cached since 1196s ago] {'status': 'failed', 'overall_status': 'FAILED', 'completed_at': datetime.datetime(2025, 11, 19, 19, 39, 45, 772811), 'total_execution_time': 0.094287, 'error_message': 'Script failed: No Python at \'"C:\\Users\\lfo2kor\\AppData\\Local\\Programs\\Python\\Python311\\python.exe\'\n', 'test_executions_id': 20}
2025-11-19 19:39:45,776 - sqlalchemy.engine.Engine - INFO - COMMIT
2025-11-19 19:39:45,779 - sqlalchemy.engine.Engine - INFO - BEGIN (implicit)
2025-11-19 19:39:45,780 - sqlalchemy.engine.Engine - INFO - SELECT test_executions.id, test_executions.execution_id, test_executions.ticket_id, test_executions.project_id, test_executions.status, test_executions.overall_status, test_executions.started_at, test_executions.completed_at, test_executions.total_execution_time, test_executions.report_path, test_executions.script_path, test_executions.video_path, test_executions.error_message 
FROM test_executions 
WHERE test_executions.id = %(pk_1)s
2025-11-19 19:39:45,780 - sqlalchemy.engine.Engine - INFO - [cached since 1196s ago] {'pk_1': 20}
2025-11-19 19:39:45,782 - TestExecutionService - INFO - Updated execution exec_RBPLCD-8835_20251119_193945: status=failed
2025-11-19 19:39:45,782 - TestAutomationAPI - ERROR - Traceback (most recent call last):
  File "C:\Users\ENZ1KOR\my-fastapi-project\main.py", line 456, in execute_test_in_background
    state = service.run_test_workflow(
            ^^^^^^^^^^^^^^^^^^^^^^^^^^
  File "C:\Users\ENZ1KOR\my-fastapi-project\services.py", line 164, in run_test_workflow
    raise Exception(f"Script failed: {result.stderr}")
Exception: Script failed: No Python at '"C:\Users\lfo2kor\AppData\Local\Programs\Python\Python311\python.exe'


2025-11-19 19:39:45,783 - sqlalchemy.engine.Engine - INFO - ROLLBACK
2025-11-19 19:39:45,786 - sqlalchemy.engine.Engine - INFO - ROLLBACK
2025-11-19 19:39:47,715 - sqlalchemy.engine.Engine - INFO - BEGIN (implicit)
2025-11-19 19:39:47,716 - sqlalchemy.engine.Engine - INFO - SELECT test_executions.id AS test_executions_id, test_executions.execution_id AS test_executions_execution_id, test_executions.ticket_id AS test_executions_ticket_id, test_executions.project_id AS test_executions_project_id, test_executions.status AS test_executions_status, test_executions.overall_status AS test_executions_overall_status, test_executions.started_at AS test_executions_started_at, test_executions.completed_at AS test_executions_completed_at, test_executions.total_execution_time AS test_executions_total_execution_time, test_executions.report_path AS test_executions_report_path, test_executions.script_path AS test_executions_script_path, test_executions.video_path AS test_executions_video_path, test_executions.error_message AS test_executions_error_message 
FROM test_executions 
WHERE test_executions.execution_id = %(execution_id_1)s 
 LIMIT %(param_1)s
2025-11-19 19:39:47,716 - sqlalchemy.engine.Engine - INFO - [cached since 1198s ago] {'execution_id_1': 'exec_RBPLCD-8835_20251119_193945', 'param_1': 1}
2025-11-19 19:39:47,719 - sqlalchemy.engine.Engine - INFO - ROLLBACK
2025-11-19 19:41:23,092 - TestAutomationAPI - INFO - Test Automation API shutting down...
2025-11-19 19:41:28,529 - TestAutomationAPI - INFO - Starting Test Automation API...
2025-11-19 19:41:28,530 - TestAutomationAPI - INFO - Verified all directories exist
2025-11-19 19:41:28,589 - sqlalchemy.engine.Engine - INFO - select pg_catalog.version()
2025-11-19 19:41:28,589 - sqlalchemy.engine.Engine - INFO - [raw sql] {}
2025-11-19 19:41:28,589 - sqlalchemy.engine.Engine - INFO - select current_schema()
2025-11-19 19:41:28,589 - sqlalchemy.engine.Engine - INFO - [raw sql] {}
2025-11-19 19:41:28,589 - sqlalchemy.engine.Engine - INFO - show standard_conforming_strings
2025-11-19 19:41:28,589 - sqlalchemy.engine.Engine - INFO - [raw sql] {}
2025-11-19 19:41:28,600 - sqlalchemy.engine.Engine - INFO - BEGIN (implicit)
2025-11-19 19:41:28,605 - sqlalchemy.engine.Engine - INFO - SELECT pg_catalog.pg_class.relname 
FROM pg_catalog.pg_class JOIN pg_catalog.pg_namespace ON pg_catalog.pg_namespace.oid = pg_catalog.pg_class.relnamespace 
WHERE pg_catalog.pg_class.relname = %(table_name)s AND pg_catalog.pg_class.relkind = ANY (ARRAY[%(param_1)s, %(param_2)s, %(param_3)s, %(param_4)s, %(param_5)s]) AND pg_catalog.pg_table_is_visible(pg_catalog.pg_class.oid) AND pg_catalog.pg_namespace.nspname != %(nspname_1)s
2025-11-19 19:41:28,606 - sqlalchemy.engine.Engine - INFO - [generated in 0.00133s] {'table_name': 'projects', 'param_1': 'r', 'param_2': 'p', 'param_3': 'f', 'param_4': 'v', 'param_5': 'm', 'nspname_1': 'pg_catalog'}
2025-11-19 19:41:28,611 - sqlalchemy.engine.Engine - INFO - SELECT pg_catalog.pg_class.relname 
FROM pg_catalog.pg_class JOIN pg_catalog.pg_namespace ON pg_catalog.pg_namespace.oid = pg_catalog.pg_class.relnamespace 
WHERE pg_catalog.pg_class.relname = %(table_name)s AND pg_catalog.pg_class.relkind = ANY (ARRAY[%(param_1)s, %(param_2)s, %(param_3)s, %(param_4)s, %(param_5)s]) AND pg_catalog.pg_table_is_visible(pg_catalog.pg_class.oid) AND pg_catalog.pg_namespace.nspname != %(nspname_1)s
2025-11-19 19:41:28,611 - sqlalchemy.engine.Engine - INFO - [cached since 0.0066s ago] {'table_name': 'testers', 'param_1': 'r', 'param_2': 'p', 'param_3': 'f', 'param_4': 'v', 'param_5': 'm', 'nspname_1': 'pg_catalog'}
2025-11-19 19:41:28,612 - sqlalchemy.engine.Engine - INFO - SELECT pg_catalog.pg_class.relname 
FROM pg_catalog.pg_class JOIN pg_catalog.pg_namespace ON pg_catalog.pg_namespace.oid = pg_catalog.pg_class.relnamespace 
WHERE pg_catalog.pg_class.relname = %(table_name)s AND pg_catalog.pg_class.relkind = ANY (ARRAY[%(param_1)s, %(param_2)s, %(param_3)s, %(param_4)s, %(param_5)s]) AND pg_catalog.pg_table_is_visible(pg_catalog.pg_class.oid) AND pg_catalog.pg_namespace.nspname != %(nspname_1)s
2025-11-19 19:41:28,612 - sqlalchemy.engine.Engine - INFO - [cached since 0.009889s ago] {'table_name': 'tickets', 'param_1': 'r', 'param_2': 'p', 'param_3': 'f', 'param_4': 'v', 'param_5': 'm', 'nspname_1': 'pg_catalog'}
2025-11-19 19:41:28,612 - sqlalchemy.engine.Engine - INFO - SELECT pg_catalog.pg_class.relname 
FROM pg_catalog.pg_class JOIN pg_catalog.pg_namespace ON pg_catalog.pg_namespace.oid = pg_catalog.pg_class.relnamespace 
WHERE pg_catalog.pg_class.relname = %(table_name)s AND pg_catalog.pg_class.relkind = ANY (ARRAY[%(param_1)s, %(param_2)s, %(param_3)s, %(param_4)s, %(param_5)s]) AND pg_catalog.pg_table_is_visible(pg_catalog.pg_class.oid) AND pg_catalog.pg_namespace.nspname != %(nspname_1)s
2025-11-19 19:41:28,612 - sqlalchemy.engine.Engine - INFO - [cached since 0.01153s ago] {'table_name': 'test_executions', 'param_1': 'r', 'param_2': 'p', 'param_3': 'f', 'param_4': 'v', 'param_5': 'm', 'nspname_1': 'pg_catalog'}
2025-11-19 19:41:28,612 - sqlalchemy.engine.Engine - INFO - SELECT pg_catalog.pg_class.relname 
FROM pg_catalog.pg_class JOIN pg_catalog.pg_namespace ON pg_catalog.pg_namespace.oid = pg_catalog.pg_class.relnamespace 
WHERE pg_catalog.pg_class.relname = %(table_name)s AND pg_catalog.pg_class.relkind = ANY (ARRAY[%(param_1)s, %(param_2)s, %(param_3)s, %(param_4)s, %(param_5)s]) AND pg_catalog.pg_table_is_visible(pg_catalog.pg_class.oid) AND pg_catalog.pg_namespace.nspname != %(nspname_1)s
2025-11-19 19:41:28,612 - sqlalchemy.engine.Engine - INFO - [cached since 0.01321s ago] {'table_name': 'execution_steps', 'param_1': 'r', 'param_2': 'p', 'param_3': 'f', 'param_4': 'v', 'param_5': 'm', 'nspname_1': 'pg_catalog'}
2025-11-19 19:41:28,612 - sqlalchemy.engine.Engine - INFO - SELECT pg_catalog.pg_class.relname 
FROM pg_catalog.pg_class JOIN pg_catalog.pg_namespace ON pg_catalog.pg_namespace.oid = pg_catalog.pg_class.relnamespace 
WHERE pg_catalog.pg_class.relname = %(table_name)s AND pg_catalog.pg_class.relkind = ANY (ARRAY[%(param_1)s, %(param_2)s, %(param_3)s, %(param_4)s, %(param_5)s]) AND pg_catalog.pg_table_is_visible(pg_catalog.pg_class.oid) AND pg_catalog.pg_namespace.nspname != %(nspname_1)s
2025-11-19 19:41:28,612 - sqlalchemy.engine.Engine - INFO - [cached since 0.01509s ago] {'table_name': 'project_configs', 'param_1': 'r', 'param_2': 'p', 'param_3': 'f', 'param_4': 'v', 'param_5': 'm', 'nspname_1': 'pg_catalog'}
2025-11-19 19:41:28,621 - sqlalchemy.engine.Engine - INFO - COMMIT
2025-11-19 19:41:28,622 - TestAutomationAPI - INFO - Database tables verified
2025-11-19 19:41:28,680 - TestAutomationAPI - INFO - ======================================================================
2025-11-19 19:41:28,680 - TestAutomationAPI - INFO - Test Automation API Started Successfully
2025-11-19 19:41:28,681 - TestAutomationAPI - INFO - Host: 0.0.0.0:8000
2025-11-19 19:41:28,681 - TestAutomationAPI - INFO - Docs: http://0.0.0.0:8000/docs
2025-11-19 19:41:28,682 - TestAutomationAPI - INFO - ======================================================================
2025-11-19 19:44:21,405 - TestAutomationAPI - INFO - Starting Test Automation API...
2025-11-19 19:44:21,405 - TestAutomationAPI - INFO - Verified all directories exist
2025-11-19 19:44:21,471 - sqlalchemy.engine.Engine - INFO - select pg_catalog.version()
2025-11-19 19:44:21,472 - sqlalchemy.engine.Engine - INFO - [raw sql] {}
2025-11-19 19:44:21,473 - sqlalchemy.engine.Engine - INFO - select current_schema()
2025-11-19 19:44:21,473 - sqlalchemy.engine.Engine - INFO - [raw sql] {}
2025-11-19 19:44:21,475 - sqlalchemy.engine.Engine - INFO - show standard_conforming_strings
2025-11-19 19:44:21,475 - sqlalchemy.engine.Engine - INFO - [raw sql] {}
2025-11-19 19:44:21,476 - sqlalchemy.engine.Engine - INFO - BEGIN (implicit)
2025-11-19 19:44:21,480 - sqlalchemy.engine.Engine - INFO - SELECT pg_catalog.pg_class.relname 
FROM pg_catalog.pg_class JOIN pg_catalog.pg_namespace ON pg_catalog.pg_namespace.oid = pg_catalog.pg_class.relnamespace 
WHERE pg_catalog.pg_class.relname = %(table_name)s AND pg_catalog.pg_class.relkind = ANY (ARRAY[%(param_1)s, %(param_2)s, %(param_3)s, %(param_4)s, %(param_5)s]) AND pg_catalog.pg_table_is_visible(pg_catalog.pg_class.oid) AND pg_catalog.pg_namespace.nspname != %(nspname_1)s
2025-11-19 19:44:21,481 - sqlalchemy.engine.Engine - INFO - [generated in 0.00075s] {'table_name': 'projects', 'param_1': 'r', 'param_2': 'p', 'param_3': 'f', 'param_4': 'v', 'param_5': 'm', 'nspname_1': 'pg_catalog'}
2025-11-19 19:44:21,485 - sqlalchemy.engine.Engine - INFO - SELECT pg_catalog.pg_class.relname 
FROM pg_catalog.pg_class JOIN pg_catalog.pg_namespace ON pg_catalog.pg_namespace.oid = pg_catalog.pg_class.relnamespace 
WHERE pg_catalog.pg_class.relname = %(table_name)s AND pg_catalog.pg_class.relkind = ANY (ARRAY[%(param_1)s, %(param_2)s, %(param_3)s, %(param_4)s, %(param_5)s]) AND pg_catalog.pg_table_is_visible(pg_catalog.pg_class.oid) AND pg_catalog.pg_namespace.nspname != %(nspname_1)s
2025-11-19 19:44:21,486 - sqlalchemy.engine.Engine - INFO - [cached since 0.006184s ago] {'table_name': 'testers', 'param_1': 'r', 'param_2': 'p', 'param_3': 'f', 'param_4': 'v', 'param_5': 'm', 'nspname_1': 'pg_catalog'}
2025-11-19 19:44:21,487 - sqlalchemy.engine.Engine - INFO - SELECT pg_catalog.pg_class.relname 
FROM pg_catalog.pg_class JOIN pg_catalog.pg_namespace ON pg_catalog.pg_namespace.oid = pg_catalog.pg_class.relnamespace 
WHERE pg_catalog.pg_class.relname = %(table_name)s AND pg_catalog.pg_class.relkind = ANY (ARRAY[%(param_1)s, %(param_2)s, %(param_3)s, %(param_4)s, %(param_5)s]) AND pg_catalog.pg_table_is_visible(pg_catalog.pg_class.oid) AND pg_catalog.pg_namespace.nspname != %(nspname_1)s
2025-11-19 19:44:21,488 - sqlalchemy.engine.Engine - INFO - [cached since 0.007899s ago] {'table_name': 'tickets', 'param_1': 'r', 'param_2': 'p', 'param_3': 'f', 'param_4': 'v', 'param_5': 'm', 'nspname_1': 'pg_catalog'}
2025-11-19 19:44:21,489 - sqlalchemy.engine.Engine - INFO - SELECT pg_catalog.pg_class.relname 
FROM pg_catalog.pg_class JOIN pg_catalog.pg_namespace ON pg_catalog.pg_namespace.oid = pg_catalog.pg_class.relnamespace 
WHERE pg_catalog.pg_class.relname = %(table_name)s AND pg_catalog.pg_class.relkind = ANY (ARRAY[%(param_1)s, %(param_2)s, %(param_3)s, %(param_4)s, %(param_5)s]) AND pg_catalog.pg_table_is_visible(pg_catalog.pg_class.oid) AND pg_catalog.pg_namespace.nspname != %(nspname_1)s
2025-11-19 19:44:21,491 - sqlalchemy.engine.Engine - INFO - [cached since 0.01127s ago] {'table_name': 'test_executions', 'param_1': 'r', 'param_2': 'p', 'param_3': 'f', 'param_4': 'v', 'param_5': 'm', 'nspname_1': 'pg_catalog'}
2025-11-19 19:44:21,492 - sqlalchemy.engine.Engine - INFO - SELECT pg_catalog.pg_class.relname 
FROM pg_catalog.pg_class JOIN pg_catalog.pg_namespace ON pg_catalog.pg_namespace.oid = pg_catalog.pg_class.relnamespace 
WHERE pg_catalog.pg_class.relname = %(table_name)s AND pg_catalog.pg_class.relkind = ANY (ARRAY[%(param_1)s, %(param_2)s, %(param_3)s, %(param_4)s, %(param_5)s]) AND pg_catalog.pg_table_is_visible(pg_catalog.pg_class.oid) AND pg_catalog.pg_namespace.nspname != %(nspname_1)s
2025-11-19 19:44:21,492 - sqlalchemy.engine.Engine - INFO - [cached since 0.01344s ago] {'table_name': 'execution_steps', 'param_1': 'r', 'param_2': 'p', 'param_3': 'f', 'param_4': 'v', 'param_5': 'm', 'nspname_1': 'pg_catalog'}
2025-11-19 19:44:21,492 - sqlalchemy.engine.Engine - INFO - SELECT pg_catalog.pg_class.relname 
FROM pg_catalog.pg_class JOIN pg_catalog.pg_namespace ON pg_catalog.pg_namespace.oid = pg_catalog.pg_class.relnamespace 
WHERE pg_catalog.pg_class.relname = %(table_name)s AND pg_catalog.pg_class.relkind = ANY (ARRAY[%(param_1)s, %(param_2)s, %(param_3)s, %(param_4)s, %(param_5)s]) AND pg_catalog.pg_table_is_visible(pg_catalog.pg_class.oid) AND pg_catalog.pg_namespace.nspname != %(nspname_1)s
2025-11-19 19:44:21,492 - sqlalchemy.engine.Engine - INFO - [cached since 0.01552s ago] {'table_name': 'project_configs', 'param_1': 'r', 'param_2': 'p', 'param_3': 'f', 'param_4': 'v', 'param_5': 'm', 'nspname_1': 'pg_catalog'}
2025-11-19 19:44:21,497 - sqlalchemy.engine.Engine - INFO - COMMIT
2025-11-19 19:44:21,498 - TestAutomationAPI - INFO - Database tables verified
2025-11-19 19:44:21,505 - TestAutomationAPI - INFO - ======================================================================
2025-11-19 19:44:21,509 - TestAutomationAPI - INFO - Test Automation API Started Successfully
2025-11-19 19:44:21,509 - TestAutomationAPI - INFO - Host: 0.0.0.0:8000
2025-11-19 19:44:21,510 - TestAutomationAPI - INFO - Docs: http://0.0.0.0:8000/docs
2025-11-19 19:44:21,510 - TestAutomationAPI - INFO - ======================================================================
2025-11-19 19:45:33,089 - sqlalchemy.engine.Engine - INFO - BEGIN (implicit)
2025-11-19 19:45:33,093 - sqlalchemy.engine.Engine - INFO - SELECT tickets.id AS tickets_id, tickets.ticket_id AS tickets_ticket_id, tickets.project_id AS tickets_project_id, tickets.title AS tickets_title, tickets.module AS tickets_module, tickets.description AS tickets_description, tickets.acceptance_criteria AS tickets_acceptance_criteria, tickets.file_path AS tickets_file_path, tickets.created_at AS tickets_created_at 
FROM tickets 
WHERE tickets.ticket_id = %(ticket_id_1)s 
 LIMIT %(param_1)s
2025-11-19 19:45:33,094 - sqlalchemy.engine.Engine - INFO - [generated in 0.00099s] {'ticket_id_1': 'RBPLCD-8835', 'param_1': 1}
2025-11-19 19:45:33,103 - sqlalchemy.engine.Engine - INFO - ROLLBACK
2025-11-19 19:45:35,248 - TestAutomationAPI - INFO - UI requested test run for ticket: RBPLCD-8835
2025-11-19 19:45:35,250 - sqlalchemy.engine.Engine - INFO - BEGIN (implicit)
2025-11-19 19:45:35,251 - sqlalchemy.engine.Engine - INFO - SELECT tickets.id AS tickets_id, tickets.ticket_id AS tickets_ticket_id, tickets.project_id AS tickets_project_id, tickets.title AS tickets_title, tickets.module AS tickets_module, tickets.description AS tickets_description, tickets.acceptance_criteria AS tickets_acceptance_criteria, tickets.file_path AS tickets_file_path, tickets.created_at AS tickets_created_at 
FROM tickets 
WHERE tickets.ticket_id = %(ticket_id_1)s 
 LIMIT %(param_1)s
2025-11-19 19:45:35,252 - sqlalchemy.engine.Engine - INFO - [cached since 2.159s ago] {'ticket_id_1': 'RBPLCD-8835', 'param_1': 1}
2025-11-19 19:45:35,258 - sqlalchemy.engine.Engine - INFO - INSERT INTO test_executions (execution_id, ticket_id, project_id, status, overall_status, started_at, completed_at, total_execution_time, report_path, script_path, video_path, error_message) VALUES (%(execution_id)s, %(ticket_id)s, %(project_id)s, %(status)s, %(overall_status)s, %(started_at)s, %(completed_at)s, %(total_execution_time)s, %(report_path)s, %(script_path)s, %(video_path)s, %(error_message)s) RETURNING test_executions.id
2025-11-19 19:45:35,259 - sqlalchemy.engine.Engine - INFO - [generated in 0.00120s] {'execution_id': 'exec_RBPLCD-8835_20251119_194535', 'ticket_id': 'RBPLCD-8835', 'project_id': 1, 'status': 'running', 'overall_status': None, 'started_at': datetime.datetime(2025, 11, 19, 19, 45, 35, 254137), 'completed_at': None, 'total_execution_time': None, 'report_path': None, 'script_path': None, 'video_path': None, 'error_message': None}
2025-11-19 19:45:35,267 - sqlalchemy.engine.Engine - INFO - COMMIT
2025-11-19 19:45:35,271 - sqlalchemy.engine.Engine - INFO - BEGIN (implicit)
2025-11-19 19:45:35,275 - sqlalchemy.engine.Engine - INFO - SELECT test_executions.id, test_executions.execution_id, test_executions.ticket_id, test_executions.project_id, test_executions.status, test_executions.overall_status, test_executions.started_at, test_executions.completed_at, test_executions.total_execution_time, test_executions.report_path, test_executions.script_path, test_executions.video_path, test_executions.error_message 
FROM test_executions 
WHERE test_executions.id = %(pk_1)s
2025-11-19 19:45:35,276 - sqlalchemy.engine.Engine - INFO - [generated in 0.00115s] {'pk_1': 21}
2025-11-19 19:45:35,281 - TestExecutionService - INFO - Created execution record: exec_RBPLCD-8835_20251119_194535
2025-11-19 19:45:35,282 - TestAutomationAPI - INFO - Created execution: exec_RBPLCD-8835_20251119_194535
2025-11-19 19:45:35,283 - sqlalchemy.engine.Engine - INFO - SELECT tickets.id AS tickets_id, tickets.ticket_id AS tickets_ticket_id, tickets.project_id AS tickets_project_id, tickets.title AS tickets_title, tickets.module AS tickets_module, tickets.description AS tickets_description, tickets.acceptance_criteria AS tickets_acceptance_criteria, tickets.file_path AS tickets_file_path, tickets.created_at AS tickets_created_at 
FROM tickets 
WHERE tickets.id = %(pk_1)s
2025-11-19 19:45:35,284 - sqlalchemy.engine.Engine - INFO - [generated in 0.00110s] {'pk_1': 2}
2025-11-19 19:45:35,287 - TestAutomationAPI - INFO - ======================================================================
2025-11-19 19:45:35,439 - TestAutomationAPI - INFO -    Execution ID: exec_RBPLCD-8835_20251119_194535
2025-11-19 19:45:35,439 - TestAutomationAPI - INFO -    Ticket ID: RBPLCD-8835
2025-11-19 19:45:35,439 - TestAutomationAPI - INFO -    Project ID: 1
2025-11-19 19:45:35,439 - TestAutomationAPI - INFO - ======================================================================
2025-11-19 19:45:35,458 - TestExecutionService - INFO - Starting test workflow for RBPLCD-8835
2025-11-19 19:45:35,458 - TestExecutionService - INFO - External project path: C:\Users\ENZ1KOR\TA_AI_Project 1\TA_AI_Project 1\TA_AI_Project
2025-11-19 19:45:35,459 - TestExecutionService - INFO - Using Python interpreter: C:\Users\ENZ1KOR\TA_AI_Project 1\TA_AI_Project 1\TA_AI_Project\venv\Scripts\python.exe
2025-11-19 19:45:35,459 - TestExecutionService - INFO - Python executable: C:\Users\ENZ1KOR\TA_AI_Project 1\TA_AI_Project 1\TA_AI_Project\venv\Scripts\python.exe
2025-11-19 19:45:35,460 - TestExecutionService - INFO - Script: C:\Users\ENZ1KOR\TA_AI_Project 1\TA_AI_Project 1\TA_AI_Project\run_test.py
2025-11-19 19:45:35,460 - TestExecutionService - INFO - Ticket ID: RBPLCD-8835
2025-11-19 19:45:35,460 - TestExecutionService - INFO - Executing: C:\Users\ENZ1KOR\TA_AI_Project 1\TA_AI_Project 1\TA_AI_Project\venv\Scripts\python.exe C:\Users\ENZ1KOR\TA_AI_Project 1\TA_AI_Project 1\TA_AI_Project\run_test.py RBPLCD-8835
2025-11-19 19:45:35,482 - TestExecutionService - INFO - ======================================================================
2025-11-19 19:45:35,483 - TestExecutionService - INFO - SCRIPT OUTPUT:
2025-11-19 19:45:35,483 - TestExecutionService - INFO - ======================================================================
2025-11-19 19:45:35,483 - TestExecutionService - INFO - 
2025-11-19 19:45:35,483 - TestExecutionService - WARNING - SCRIPT ERRORS:
2025-11-19 19:45:35,484 - TestExecutionService - WARNING - No Python at '"C:\Users\lfo2kor\AppData\Local\Programs\Python\Python311\python.exe'

2025-11-19 19:45:35,484 - TestExecutionService - INFO - ======================================================================
2025-11-19 19:45:35,484 - TestExecutionService - ERROR - Script failed with return code 103
2025-11-19 19:45:35,484 - TestExecutionService - ERROR - Test workflow failed: Script failed: No Python at '"C:\Users\lfo2kor\AppData\Local\Programs\Python\Python311\python.exe'
Traceback (most recent call last):
  File "C:\Users\ENZ1KOR\my-fastapi-project\services.py", line 164, in run_test_workflow
    raise Exception(f"Script failed: {result.stderr}")
Exception: Script failed: No Python at '"C:\Users\lfo2kor\AppData\Local\Programs\Python\Python311\python.exe'

2025-11-19 19:45:35,519 - TestAutomationAPI - ERROR - ======================================================================
2025-11-19 19:45:35,523 - TestAutomationAPI - ERROR -    Execution ID: exec_RBPLCD-8835_20251119_194535
2025-11-19 19:45:35,524 - TestAutomationAPI - ERROR -    Error: Script failed: No Python at '"C:\Users\lfo2kor\AppData\Local\Programs\Python\Python311\python.exe'

2025-11-19 19:45:35,524 - TestAutomationAPI - ERROR - ======================================================================
2025-11-19 19:45:35,575 - sqlalchemy.engine.Engine - INFO - BEGIN (implicit)
2025-11-19 19:45:35,578 - sqlalchemy.engine.Engine - INFO - SELECT test_executions.id AS test_executions_id, test_executions.execution_id AS test_executions_execution_id, test_executions.ticket_id AS test_executions_ticket_id, test_executions.project_id AS test_executions_project_id, test_executions.status AS test_executions_status, test_executions.overall_status AS test_executions_overall_status, test_executions.started_at AS test_executions_started_at, test_executions.completed_at AS test_executions_completed_at, test_executions.total_execution_time AS test_executions_total_execution_time, test_executions.report_path AS test_executions_report_path, test_executions.script_path AS test_executions_script_path, test_executions.video_path AS test_executions_video_path, test_executions.error_message AS test_executions_error_message 
FROM test_executions 
WHERE test_executions.execution_id = %(execution_id_1)s 
 LIMIT %(param_1)s
2025-11-19 19:45:35,579 - sqlalchemy.engine.Engine - INFO - [generated in 0.00159s] {'execution_id_1': 'exec_RBPLCD-8835_20251119_194535', 'param_1': 1}
2025-11-19 19:45:35,587 - sqlalchemy.engine.Engine - INFO - UPDATE test_executions SET status=%(status)s, overall_status=%(overall_status)s, completed_at=%(completed_at)s, total_execution_time=%(total_execution_time)s, error_message=%(error_message)s WHERE test_executions.id = %(test_executions_id)s
2025-11-19 19:45:35,588 - sqlalchemy.engine.Engine - INFO - [generated in 0.00098s] {'status': 'failed', 'overall_status': 'FAILED', 'completed_at': datetime.datetime(2025, 11, 19, 19, 45, 35, 584609), 'total_execution_time': 0.330472, 'error_message': 'Script failed: No Python at \'"C:\\Users\\lfo2kor\\AppData\\Local\\Programs\\Python\\Python311\\python.exe\'\n', 'test_executions_id': 21}
2025-11-19 19:45:35,592 - sqlalchemy.engine.Engine - INFO - COMMIT
2025-11-19 19:45:35,596 - sqlalchemy.engine.Engine - INFO - BEGIN (implicit)
2025-11-19 19:45:35,597 - sqlalchemy.engine.Engine - INFO - SELECT test_executions.id, test_executions.execution_id, test_executions.ticket_id, test_executions.project_id, test_executions.status, test_executions.overall_status, test_executions.started_at, test_executions.completed_at, test_executions.total_execution_time, test_executions.report_path, test_executions.script_path, test_executions.video_path, test_executions.error_message 
FROM test_executions 
WHERE test_executions.id = %(pk_1)s
2025-11-19 19:45:35,598 - sqlalchemy.engine.Engine - INFO - [cached since 0.3229s ago] {'pk_1': 21}
2025-11-19 19:45:35,600 - TestExecutionService - INFO - Updated execution exec_RBPLCD-8835_20251119_194535: status=failed
2025-11-19 19:45:35,601 - TestAutomationAPI - ERROR - Traceback (most recent call last):
  File "C:\Users\ENZ1KOR\my-fastapi-project\main.py", line 456, in execute_test_in_background
    state = service.run_test_workflow(
            ^^^^^^^^^^^^^^^^^^^^^^^^^^
  File "C:\Users\ENZ1KOR\my-fastapi-project\services.py", line 164, in run_test_workflow
    raise Exception(f"Script failed: {result.stderr}")
Exception: Script failed: No Python at '"C:\Users\lfo2kor\AppData\Local\Programs\Python\Python311\python.exe'


2025-11-19 19:45:35,601 - sqlalchemy.engine.Engine - INFO - ROLLBACK
2025-11-19 19:45:35,606 - sqlalchemy.engine.Engine - INFO - ROLLBACK
2025-11-19 19:45:37,304 - sqlalchemy.engine.Engine - INFO - BEGIN (implicit)
2025-11-19 19:45:37,305 - sqlalchemy.engine.Engine - INFO - SELECT test_executions.id AS test_executions_id, test_executions.execution_id AS test_executions_execution_id, test_executions.ticket_id AS test_executions_ticket_id, test_executions.project_id AS test_executions_project_id, test_executions.status AS test_executions_status, test_executions.overall_status AS test_executions_overall_status, test_executions.started_at AS test_executions_started_at, test_executions.completed_at AS test_executions_completed_at, test_executions.total_execution_time AS test_executions_total_execution_time, test_executions.report_path AS test_executions_report_path, test_executions.script_path AS test_executions_script_path, test_executions.video_path AS test_executions_video_path, test_executions.error_message AS test_executions_error_message 
FROM test_executions 
WHERE test_executions.execution_id = %(execution_id_1)s 
 LIMIT %(param_1)s
2025-11-19 19:45:37,306 - sqlalchemy.engine.Engine - INFO - [cached since 1.729s ago] {'execution_id_1': 'exec_RBPLCD-8835_20251119_194535', 'param_1': 1}
2025-11-19 19:45:37,312 - sqlalchemy.engine.Engine - INFO - ROLLBACK
2025-11-19 19:46:41,468 - TestAutomationAPI - INFO - Test Automation API shutting down...
2025-11-19 19:46:43,039 - TestAutomationAPI - INFO - Starting Test Automation API...
2025-11-19 19:46:43,048 - TestAutomationAPI - INFO - Verified all directories exist
2025-11-19 19:46:43,136 - sqlalchemy.engine.Engine - INFO - select pg_catalog.version()
2025-11-19 19:46:43,137 - sqlalchemy.engine.Engine - INFO - [raw sql] {}
2025-11-19 19:46:43,139 - sqlalchemy.engine.Engine - INFO - select current_schema()
2025-11-19 19:46:43,139 - sqlalchemy.engine.Engine - INFO - [raw sql] {}
2025-11-19 19:46:43,140 - sqlalchemy.engine.Engine - INFO - show standard_conforming_strings
2025-11-19 19:46:43,140 - sqlalchemy.engine.Engine - INFO - [raw sql] {}
2025-11-19 19:46:43,140 - sqlalchemy.engine.Engine - INFO - BEGIN (implicit)
2025-11-19 19:46:43,140 - sqlalchemy.engine.Engine - INFO - SELECT pg_catalog.pg_class.relname 
FROM pg_catalog.pg_class JOIN pg_catalog.pg_namespace ON pg_catalog.pg_namespace.oid = pg_catalog.pg_class.relnamespace 
WHERE pg_catalog.pg_class.relname = %(table_name)s AND pg_catalog.pg_class.relkind = ANY (ARRAY[%(param_1)s, %(param_2)s, %(param_3)s, %(param_4)s, %(param_5)s]) AND pg_catalog.pg_table_is_visible(pg_catalog.pg_class.oid) AND pg_catalog.pg_namespace.nspname != %(nspname_1)s
2025-11-19 19:46:43,140 - sqlalchemy.engine.Engine - INFO - [generated in 0.00090s] {'table_name': 'projects', 'param_1': 'r', 'param_2': 'p', 'param_3': 'f', 'param_4': 'v', 'param_5': 'm', 'nspname_1': 'pg_catalog'}
2025-11-19 19:46:43,154 - sqlalchemy.engine.Engine - INFO - SELECT pg_catalog.pg_class.relname 
FROM pg_catalog.pg_class JOIN pg_catalog.pg_namespace ON pg_catalog.pg_namespace.oid = pg_catalog.pg_class.relnamespace 
WHERE pg_catalog.pg_class.relname = %(table_name)s AND pg_catalog.pg_class.relkind = ANY (ARRAY[%(param_1)s, %(param_2)s, %(param_3)s, %(param_4)s, %(param_5)s]) AND pg_catalog.pg_table_is_visible(pg_catalog.pg_class.oid) AND pg_catalog.pg_namespace.nspname != %(nspname_1)s
2025-11-19 19:46:43,154 - sqlalchemy.engine.Engine - INFO - [cached since 0.007306s ago] {'table_name': 'testers', 'param_1': 'r', 'param_2': 'p', 'param_3': 'f', 'param_4': 'v', 'param_5': 'm', 'nspname_1': 'pg_catalog'}
2025-11-19 19:46:43,156 - sqlalchemy.engine.Engine - INFO - SELECT pg_catalog.pg_class.relname 
FROM pg_catalog.pg_class JOIN pg_catalog.pg_namespace ON pg_catalog.pg_namespace.oid = pg_catalog.pg_class.relnamespace 
WHERE pg_catalog.pg_class.relname = %(table_name)s AND pg_catalog.pg_class.relkind = ANY (ARRAY[%(param_1)s, %(param_2)s, %(param_3)s, %(param_4)s, %(param_5)s]) AND pg_catalog.pg_table_is_visible(pg_catalog.pg_class.oid) AND pg_catalog.pg_namespace.nspname != %(nspname_1)s
2025-11-19 19:46:43,156 - sqlalchemy.engine.Engine - INFO - [cached since 0.01027s ago] {'table_name': 'tickets', 'param_1': 'r', 'param_2': 'p', 'param_3': 'f', 'param_4': 'v', 'param_5': 'm', 'nspname_1': 'pg_catalog'}
2025-11-19 19:46:43,159 - sqlalchemy.engine.Engine - INFO - SELECT pg_catalog.pg_class.relname 
FROM pg_catalog.pg_class JOIN pg_catalog.pg_namespace ON pg_catalog.pg_namespace.oid = pg_catalog.pg_class.relnamespace 
WHERE pg_catalog.pg_class.relname = %(table_name)s AND pg_catalog.pg_class.relkind = ANY (ARRAY[%(param_1)s, %(param_2)s, %(param_3)s, %(param_4)s, %(param_5)s]) AND pg_catalog.pg_table_is_visible(pg_catalog.pg_class.oid) AND pg_catalog.pg_namespace.nspname != %(nspname_1)s
2025-11-19 19:46:43,159 - sqlalchemy.engine.Engine - INFO - [cached since 0.01297s ago] {'table_name': 'test_executions', 'param_1': 'r', 'param_2': 'p', 'param_3': 'f', 'param_4': 'v', 'param_5': 'm', 'nspname_1': 'pg_catalog'}
2025-11-19 19:46:43,159 - sqlalchemy.engine.Engine - INFO - SELECT pg_catalog.pg_class.relname 
FROM pg_catalog.pg_class JOIN pg_catalog.pg_namespace ON pg_catalog.pg_namespace.oid = pg_catalog.pg_class.relnamespace 
WHERE pg_catalog.pg_class.relname = %(table_name)s AND pg_catalog.pg_class.relkind = ANY (ARRAY[%(param_1)s, %(param_2)s, %(param_3)s, %(param_4)s, %(param_5)s]) AND pg_catalog.pg_table_is_visible(pg_catalog.pg_class.oid) AND pg_catalog.pg_namespace.nspname != %(nspname_1)s
2025-11-19 19:46:43,159 - sqlalchemy.engine.Engine - INFO - [cached since 0.01523s ago] {'table_name': 'execution_steps', 'param_1': 'r', 'param_2': 'p', 'param_3': 'f', 'param_4': 'v', 'param_5': 'm', 'nspname_1': 'pg_catalog'}
2025-11-19 19:46:43,159 - sqlalchemy.engine.Engine - INFO - SELECT pg_catalog.pg_class.relname 
FROM pg_catalog.pg_class JOIN pg_catalog.pg_namespace ON pg_catalog.pg_namespace.oid = pg_catalog.pg_class.relnamespace 
WHERE pg_catalog.pg_class.relname = %(table_name)s AND pg_catalog.pg_class.relkind = ANY (ARRAY[%(param_1)s, %(param_2)s, %(param_3)s, %(param_4)s, %(param_5)s]) AND pg_catalog.pg_table_is_visible(pg_catalog.pg_class.oid) AND pg_catalog.pg_namespace.nspname != %(nspname_1)s
2025-11-19 19:46:43,159 - sqlalchemy.engine.Engine - INFO - [cached since 0.0173s ago] {'table_name': 'project_configs', 'param_1': 'r', 'param_2': 'p', 'param_3': 'f', 'param_4': 'v', 'param_5': 'm', 'nspname_1': 'pg_catalog'}
2025-11-19 19:46:43,166 - sqlalchemy.engine.Engine - INFO - COMMIT
2025-11-19 19:46:43,167 - TestAutomationAPI - INFO - Database tables verified
2025-11-19 19:47:09,611 - TestAutomationAPI - INFO - Starting Test Automation API...
2025-11-19 19:47:09,611 - TestAutomationAPI - INFO - Verified all directories exist
2025-11-19 19:47:09,696 - sqlalchemy.engine.Engine - INFO - select pg_catalog.version()
2025-11-19 19:47:09,696 - sqlalchemy.engine.Engine - INFO - [raw sql] {}
2025-11-19 19:47:09,699 - sqlalchemy.engine.Engine - INFO - select current_schema()
2025-11-19 19:47:09,699 - sqlalchemy.engine.Engine - INFO - [raw sql] {}
2025-11-19 19:47:09,699 - sqlalchemy.engine.Engine - INFO - show standard_conforming_strings
2025-11-19 19:47:09,699 - sqlalchemy.engine.Engine - INFO - [raw sql] {}
2025-11-19 19:47:09,703 - sqlalchemy.engine.Engine - INFO - BEGIN (implicit)
2025-11-19 19:47:09,703 - sqlalchemy.engine.Engine - INFO - SELECT pg_catalog.pg_class.relname 
FROM pg_catalog.pg_class JOIN pg_catalog.pg_namespace ON pg_catalog.pg_namespace.oid = pg_catalog.pg_class.relnamespace 
WHERE pg_catalog.pg_class.relname = %(table_name)s AND pg_catalog.pg_class.relkind = ANY (ARRAY[%(param_1)s, %(param_2)s, %(param_3)s, %(param_4)s, %(param_5)s]) AND pg_catalog.pg_table_is_visible(pg_catalog.pg_class.oid) AND pg_catalog.pg_namespace.nspname != %(nspname_1)s
2025-11-19 19:47:09,703 - sqlalchemy.engine.Engine - INFO - [generated in 0.00146s] {'table_name': 'projects', 'param_1': 'r', 'param_2': 'p', 'param_3': 'f', 'param_4': 'v', 'param_5': 'm', 'nspname_1': 'pg_catalog'}
2025-11-19 19:47:09,715 - sqlalchemy.engine.Engine - INFO - SELECT pg_catalog.pg_class.relname 
FROM pg_catalog.pg_class JOIN pg_catalog.pg_namespace ON pg_catalog.pg_namespace.oid = pg_catalog.pg_class.relnamespace 
WHERE pg_catalog.pg_class.relname = %(table_name)s AND pg_catalog.pg_class.relkind = ANY (ARRAY[%(param_1)s, %(param_2)s, %(param_3)s, %(param_4)s, %(param_5)s]) AND pg_catalog.pg_table_is_visible(pg_catalog.pg_class.oid) AND pg_catalog.pg_namespace.nspname != %(nspname_1)s
2025-11-19 19:47:09,715 - sqlalchemy.engine.Engine - INFO - [cached since 0.008161s ago] {'table_name': 'testers', 'param_1': 'r', 'param_2': 'p', 'param_3': 'f', 'param_4': 'v', 'param_5': 'm', 'nspname_1': 'pg_catalog'}
2025-11-19 19:47:09,717 - sqlalchemy.engine.Engine - INFO - SELECT pg_catalog.pg_class.relname 
FROM pg_catalog.pg_class JOIN pg_catalog.pg_namespace ON pg_catalog.pg_namespace.oid = pg_catalog.pg_class.relnamespace 
WHERE pg_catalog.pg_class.relname = %(table_name)s AND pg_catalog.pg_class.relkind = ANY (ARRAY[%(param_1)s, %(param_2)s, %(param_3)s, %(param_4)s, %(param_5)s]) AND pg_catalog.pg_table_is_visible(pg_catalog.pg_class.oid) AND pg_catalog.pg_namespace.nspname != %(nspname_1)s
2025-11-19 19:47:09,718 - sqlalchemy.engine.Engine - INFO - [cached since 0.01111s ago] {'table_name': 'tickets', 'param_1': 'r', 'param_2': 'p', 'param_3': 'f', 'param_4': 'v', 'param_5': 'm', 'nspname_1': 'pg_catalog'}
2025-11-19 19:47:09,719 - sqlalchemy.engine.Engine - INFO - SELECT pg_catalog.pg_class.relname 
FROM pg_catalog.pg_class JOIN pg_catalog.pg_namespace ON pg_catalog.pg_namespace.oid = pg_catalog.pg_class.relnamespace 
WHERE pg_catalog.pg_class.relname = %(table_name)s AND pg_catalog.pg_class.relkind = ANY (ARRAY[%(param_1)s, %(param_2)s, %(param_3)s, %(param_4)s, %(param_5)s]) AND pg_catalog.pg_table_is_visible(pg_catalog.pg_class.oid) AND pg_catalog.pg_namespace.nspname != %(nspname_1)s
2025-11-19 19:47:09,719 - sqlalchemy.engine.Engine - INFO - [cached since 0.01466s ago] {'table_name': 'test_executions', 'param_1': 'r', 'param_2': 'p', 'param_3': 'f', 'param_4': 'v', 'param_5': 'm', 'nspname_1': 'pg_catalog'}
2025-11-19 19:47:09,719 - sqlalchemy.engine.Engine - INFO - SELECT pg_catalog.pg_class.relname 
FROM pg_catalog.pg_class JOIN pg_catalog.pg_namespace ON pg_catalog.pg_namespace.oid = pg_catalog.pg_class.relnamespace 
WHERE pg_catalog.pg_class.relname = %(table_name)s AND pg_catalog.pg_class.relkind = ANY (ARRAY[%(param_1)s, %(param_2)s, %(param_3)s, %(param_4)s, %(param_5)s]) AND pg_catalog.pg_table_is_visible(pg_catalog.pg_class.oid) AND pg_catalog.pg_namespace.nspname != %(nspname_1)s
2025-11-19 19:47:09,719 - sqlalchemy.engine.Engine - INFO - [cached since 0.0172s ago] {'table_name': 'execution_steps', 'param_1': 'r', 'param_2': 'p', 'param_3': 'f', 'param_4': 'v', 'param_5': 'm', 'nspname_1': 'pg_catalog'}
2025-11-19 19:47:09,727 - sqlalchemy.engine.Engine - INFO - SELECT pg_catalog.pg_class.relname 
FROM pg_catalog.pg_class JOIN pg_catalog.pg_namespace ON pg_catalog.pg_namespace.oid = pg_catalog.pg_class.relnamespace 
WHERE pg_catalog.pg_class.relname = %(table_name)s AND pg_catalog.pg_class.relkind = ANY (ARRAY[%(param_1)s, %(param_2)s, %(param_3)s, %(param_4)s, %(param_5)s]) AND pg_catalog.pg_table_is_visible(pg_catalog.pg_class.oid) AND pg_catalog.pg_namespace.nspname != %(nspname_1)s
2025-11-19 19:47:09,729 - sqlalchemy.engine.Engine - INFO - [cached since 0.02124s ago] {'table_name': 'project_configs', 'param_1': 'r', 'param_2': 'p', 'param_3': 'f', 'param_4': 'v', 'param_5': 'm', 'nspname_1': 'pg_catalog'}
2025-11-19 19:47:09,731 - sqlalchemy.engine.Engine - INFO - COMMIT
2025-11-19 19:47:09,732 - TestAutomationAPI - INFO - Database tables verified
2025-11-19 19:47:09,733 - TestAutomationAPI - INFO - ======================================================================
2025-11-19 19:47:09,733 - TestAutomationAPI - INFO - Test Automation API Started Successfully
2025-11-19 19:47:09,733 - TestAutomationAPI - INFO - Host: 0.0.0.0:8000
2025-11-19 19:47:09,733 - TestAutomationAPI - INFO - Docs: http://0.0.0.0:8000/docs
2025-11-19 19:47:09,733 - TestAutomationAPI - INFO - ======================================================================
2025-11-19 20:06:13,991 - TestAutomationAPI - INFO - Test Automation API shutting down...
2025-11-19 20:06:15,870 - TestAutomationAPI - INFO - Starting Test Automation API...
2025-11-19 20:06:15,873 - TestAutomationAPI - INFO - Verified all directories exist
2025-11-19 20:06:16,052 - sqlalchemy.engine.Engine - INFO - select pg_catalog.version()
2025-11-19 20:06:16,052 - sqlalchemy.engine.Engine - INFO - [raw sql] {}
2025-11-19 20:06:16,054 - sqlalchemy.engine.Engine - INFO - select current_schema()
2025-11-19 20:06:16,055 - sqlalchemy.engine.Engine - INFO - [raw sql] {}
2025-11-19 20:06:16,056 - sqlalchemy.engine.Engine - INFO - show standard_conforming_strings
2025-11-19 20:06:16,057 - sqlalchemy.engine.Engine - INFO - [raw sql] {}
2025-11-19 20:06:16,058 - sqlalchemy.engine.Engine - INFO - BEGIN (implicit)
2025-11-19 20:06:16,063 - sqlalchemy.engine.Engine - INFO - SELECT pg_catalog.pg_class.relname 
FROM pg_catalog.pg_class JOIN pg_catalog.pg_namespace ON pg_catalog.pg_namespace.oid = pg_catalog.pg_class.relnamespace 
WHERE pg_catalog.pg_class.relname = %(table_name)s AND pg_catalog.pg_class.relkind = ANY (ARRAY[%(param_1)s, %(param_2)s, %(param_3)s, %(param_4)s, %(param_5)s]) AND pg_catalog.pg_table_is_visible(pg_catalog.pg_class.oid) AND pg_catalog.pg_namespace.nspname != %(nspname_1)s
2025-11-19 20:06:16,064 - sqlalchemy.engine.Engine - INFO - [generated in 0.00077s] {'table_name': 'projects', 'param_1': 'r', 'param_2': 'p', 'param_3': 'f', 'param_4': 'v', 'param_5': 'm', 'nspname_1': 'pg_catalog'}
2025-11-19 20:06:16,068 - sqlalchemy.engine.Engine - INFO - SELECT pg_catalog.pg_class.relname 
FROM pg_catalog.pg_class JOIN pg_catalog.pg_namespace ON pg_catalog.pg_namespace.oid = pg_catalog.pg_class.relnamespace 
WHERE pg_catalog.pg_class.relname = %(table_name)s AND pg_catalog.pg_class.relkind = ANY (ARRAY[%(param_1)s, %(param_2)s, %(param_3)s, %(param_4)s, %(param_5)s]) AND pg_catalog.pg_table_is_visible(pg_catalog.pg_class.oid) AND pg_catalog.pg_namespace.nspname != %(nspname_1)s
2025-11-19 20:06:16,068 - sqlalchemy.engine.Engine - INFO - [cached since 0.005462s ago] {'table_name': 'testers', 'param_1': 'r', 'param_2': 'p', 'param_3': 'f', 'param_4': 'v', 'param_5': 'm', 'nspname_1': 'pg_catalog'}
2025-11-19 20:06:16,070 - sqlalchemy.engine.Engine - INFO - SELECT pg_catalog.pg_class.relname 
FROM pg_catalog.pg_class JOIN pg_catalog.pg_namespace ON pg_catalog.pg_namespace.oid = pg_catalog.pg_class.relnamespace 
WHERE pg_catalog.pg_class.relname = %(table_name)s AND pg_catalog.pg_class.relkind = ANY (ARRAY[%(param_1)s, %(param_2)s, %(param_3)s, %(param_4)s, %(param_5)s]) AND pg_catalog.pg_table_is_visible(pg_catalog.pg_class.oid) AND pg_catalog.pg_namespace.nspname != %(nspname_1)s
2025-11-19 20:06:16,070 - sqlalchemy.engine.Engine - INFO - [cached since 0.007452s ago] {'table_name': 'tickets', 'param_1': 'r', 'param_2': 'p', 'param_3': 'f', 'param_4': 'v', 'param_5': 'm', 'nspname_1': 'pg_catalog'}
2025-11-19 20:06:16,073 - sqlalchemy.engine.Engine - INFO - SELECT pg_catalog.pg_class.relname 
FROM pg_catalog.pg_class JOIN pg_catalog.pg_namespace ON pg_catalog.pg_namespace.oid = pg_catalog.pg_class.relnamespace 
WHERE pg_catalog.pg_class.relname = %(table_name)s AND pg_catalog.pg_class.relkind = ANY (ARRAY[%(param_1)s, %(param_2)s, %(param_3)s, %(param_4)s, %(param_5)s]) AND pg_catalog.pg_table_is_visible(pg_catalog.pg_class.oid) AND pg_catalog.pg_namespace.nspname != %(nspname_1)s
2025-11-19 20:06:16,073 - sqlalchemy.engine.Engine - INFO - [cached since 0.009924s ago] {'table_name': 'test_executions', 'param_1': 'r', 'param_2': 'p', 'param_3': 'f', 'param_4': 'v', 'param_5': 'm', 'nspname_1': 'pg_catalog'}
2025-11-19 20:06:16,075 - sqlalchemy.engine.Engine - INFO - SELECT pg_catalog.pg_class.relname 
FROM pg_catalog.pg_class JOIN pg_catalog.pg_namespace ON pg_catalog.pg_namespace.oid = pg_catalog.pg_class.relnamespace 
WHERE pg_catalog.pg_class.relname = %(table_name)s AND pg_catalog.pg_class.relkind = ANY (ARRAY[%(param_1)s, %(param_2)s, %(param_3)s, %(param_4)s, %(param_5)s]) AND pg_catalog.pg_table_is_visible(pg_catalog.pg_class.oid) AND pg_catalog.pg_namespace.nspname != %(nspname_1)s
2025-11-19 20:06:16,075 - sqlalchemy.engine.Engine - INFO - [cached since 0.01203s ago] {'table_name': 'execution_steps', 'param_1': 'r', 'param_2': 'p', 'param_3': 'f', 'param_4': 'v', 'param_5': 'm', 'nspname_1': 'pg_catalog'}
2025-11-19 20:06:16,075 - sqlalchemy.engine.Engine - INFO - SELECT pg_catalog.pg_class.relname 
FROM pg_catalog.pg_class JOIN pg_catalog.pg_namespace ON pg_catalog.pg_namespace.oid = pg_catalog.pg_class.relnamespace 
WHERE pg_catalog.pg_class.relname = %(table_name)s AND pg_catalog.pg_class.relkind = ANY (ARRAY[%(param_1)s, %(param_2)s, %(param_3)s, %(param_4)s, %(param_5)s]) AND pg_catalog.pg_table_is_visible(pg_catalog.pg_class.oid) AND pg_catalog.pg_namespace.nspname != %(nspname_1)s
2025-11-19 20:06:16,075 - sqlalchemy.engine.Engine - INFO - [cached since 0.0147s ago] {'table_name': 'project_configs', 'param_1': 'r', 'param_2': 'p', 'param_3': 'f', 'param_4': 'v', 'param_5': 'm', 'nspname_1': 'pg_catalog'}
2025-11-19 20:06:16,075 - sqlalchemy.engine.Engine - INFO - COMMIT
2025-11-19 20:06:16,075 - TestAutomationAPI - INFO - Database tables verified
2025-11-19 20:06:16,083 - TestAutomationAPI - INFO - ======================================================================
2025-11-19 20:06:16,083 - TestAutomationAPI - INFO - Test Automation API Started Successfully
2025-11-19 20:06:16,083 - TestAutomationAPI - INFO - Host: 0.0.0.0:8000
2025-11-19 20:06:16,083 - TestAutomationAPI - INFO - Docs: http://0.0.0.0:8000/docs
2025-11-19 20:06:16,083 - TestAutomationAPI - INFO - ======================================================================
2025-11-19 20:06:38,071 - TestAutomationAPI - INFO - Test Automation API shutting down...
2025-11-19 20:06:39,487 - TestAutomationAPI - INFO - Starting Test Automation API...
2025-11-19 20:06:39,487 - TestAutomationAPI - INFO - Verified all directories exist
2025-11-19 20:06:39,555 - sqlalchemy.engine.Engine - INFO - select pg_catalog.version()
2025-11-19 20:06:39,555 - sqlalchemy.engine.Engine - INFO - [raw sql] {}
2025-11-19 20:06:39,555 - sqlalchemy.engine.Engine - INFO - select current_schema()
2025-11-19 20:06:39,555 - sqlalchemy.engine.Engine - INFO - [raw sql] {}
2025-11-19 20:06:39,555 - sqlalchemy.engine.Engine - INFO - show standard_conforming_strings
2025-11-19 20:06:39,564 - sqlalchemy.engine.Engine - INFO - [raw sql] {}
2025-11-19 20:06:39,564 - sqlalchemy.engine.Engine - INFO - BEGIN (implicit)
2025-11-19 20:06:39,564 - sqlalchemy.engine.Engine - INFO - SELECT pg_catalog.pg_class.relname 
FROM pg_catalog.pg_class JOIN pg_catalog.pg_namespace ON pg_catalog.pg_namespace.oid = pg_catalog.pg_class.relnamespace 
WHERE pg_catalog.pg_class.relname = %(table_name)s AND pg_catalog.pg_class.relkind = ANY (ARRAY[%(param_1)s, %(param_2)s, %(param_3)s, %(param_4)s, %(param_5)s]) AND pg_catalog.pg_table_is_visible(pg_catalog.pg_class.oid) AND pg_catalog.pg_namespace.nspname != %(nspname_1)s
2025-11-19 20:06:39,564 - sqlalchemy.engine.Engine - INFO - [generated in 0.00086s] {'table_name': 'projects', 'param_1': 'r', 'param_2': 'p', 'param_3': 'f', 'param_4': 'v', 'param_5': 'm', 'nspname_1': 'pg_catalog'}
2025-11-19 20:06:39,570 - sqlalchemy.engine.Engine - INFO - SELECT pg_catalog.pg_class.relname 
FROM pg_catalog.pg_class JOIN pg_catalog.pg_namespace ON pg_catalog.pg_namespace.oid = pg_catalog.pg_class.relnamespace 
WHERE pg_catalog.pg_class.relname = %(table_name)s AND pg_catalog.pg_class.relkind = ANY (ARRAY[%(param_1)s, %(param_2)s, %(param_3)s, %(param_4)s, %(param_5)s]) AND pg_catalog.pg_table_is_visible(pg_catalog.pg_class.oid) AND pg_catalog.pg_namespace.nspname != %(nspname_1)s
2025-11-19 20:06:39,570 - sqlalchemy.engine.Engine - INFO - [cached since 0.007007s ago] {'table_name': 'testers', 'param_1': 'r', 'param_2': 'p', 'param_3': 'f', 'param_4': 'v', 'param_5': 'm', 'nspname_1': 'pg_catalog'}
2025-11-19 20:06:39,576 - sqlalchemy.engine.Engine - INFO - SELECT pg_catalog.pg_class.relname 
FROM pg_catalog.pg_class JOIN pg_catalog.pg_namespace ON pg_catalog.pg_namespace.oid = pg_catalog.pg_class.relnamespace 
WHERE pg_catalog.pg_class.relname = %(table_name)s AND pg_catalog.pg_class.relkind = ANY (ARRAY[%(param_1)s, %(param_2)s, %(param_3)s, %(param_4)s, %(param_5)s]) AND pg_catalog.pg_table_is_visible(pg_catalog.pg_class.oid) AND pg_catalog.pg_namespace.nspname != %(nspname_1)s
2025-11-19 20:06:39,576 - sqlalchemy.engine.Engine - INFO - [cached since 0.009114s ago] {'table_name': 'tickets', 'param_1': 'r', 'param_2': 'p', 'param_3': 'f', 'param_4': 'v', 'param_5': 'm', 'nspname_1': 'pg_catalog'}
2025-11-19 20:06:39,576 - sqlalchemy.engine.Engine - INFO - SELECT pg_catalog.pg_class.relname 
FROM pg_catalog.pg_class JOIN pg_catalog.pg_namespace ON pg_catalog.pg_namespace.oid = pg_catalog.pg_class.relnamespace 
WHERE pg_catalog.pg_class.relname = %(table_name)s AND pg_catalog.pg_class.relkind = ANY (ARRAY[%(param_1)s, %(param_2)s, %(param_3)s, %(param_4)s, %(param_5)s]) AND pg_catalog.pg_table_is_visible(pg_catalog.pg_class.oid) AND pg_catalog.pg_namespace.nspname != %(nspname_1)s
2025-11-19 20:06:39,576 - sqlalchemy.engine.Engine - INFO - [cached since 0.01086s ago] {'table_name': 'test_executions', 'param_1': 'r', 'param_2': 'p', 'param_3': 'f', 'param_4': 'v', 'param_5': 'm', 'nspname_1': 'pg_catalog'}
2025-11-19 20:06:39,576 - sqlalchemy.engine.Engine - INFO - SELECT pg_catalog.pg_class.relname 
FROM pg_catalog.pg_class JOIN pg_catalog.pg_namespace ON pg_catalog.pg_namespace.oid = pg_catalog.pg_class.relnamespace 
WHERE pg_catalog.pg_class.relname = %(table_name)s AND pg_catalog.pg_class.relkind = ANY (ARRAY[%(param_1)s, %(param_2)s, %(param_3)s, %(param_4)s, %(param_5)s]) AND pg_catalog.pg_table_is_visible(pg_catalog.pg_class.oid) AND pg_catalog.pg_namespace.nspname != %(nspname_1)s
2025-11-19 20:06:39,576 - sqlalchemy.engine.Engine - INFO - [cached since 0.01335s ago] {'table_name': 'execution_steps', 'param_1': 'r', 'param_2': 'p', 'param_3': 'f', 'param_4': 'v', 'param_5': 'm', 'nspname_1': 'pg_catalog'}
2025-11-19 20:06:39,576 - sqlalchemy.engine.Engine - INFO - SELECT pg_catalog.pg_class.relname 
FROM pg_catalog.pg_class JOIN pg_catalog.pg_namespace ON pg_catalog.pg_namespace.oid = pg_catalog.pg_class.relnamespace 
WHERE pg_catalog.pg_class.relname = %(table_name)s AND pg_catalog.pg_class.relkind = ANY (ARRAY[%(param_1)s, %(param_2)s, %(param_3)s, %(param_4)s, %(param_5)s]) AND pg_catalog.pg_table_is_visible(pg_catalog.pg_class.oid) AND pg_catalog.pg_namespace.nspname != %(nspname_1)s
2025-11-19 20:06:39,576 - sqlalchemy.engine.Engine - INFO - [cached since 0.01532s ago] {'table_name': 'project_configs', 'param_1': 'r', 'param_2': 'p', 'param_3': 'f', 'param_4': 'v', 'param_5': 'm', 'nspname_1': 'pg_catalog'}
2025-11-19 20:06:39,576 - sqlalchemy.engine.Engine - INFO - COMMIT
2025-11-19 20:06:39,585 - TestAutomationAPI - INFO - Database tables verified
2025-11-19 20:06:39,626 - TestAutomationAPI - INFO - ======================================================================
2025-11-19 20:06:39,626 - TestAutomationAPI - INFO - Test Automation API Started Successfully
2025-11-19 20:06:39,626 - TestAutomationAPI - INFO - Host: 0.0.0.0:8000
2025-11-19 20:06:39,626 - TestAutomationAPI - INFO - Docs: http://0.0.0.0:8000/docs
2025-11-19 20:06:39,626 - TestAutomationAPI - INFO - ======================================================================
2025-11-19 20:08:43,053 - TestAutomationAPI - INFO - Test Automation API shutting down...
2025-11-19 20:13:05,791 - TestAutomationAPI - INFO - Starting Test Automation API...
2025-11-19 20:13:05,791 - TestAutomationAPI - INFO - Verified all directories exist
2025-11-19 20:13:05,852 - sqlalchemy.engine.Engine - INFO - select pg_catalog.version()
2025-11-19 20:13:05,852 - sqlalchemy.engine.Engine - INFO - [raw sql] {}
2025-11-19 20:13:05,852 - sqlalchemy.engine.Engine - INFO - select current_schema()
2025-11-19 20:13:05,852 - sqlalchemy.engine.Engine - INFO - [raw sql] {}
2025-11-19 20:13:05,862 - sqlalchemy.engine.Engine - INFO - show standard_conforming_strings
2025-11-19 20:13:05,862 - sqlalchemy.engine.Engine - INFO - [raw sql] {}
2025-11-19 20:13:05,862 - sqlalchemy.engine.Engine - INFO - BEGIN (implicit)
2025-11-19 20:13:05,865 - sqlalchemy.engine.Engine - INFO - SELECT pg_catalog.pg_class.relname 
FROM pg_catalog.pg_class JOIN pg_catalog.pg_namespace ON pg_catalog.pg_namespace.oid = pg_catalog.pg_class.relnamespace 
WHERE pg_catalog.pg_class.relname = %(table_name)s AND pg_catalog.pg_class.relkind = ANY (ARRAY[%(param_1)s, %(param_2)s, %(param_3)s, %(param_4)s, %(param_5)s]) AND pg_catalog.pg_table_is_visible(pg_catalog.pg_class.oid) AND pg_catalog.pg_namespace.nspname != %(nspname_1)s
2025-11-19 20:13:05,868 - sqlalchemy.engine.Engine - INFO - [generated in 0.00084s] {'table_name': 'projects', 'param_1': 'r', 'param_2': 'p', 'param_3': 'f', 'param_4': 'v', 'param_5': 'm', 'nspname_1': 'pg_catalog'}
2025-11-19 20:13:05,868 - sqlalchemy.engine.Engine - INFO - SELECT pg_catalog.pg_class.relname 
FROM pg_catalog.pg_class JOIN pg_catalog.pg_namespace ON pg_catalog.pg_namespace.oid = pg_catalog.pg_class.relnamespace 
WHERE pg_catalog.pg_class.relname = %(table_name)s AND pg_catalog.pg_class.relkind = ANY (ARRAY[%(param_1)s, %(param_2)s, %(param_3)s, %(param_4)s, %(param_5)s]) AND pg_catalog.pg_table_is_visible(pg_catalog.pg_class.oid) AND pg_catalog.pg_namespace.nspname != %(nspname_1)s
2025-11-19 20:13:05,868 - sqlalchemy.engine.Engine - INFO - [cached since 0.006003s ago] {'table_name': 'testers', 'param_1': 'r', 'param_2': 'p', 'param_3': 'f', 'param_4': 'v', 'param_5': 'm', 'nspname_1': 'pg_catalog'}
2025-11-19 20:13:05,868 - sqlalchemy.engine.Engine - INFO - SELECT pg_catalog.pg_class.relname 
FROM pg_catalog.pg_class JOIN pg_catalog.pg_namespace ON pg_catalog.pg_namespace.oid = pg_catalog.pg_class.relnamespace 
WHERE pg_catalog.pg_class.relname = %(table_name)s AND pg_catalog.pg_class.relkind = ANY (ARRAY[%(param_1)s, %(param_2)s, %(param_3)s, %(param_4)s, %(param_5)s]) AND pg_catalog.pg_table_is_visible(pg_catalog.pg_class.oid) AND pg_catalog.pg_namespace.nspname != %(nspname_1)s
2025-11-19 20:13:05,868 - sqlalchemy.engine.Engine - INFO - [cached since 0.008386s ago] {'table_name': 'tickets', 'param_1': 'r', 'param_2': 'p', 'param_3': 'f', 'param_4': 'v', 'param_5': 'm', 'nspname_1': 'pg_catalog'}
2025-11-19 20:13:05,868 - sqlalchemy.engine.Engine - INFO - SELECT pg_catalog.pg_class.relname 
FROM pg_catalog.pg_class JOIN pg_catalog.pg_namespace ON pg_catalog.pg_namespace.oid = pg_catalog.pg_class.relnamespace 
WHERE pg_catalog.pg_class.relname = %(table_name)s AND pg_catalog.pg_class.relkind = ANY (ARRAY[%(param_1)s, %(param_2)s, %(param_3)s, %(param_4)s, %(param_5)s]) AND pg_catalog.pg_table_is_visible(pg_catalog.pg_class.oid) AND pg_catalog.pg_namespace.nspname != %(nspname_1)s
2025-11-19 20:13:05,868 - sqlalchemy.engine.Engine - INFO - [cached since 0.01005s ago] {'table_name': 'test_executions', 'param_1': 'r', 'param_2': 'p', 'param_3': 'f', 'param_4': 'v', 'param_5': 'm', 'nspname_1': 'pg_catalog'}
2025-11-19 20:13:05,878 - sqlalchemy.engine.Engine - INFO - SELECT pg_catalog.pg_class.relname 
FROM pg_catalog.pg_class JOIN pg_catalog.pg_namespace ON pg_catalog.pg_namespace.oid = pg_catalog.pg_class.relnamespace 
WHERE pg_catalog.pg_class.relname = %(table_name)s AND pg_catalog.pg_class.relkind = ANY (ARRAY[%(param_1)s, %(param_2)s, %(param_3)s, %(param_4)s, %(param_5)s]) AND pg_catalog.pg_table_is_visible(pg_catalog.pg_class.oid) AND pg_catalog.pg_namespace.nspname != %(nspname_1)s
2025-11-19 20:13:05,878 - sqlalchemy.engine.Engine - INFO - [cached since 0.0126s ago] {'table_name': 'execution_steps', 'param_1': 'r', 'param_2': 'p', 'param_3': 'f', 'param_4': 'v', 'param_5': 'm', 'nspname_1': 'pg_catalog'}
2025-11-19 20:13:05,878 - sqlalchemy.engine.Engine - INFO - SELECT pg_catalog.pg_class.relname 
FROM pg_catalog.pg_class JOIN pg_catalog.pg_namespace ON pg_catalog.pg_namespace.oid = pg_catalog.pg_class.relnamespace 
WHERE pg_catalog.pg_class.relname = %(table_name)s AND pg_catalog.pg_class.relkind = ANY (ARRAY[%(param_1)s, %(param_2)s, %(param_3)s, %(param_4)s, %(param_5)s]) AND pg_catalog.pg_table_is_visible(pg_catalog.pg_class.oid) AND pg_catalog.pg_namespace.nspname != %(nspname_1)s
2025-11-19 20:13:05,883 - sqlalchemy.engine.Engine - INFO - [cached since 0.01619s ago] {'table_name': 'project_configs', 'param_1': 'r', 'param_2': 'p', 'param_3': 'f', 'param_4': 'v', 'param_5': 'm', 'nspname_1': 'pg_catalog'}
2025-11-19 20:13:05,883 - sqlalchemy.engine.Engine - INFO - COMMIT
2025-11-19 20:13:05,883 - TestAutomationAPI - INFO - Database tables verified
2025-11-19 20:13:05,890 - TestAutomationAPI - INFO - ======================================================================
2025-11-19 20:13:05,890 - TestAutomationAPI - INFO - Test Automation API Started Successfully
2025-11-19 20:13:05,890 - TestAutomationAPI - INFO - Host: 0.0.0.0:8000
2025-11-19 20:13:05,890 - TestAutomationAPI - INFO - Docs: http://0.0.0.0:8000/docs
2025-11-19 20:13:05,890 - TestAutomationAPI - INFO - ======================================================================
2025-11-19 23:13:09,326 - sqlalchemy.engine.Engine - INFO - BEGIN (implicit)
2025-11-19 23:13:09,334 - sqlalchemy.engine.Engine - INFO - SELECT tickets.id AS tickets_id, tickets.ticket_id AS tickets_ticket_id, tickets.project_id AS tickets_project_id, tickets.title AS tickets_title, tickets.module AS tickets_module, tickets.description AS tickets_description, tickets.acceptance_criteria AS tickets_acceptance_criteria, tickets.file_path AS tickets_file_path, tickets.created_at AS tickets_created_at 
FROM tickets 
WHERE tickets.ticket_id = %(ticket_id_1)s 
 LIMIT %(param_1)s
2025-11-19 23:13:09,336 - sqlalchemy.engine.Engine - INFO - [generated in 0.00247s] {'ticket_id_1': 'RBPLCD-8835', 'param_1': 1}
2025-11-19 23:13:09,351 - sqlalchemy.engine.Engine - INFO - ROLLBACK
2025-11-19 23:13:12,173 - TestAutomationAPI - INFO - UI requested test run for ticket: RBPLCD-8835
2025-11-19 23:13:12,175 - sqlalchemy.engine.Engine - INFO - BEGIN (implicit)
2025-11-19 23:13:12,176 - sqlalchemy.engine.Engine - INFO - SELECT tickets.id AS tickets_id, tickets.ticket_id AS tickets_ticket_id, tickets.project_id AS tickets_project_id, tickets.title AS tickets_title, tickets.module AS tickets_module, tickets.description AS tickets_description, tickets.acceptance_criteria AS tickets_acceptance_criteria, tickets.file_path AS tickets_file_path, tickets.created_at AS tickets_created_at 
FROM tickets 
WHERE tickets.ticket_id = %(ticket_id_1)s 
 LIMIT %(param_1)s
2025-11-19 23:13:12,178 - sqlalchemy.engine.Engine - INFO - [cached since 2.847s ago] {'ticket_id_1': 'RBPLCD-8835', 'param_1': 1}
2025-11-19 23:13:12,181 - sqlalchemy.engine.Engine - INFO - ROLLBACK
2025-11-20 08:53:32,965 - TestAutomationAPI - INFO - Test Automation API shutting down...
