2025-11-11 10:33:09,633 - TestAutomationAPI - INFO - Starting Test Automation API...
2025-11-11 10:33:09,633 - TestAutomationAPI - INFO - Verified all directories exist
2025-11-11 10:33:09,633 - sqlalchemy.engine.Engine - INFO - BEGIN (implicit)
2025-11-11 10:33:09,633 - sqlalchemy.engine.Engine - INFO - SELECT pg_catalog.pg_class.relname 
FROM pg_catalog.pg_class JOIN pg_catalog.pg_namespace ON pg_catalog.pg_namespace.oid = pg_catalog.pg_class.relnamespace 
WHERE pg_catalog.pg_class.relname = %(table_name)s AND pg_catalog.pg_class.relkind = ANY (ARRAY[%(param_1)s, %(param_2)s, %(param_3)s, %(param_4)s, %(param_5)s]) AND pg_catalog.pg_table_is_visible(pg_catalog.pg_class.oid) AND pg_catalog.pg_namespace.nspname != %(nspname_1)s
2025-11-11 10:33:09,633 - sqlalchemy.engine.Engine - INFO - [cached since 0.01675s ago] {'table_name': 'projects', 'param_1': 'r', 'param_2': 'p', 'param_3': 'f', 'param_4': 'v', 'param_5': 'm', 'nspname_1': 'pg_catalog'}
2025-11-11 10:33:09,633 - sqlalchemy.engine.Engine - INFO - SELECT pg_catalog.pg_class.relname 
FROM pg_catalog.pg_class JOIN pg_catalog.pg_namespace ON pg_catalog.pg_namespace.oid = pg_catalog.pg_class.relnamespace 
WHERE pg_catalog.pg_class.relname = %(table_name)s AND pg_catalog.pg_class.relkind = ANY (ARRAY[%(param_1)s, %(param_2)s, %(param_3)s, %(param_4)s, %(param_5)s]) AND pg_catalog.pg_table_is_visible(pg_catalog.pg_class.oid) AND pg_catalog.pg_namespace.nspname != %(nspname_1)s
2025-11-11 10:33:09,633 - sqlalchemy.engine.Engine - INFO - [cached since 0.01894s ago] {'table_name': 'testers', 'param_1': 'r', 'param_2': 'p', 'param_3': 'f', 'param_4': 'v', 'param_5': 'm', 'nspname_1': 'pg_catalog'}
2025-11-11 10:33:09,633 - sqlalchemy.engine.Engine - INFO - SELECT pg_catalog.pg_class.relname 
FROM pg_catalog.pg_class JOIN pg_catalog.pg_namespace ON pg_catalog.pg_namespace.oid = pg_catalog.pg_class.relnamespace 
WHERE pg_catalog.pg_class.relname = %(table_name)s AND pg_catalog.pg_class.relkind = ANY (ARRAY[%(param_1)s, %(param_2)s, %(param_3)s, %(param_4)s, %(param_5)s]) AND pg_catalog.pg_table_is_visible(pg_catalog.pg_class.oid) AND pg_catalog.pg_namespace.nspname != %(nspname_1)s
2025-11-11 10:33:09,633 - sqlalchemy.engine.Engine - INFO - [cached since 0.02099s ago] {'table_name': 'tickets', 'param_1': 'r', 'param_2': 'p', 'param_3': 'f', 'param_4': 'v', 'param_5': 'm', 'nspname_1': 'pg_catalog'}
2025-11-11 10:33:09,633 - sqlalchemy.engine.Engine - INFO - SELECT pg_catalog.pg_class.relname 
FROM pg_catalog.pg_class JOIN pg_catalog.pg_namespace ON pg_catalog.pg_namespace.oid = pg_catalog.pg_class.relnamespace 
WHERE pg_catalog.pg_class.relname = %(table_name)s AND pg_catalog.pg_class.relkind = ANY (ARRAY[%(param_1)s, %(param_2)s, %(param_3)s, %(param_4)s, %(param_5)s]) AND pg_catalog.pg_table_is_visible(pg_catalog.pg_class.oid) AND pg_catalog.pg_namespace.nspname != %(nspname_1)s
2025-11-11 10:33:09,643 - sqlalchemy.engine.Engine - INFO - [cached since 0.02315s ago] {'table_name': 'test_executions', 'param_1': 'r', 'param_2': 'p', 'param_3': 'f', 'param_4': 'v', 'param_5': 'm', 'nspname_1': 'pg_catalog'}
2025-11-11 10:33:09,643 - sqlalchemy.engine.Engine - INFO - SELECT pg_catalog.pg_class.relname 
FROM pg_catalog.pg_class JOIN pg_catalog.pg_namespace ON pg_catalog.pg_namespace.oid = pg_catalog.pg_class.relnamespace 
WHERE pg_catalog.pg_class.relname = %(table_name)s AND pg_catalog.pg_class.relkind = ANY (ARRAY[%(param_1)s, %(param_2)s, %(param_3)s, %(param_4)s, %(param_5)s]) AND pg_catalog.pg_table_is_visible(pg_catalog.pg_class.oid) AND pg_catalog.pg_namespace.nspname != %(nspname_1)s
2025-11-11 10:33:09,643 - sqlalchemy.engine.Engine - INFO - [cached since 0.02524s ago] {'table_name': 'execution_steps', 'param_1': 'r', 'param_2': 'p', 'param_3': 'f', 'param_4': 'v', 'param_5': 'm', 'nspname_1': 'pg_catalog'}
2025-11-11 10:33:09,647 - sqlalchemy.engine.Engine - INFO - SELECT pg_catalog.pg_class.relname 
FROM pg_catalog.pg_class JOIN pg_catalog.pg_namespace ON pg_catalog.pg_namespace.oid = pg_catalog.pg_class.relnamespace 
WHERE pg_catalog.pg_class.relname = %(table_name)s AND pg_catalog.pg_class.relkind = ANY (ARRAY[%(param_1)s, %(param_2)s, %(param_3)s, %(param_4)s, %(param_5)s]) AND pg_catalog.pg_table_is_visible(pg_catalog.pg_class.oid) AND pg_catalog.pg_namespace.nspname != %(nspname_1)s
2025-11-11 10:33:09,647 - sqlalchemy.engine.Engine - INFO - [cached since 0.02754s ago] {'table_name': 'project_configs', 'param_1': 'r', 'param_2': 'p', 'param_3': 'f', 'param_4': 'v', 'param_5': 'm', 'nspname_1': 'pg_catalog'}
2025-11-11 10:33:09,648 - sqlalchemy.engine.Engine - INFO - COMMIT
2025-11-11 10:33:09,648 - TestAutomationAPI - INFO - Database tables verified
2025-11-11 10:33:09,660 - TestAutomationAPI - INFO - ======================================================================
2025-11-11 10:33:09,661 - TestAutomationAPI - INFO - Test Automation API Started Successfully
2025-11-11 10:33:09,661 - TestAutomationAPI - INFO - Host: 0.0.0.0:8000
2025-11-11 10:33:09,661 - TestAutomationAPI - INFO - Docs: http://0.0.0.0:8000/docs
2025-11-11 10:33:09,661 - TestAutomationAPI - INFO - ======================================================================
2025-11-11 10:38:50,121 - TestAutomationAPI - INFO - Test Automation API shutting down...
2025-11-11 10:38:52,804 - TestAutomationAPI - INFO - Starting Test Automation API...
2025-11-11 10:38:52,804 - TestAutomationAPI - INFO - Verified all directories exist
2025-11-11 10:38:52,804 - sqlalchemy.engine.Engine - INFO - BEGIN (implicit)
2025-11-11 10:38:52,804 - sqlalchemy.engine.Engine - INFO - SELECT pg_catalog.pg_class.relname 
FROM pg_catalog.pg_class JOIN pg_catalog.pg_namespace ON pg_catalog.pg_namespace.oid = pg_catalog.pg_class.relnamespace 
WHERE pg_catalog.pg_class.relname = %(table_name)s AND pg_catalog.pg_class.relkind = ANY (ARRAY[%(param_1)s, %(param_2)s, %(param_3)s, %(param_4)s, %(param_5)s]) AND pg_catalog.pg_table_is_visible(pg_catalog.pg_class.oid) AND pg_catalog.pg_namespace.nspname != %(nspname_1)s
2025-11-11 10:38:52,804 - sqlalchemy.engine.Engine - INFO - [cached since 0.01505s ago] {'table_name': 'projects', 'param_1': 'r', 'param_2': 'p', 'param_3': 'f', 'param_4': 'v', 'param_5': 'm', 'nspname_1': 'pg_catalog'}
2025-11-11 10:38:52,816 - sqlalchemy.engine.Engine - INFO - SELECT pg_catalog.pg_class.relname 
FROM pg_catalog.pg_class JOIN pg_catalog.pg_namespace ON pg_catalog.pg_namespace.oid = pg_catalog.pg_class.relnamespace 
WHERE pg_catalog.pg_class.relname = %(table_name)s AND pg_catalog.pg_class.relkind = ANY (ARRAY[%(param_1)s, %(param_2)s, %(param_3)s, %(param_4)s, %(param_5)s]) AND pg_catalog.pg_table_is_visible(pg_catalog.pg_class.oid) AND pg_catalog.pg_namespace.nspname != %(nspname_1)s
2025-11-11 10:38:52,816 - sqlalchemy.engine.Engine - INFO - [cached since 0.01746s ago] {'table_name': 'testers', 'param_1': 'r', 'param_2': 'p', 'param_3': 'f', 'param_4': 'v', 'param_5': 'm', 'nspname_1': 'pg_catalog'}
2025-11-11 10:38:52,818 - sqlalchemy.engine.Engine - INFO - SELECT pg_catalog.pg_class.relname 
FROM pg_catalog.pg_class JOIN pg_catalog.pg_namespace ON pg_catalog.pg_namespace.oid = pg_catalog.pg_class.relnamespace 
WHERE pg_catalog.pg_class.relname = %(table_name)s AND pg_catalog.pg_class.relkind = ANY (ARRAY[%(param_1)s, %(param_2)s, %(param_3)s, %(param_4)s, %(param_5)s]) AND pg_catalog.pg_table_is_visible(pg_catalog.pg_class.oid) AND pg_catalog.pg_namespace.nspname != %(nspname_1)s
2025-11-11 10:38:52,818 - sqlalchemy.engine.Engine - INFO - [cached since 0.01923s ago] {'table_name': 'tickets', 'param_1': 'r', 'param_2': 'p', 'param_3': 'f', 'param_4': 'v', 'param_5': 'm', 'nspname_1': 'pg_catalog'}
2025-11-11 10:38:52,820 - sqlalchemy.engine.Engine - INFO - SELECT pg_catalog.pg_class.relname 
FROM pg_catalog.pg_class JOIN pg_catalog.pg_namespace ON pg_catalog.pg_namespace.oid = pg_catalog.pg_class.relnamespace 
WHERE pg_catalog.pg_class.relname = %(table_name)s AND pg_catalog.pg_class.relkind = ANY (ARRAY[%(param_1)s, %(param_2)s, %(param_3)s, %(param_4)s, %(param_5)s]) AND pg_catalog.pg_table_is_visible(pg_catalog.pg_class.oid) AND pg_catalog.pg_namespace.nspname != %(nspname_1)s
2025-11-11 10:38:52,821 - sqlalchemy.engine.Engine - INFO - [cached since 0.02151s ago] {'table_name': 'test_executions', 'param_1': 'r', 'param_2': 'p', 'param_3': 'f', 'param_4': 'v', 'param_5': 'm', 'nspname_1': 'pg_catalog'}
2025-11-11 10:38:52,821 - sqlalchemy.engine.Engine - INFO - SELECT pg_catalog.pg_class.relname 
FROM pg_catalog.pg_class JOIN pg_catalog.pg_namespace ON pg_catalog.pg_namespace.oid = pg_catalog.pg_class.relnamespace 
WHERE pg_catalog.pg_class.relname = %(table_name)s AND pg_catalog.pg_class.relkind = ANY (ARRAY[%(param_1)s, %(param_2)s, %(param_3)s, %(param_4)s, %(param_5)s]) AND pg_catalog.pg_table_is_visible(pg_catalog.pg_class.oid) AND pg_catalog.pg_namespace.nspname != %(nspname_1)s
2025-11-11 10:38:52,821 - sqlalchemy.engine.Engine - INFO - [cached since 0.02433s ago] {'table_name': 'execution_steps', 'param_1': 'r', 'param_2': 'p', 'param_3': 'f', 'param_4': 'v', 'param_5': 'm', 'nspname_1': 'pg_catalog'}
2025-11-11 10:38:52,821 - sqlalchemy.engine.Engine - INFO - SELECT pg_catalog.pg_class.relname 
FROM pg_catalog.pg_class JOIN pg_catalog.pg_namespace ON pg_catalog.pg_namespace.oid = pg_catalog.pg_class.relnamespace 
WHERE pg_catalog.pg_class.relname = %(table_name)s AND pg_catalog.pg_class.relkind = ANY (ARRAY[%(param_1)s, %(param_2)s, %(param_3)s, %(param_4)s, %(param_5)s]) AND pg_catalog.pg_table_is_visible(pg_catalog.pg_class.oid) AND pg_catalog.pg_namespace.nspname != %(nspname_1)s
2025-11-11 10:38:52,821 - sqlalchemy.engine.Engine - INFO - [cached since 0.02621s ago] {'table_name': 'project_configs', 'param_1': 'r', 'param_2': 'p', 'param_3': 'f', 'param_4': 'v', 'param_5': 'm', 'nspname_1': 'pg_catalog'}
2025-11-11 10:38:52,821 - sqlalchemy.engine.Engine - INFO - COMMIT
2025-11-11 10:38:52,821 - TestAutomationAPI - INFO - Database tables verified
2025-11-11 10:38:52,839 - TestAutomationAPI - INFO - ======================================================================
2025-11-11 10:38:52,839 - TestAutomationAPI - INFO - Test Automation API Started Successfully
2025-11-11 10:38:52,840 - TestAutomationAPI - INFO - Host: 0.0.0.0:8000
2025-11-11 10:38:52,840 - TestAutomationAPI - INFO - Docs: http://0.0.0.0:8000/docs
2025-11-11 10:38:52,840 - TestAutomationAPI - INFO - ======================================================================
2025-11-11 10:39:12,334 - sqlalchemy.engine.Engine - INFO - BEGIN (implicit)
2025-11-11 10:39:12,337 - sqlalchemy.engine.Engine - INFO - SELECT tickets.id AS tickets_id, tickets.ticket_id AS tickets_ticket_id, tickets.project_id AS tickets_project_id, tickets.title AS tickets_title, tickets.module AS tickets_module, tickets.description AS tickets_description, tickets.acceptance_criteria AS tickets_acceptance_criteria, tickets.file_path AS tickets_file_path, tickets.created_at AS tickets_created_at 
FROM tickets 
WHERE tickets.ticket_id = %(ticket_id_1)s 
 LIMIT %(param_1)s
2025-11-11 10:39:12,337 - sqlalchemy.engine.Engine - INFO - [generated in 0.00143s] {'ticket_id_1': 'RBPLCD-8889', 'param_1': 1}
2025-11-11 10:39:12,350 - sqlalchemy.engine.Engine - INFO - ROLLBACK
2025-11-11 10:39:16,039 - sqlalchemy.engine.Engine - INFO - BEGIN (implicit)
2025-11-11 10:39:16,040 - sqlalchemy.engine.Engine - INFO - SELECT tickets.id AS tickets_id, tickets.ticket_id AS tickets_ticket_id, tickets.project_id AS tickets_project_id, tickets.title AS tickets_title, tickets.module AS tickets_module, tickets.description AS tickets_description, tickets.acceptance_criteria AS tickets_acceptance_criteria, tickets.file_path AS tickets_file_path, tickets.created_at AS tickets_created_at 
FROM tickets 
WHERE tickets.ticket_id = %(ticket_id_1)s 
 LIMIT %(param_1)s
2025-11-11 10:39:16,041 - sqlalchemy.engine.Engine - INFO - [cached since 3.702s ago] {'ticket_id_1': 'RBPLCD-8889', 'param_1': 1}
2025-11-11 10:39:16,045 - sqlalchemy.engine.Engine - INFO - INSERT INTO test_executions (execution_id, ticket_id, project_id, status, overall_status, started_at, completed_at, total_execution_time, report_path, script_path, video_path, error_message) VALUES (%(execution_id)s, %(ticket_id)s, %(project_id)s, %(status)s, %(overall_status)s, %(started_at)s, %(completed_at)s, %(total_execution_time)s, %(report_path)s, %(script_path)s, %(video_path)s, %(error_message)s) RETURNING test_executions.id
2025-11-11 10:39:16,046 - sqlalchemy.engine.Engine - INFO - [generated in 0.00117s] {'execution_id': 'exec_RBPLCD-8889_20251111_103916', 'ticket_id': 'RBPLCD-8889', 'project_id': 1, 'status': 'running', 'overall_status': None, 'started_at': datetime.datetime(2025, 11, 11, 10, 39, 16, 42656), 'completed_at': None, 'total_execution_time': None, 'report_path': None, 'script_path': None, 'video_path': None, 'error_message': None}
2025-11-11 10:39:16,052 - sqlalchemy.engine.Engine - INFO - COMMIT
2025-11-11 10:39:16,057 - sqlalchemy.engine.Engine - INFO - BEGIN (implicit)
2025-11-11 10:39:16,060 - sqlalchemy.engine.Engine - INFO - SELECT test_executions.id, test_executions.execution_id, test_executions.ticket_id, test_executions.project_id, test_executions.status, test_executions.overall_status, test_executions.started_at, test_executions.completed_at, test_executions.total_execution_time, test_executions.report_path, test_executions.script_path, test_executions.video_path, test_executions.error_message 
FROM test_executions 
WHERE test_executions.id = %(pk_1)s
2025-11-11 10:39:16,061 - sqlalchemy.engine.Engine - INFO - [generated in 0.00102s] {'pk_1': 6}
2025-11-11 10:39:16,067 - TestExecutionService - INFO - Created execution record: exec_RBPLCD-8889_20251111_103916
2025-11-11 10:39:16,068 - sqlalchemy.engine.Engine - INFO - SELECT tickets.id AS tickets_id, tickets.ticket_id AS tickets_ticket_id, tickets.project_id AS tickets_project_id, tickets.title AS tickets_title, tickets.module AS tickets_module, tickets.description AS tickets_description, tickets.acceptance_criteria AS tickets_acceptance_criteria, tickets.file_path AS tickets_file_path, tickets.created_at AS tickets_created_at 
FROM tickets 
WHERE tickets.id = %(pk_1)s
2025-11-11 10:39:16,069 - sqlalchemy.engine.Engine - INFO - [generated in 0.00104s] {'pk_1': 1}
2025-11-11 10:39:16,072 - sqlalchemy.engine.Engine - INFO - ROLLBACK
2025-11-11 10:39:18,086 - sqlalchemy.engine.Engine - INFO - BEGIN (implicit)
2025-11-11 10:39:18,089 - sqlalchemy.engine.Engine - INFO - SELECT test_executions.id AS test_executions_id, test_executions.execution_id AS test_executions_execution_id, test_executions.ticket_id AS test_executions_ticket_id, test_executions.project_id AS test_executions_project_id, test_executions.status AS test_executions_status, test_executions.overall_status AS test_executions_overall_status, test_executions.started_at AS test_executions_started_at, test_executions.completed_at AS test_executions_completed_at, test_executions.total_execution_time AS test_executions_total_execution_time, test_executions.report_path AS test_executions_report_path, test_executions.script_path AS test_executions_script_path, test_executions.video_path AS test_executions_video_path, test_executions.error_message AS test_executions_error_message 
FROM test_executions 
WHERE test_executions.execution_id = %(execution_id_1)s 
 LIMIT %(param_1)s
2025-11-11 10:39:18,091 - sqlalchemy.engine.Engine - INFO - [generated in 0.00194s] {'execution_id_1': 'exec_RBPLCD-8889_20251111_103916', 'param_1': 1}
2025-11-11 10:39:18,094 - sqlalchemy.engine.Engine - INFO - ROLLBACK
2025-11-11 10:39:20,084 - sqlalchemy.engine.Engine - INFO - BEGIN (implicit)
2025-11-11 10:39:20,086 - sqlalchemy.engine.Engine - INFO - SELECT test_executions.id AS test_executions_id, test_executions.execution_id AS test_executions_execution_id, test_executions.ticket_id AS test_executions_ticket_id, test_executions.project_id AS test_executions_project_id, test_executions.status AS test_executions_status, test_executions.overall_status AS test_executions_overall_status, test_executions.started_at AS test_executions_started_at, test_executions.completed_at AS test_executions_completed_at, test_executions.total_execution_time AS test_executions_total_execution_time, test_executions.report_path AS test_executions_report_path, test_executions.script_path AS test_executions_script_path, test_executions.video_path AS test_executions_video_path, test_executions.error_message AS test_executions_error_message 
FROM test_executions 
WHERE test_executions.execution_id = %(execution_id_1)s 
 LIMIT %(param_1)s
2025-11-11 10:39:20,087 - sqlalchemy.engine.Engine - INFO - [cached since 1.999s ago] {'execution_id_1': 'exec_RBPLCD-8889_20251111_103916', 'param_1': 1}
2025-11-11 10:39:20,093 - sqlalchemy.engine.Engine - INFO - ROLLBACK
2025-11-11 10:39:22,084 - sqlalchemy.engine.Engine - INFO - BEGIN (implicit)
2025-11-11 10:39:22,084 - sqlalchemy.engine.Engine - INFO - SELECT test_executions.id AS test_executions_id, test_executions.execution_id AS test_executions_execution_id, test_executions.ticket_id AS test_executions_ticket_id, test_executions.project_id AS test_executions_project_id, test_executions.status AS test_executions_status, test_executions.overall_status AS test_executions_overall_status, test_executions.started_at AS test_executions_started_at, test_executions.completed_at AS test_executions_completed_at, test_executions.total_execution_time AS test_executions_total_execution_time, test_executions.report_path AS test_executions_report_path, test_executions.script_path AS test_executions_script_path, test_executions.video_path AS test_executions_video_path, test_executions.error_message AS test_executions_error_message 
FROM test_executions 
WHERE test_executions.execution_id = %(execution_id_1)s 
 LIMIT %(param_1)s
2025-11-11 10:39:22,087 - sqlalchemy.engine.Engine - INFO - [cached since 3.998s ago] {'execution_id_1': 'exec_RBPLCD-8889_20251111_103916', 'param_1': 1}
2025-11-11 10:39:22,090 - sqlalchemy.engine.Engine - INFO - ROLLBACK
2025-11-11 10:39:24,081 - sqlalchemy.engine.Engine - INFO - BEGIN (implicit)
2025-11-11 10:39:24,083 - sqlalchemy.engine.Engine - INFO - SELECT test_executions.id AS test_executions_id, test_executions.execution_id AS test_executions_execution_id, test_executions.ticket_id AS test_executions_ticket_id, test_executions.project_id AS test_executions_project_id, test_executions.status AS test_executions_status, test_executions.overall_status AS test_executions_overall_status, test_executions.started_at AS test_executions_started_at, test_executions.completed_at AS test_executions_completed_at, test_executions.total_execution_time AS test_executions_total_execution_time, test_executions.report_path AS test_executions_report_path, test_executions.script_path AS test_executions_script_path, test_executions.video_path AS test_executions_video_path, test_executions.error_message AS test_executions_error_message 
FROM test_executions 
WHERE test_executions.execution_id = %(execution_id_1)s 
 LIMIT %(param_1)s
2025-11-11 10:39:24,084 - sqlalchemy.engine.Engine - INFO - [cached since 5.995s ago] {'execution_id_1': 'exec_RBPLCD-8889_20251111_103916', 'param_1': 1}
2025-11-11 10:39:24,087 - sqlalchemy.engine.Engine - INFO - ROLLBACK
2025-11-11 10:39:26,094 - sqlalchemy.engine.Engine - INFO - BEGIN (implicit)
2025-11-11 10:39:26,095 - sqlalchemy.engine.Engine - INFO - SELECT test_executions.id AS test_executions_id, test_executions.execution_id AS test_executions_execution_id, test_executions.ticket_id AS test_executions_ticket_id, test_executions.project_id AS test_executions_project_id, test_executions.status AS test_executions_status, test_executions.overall_status AS test_executions_overall_status, test_executions.started_at AS test_executions_started_at, test_executions.completed_at AS test_executions_completed_at, test_executions.total_execution_time AS test_executions_total_execution_time, test_executions.report_path AS test_executions_report_path, test_executions.script_path AS test_executions_script_path, test_executions.video_path AS test_executions_video_path, test_executions.error_message AS test_executions_error_message 
FROM test_executions 
WHERE test_executions.execution_id = %(execution_id_1)s 
 LIMIT %(param_1)s
2025-11-11 10:39:26,096 - sqlalchemy.engine.Engine - INFO - [cached since 8.007s ago] {'execution_id_1': 'exec_RBPLCD-8889_20251111_103916', 'param_1': 1}
2025-11-11 10:39:26,098 - sqlalchemy.engine.Engine - INFO - ROLLBACK
2025-11-11 10:39:28,093 - sqlalchemy.engine.Engine - INFO - BEGIN (implicit)
2025-11-11 10:39:28,094 - sqlalchemy.engine.Engine - INFO - SELECT test_executions.id AS test_executions_id, test_executions.execution_id AS test_executions_execution_id, test_executions.ticket_id AS test_executions_ticket_id, test_executions.project_id AS test_executions_project_id, test_executions.status AS test_executions_status, test_executions.overall_status AS test_executions_overall_status, test_executions.started_at AS test_executions_started_at, test_executions.completed_at AS test_executions_completed_at, test_executions.total_execution_time AS test_executions_total_execution_time, test_executions.report_path AS test_executions_report_path, test_executions.script_path AS test_executions_script_path, test_executions.video_path AS test_executions_video_path, test_executions.error_message AS test_executions_error_message 
FROM test_executions 
WHERE test_executions.execution_id = %(execution_id_1)s 
 LIMIT %(param_1)s
2025-11-11 10:39:28,096 - sqlalchemy.engine.Engine - INFO - [cached since 10.01s ago] {'execution_id_1': 'exec_RBPLCD-8889_20251111_103916', 'param_1': 1}
2025-11-11 10:39:28,100 - sqlalchemy.engine.Engine - INFO - ROLLBACK
2025-11-11 10:39:30,092 - sqlalchemy.engine.Engine - INFO - BEGIN (implicit)
2025-11-11 10:39:30,093 - sqlalchemy.engine.Engine - INFO - SELECT test_executions.id AS test_executions_id, test_executions.execution_id AS test_executions_execution_id, test_executions.ticket_id AS test_executions_ticket_id, test_executions.project_id AS test_executions_project_id, test_executions.status AS test_executions_status, test_executions.overall_status AS test_executions_overall_status, test_executions.started_at AS test_executions_started_at, test_executions.completed_at AS test_executions_completed_at, test_executions.total_execution_time AS test_executions_total_execution_time, test_executions.report_path AS test_executions_report_path, test_executions.script_path AS test_executions_script_path, test_executions.video_path AS test_executions_video_path, test_executions.error_message AS test_executions_error_message 
FROM test_executions 
WHERE test_executions.execution_id = %(execution_id_1)s 
 LIMIT %(param_1)s
2025-11-11 10:39:30,094 - sqlalchemy.engine.Engine - INFO - [cached since 12s ago] {'execution_id_1': 'exec_RBPLCD-8889_20251111_103916', 'param_1': 1}
2025-11-11 10:39:30,098 - sqlalchemy.engine.Engine - INFO - ROLLBACK
2025-11-11 10:39:32,091 - sqlalchemy.engine.Engine - INFO - BEGIN (implicit)
2025-11-11 10:39:32,092 - sqlalchemy.engine.Engine - INFO - SELECT test_executions.id AS test_executions_id, test_executions.execution_id AS test_executions_execution_id, test_executions.ticket_id AS test_executions_ticket_id, test_executions.project_id AS test_executions_project_id, test_executions.status AS test_executions_status, test_executions.overall_status AS test_executions_overall_status, test_executions.started_at AS test_executions_started_at, test_executions.completed_at AS test_executions_completed_at, test_executions.total_execution_time AS test_executions_total_execution_time, test_executions.report_path AS test_executions_report_path, test_executions.script_path AS test_executions_script_path, test_executions.video_path AS test_executions_video_path, test_executions.error_message AS test_executions_error_message 
FROM test_executions 
WHERE test_executions.execution_id = %(execution_id_1)s 
 LIMIT %(param_1)s
2025-11-11 10:39:32,093 - sqlalchemy.engine.Engine - INFO - [cached since 14s ago] {'execution_id_1': 'exec_RBPLCD-8889_20251111_103916', 'param_1': 1}
2025-11-11 10:39:32,096 - sqlalchemy.engine.Engine - INFO - ROLLBACK
2025-11-11 10:39:34,088 - sqlalchemy.engine.Engine - INFO - BEGIN (implicit)
2025-11-11 10:39:34,089 - sqlalchemy.engine.Engine - INFO - SELECT test_executions.id AS test_executions_id, test_executions.execution_id AS test_executions_execution_id, test_executions.ticket_id AS test_executions_ticket_id, test_executions.project_id AS test_executions_project_id, test_executions.status AS test_executions_status, test_executions.overall_status AS test_executions_overall_status, test_executions.started_at AS test_executions_started_at, test_executions.completed_at AS test_executions_completed_at, test_executions.total_execution_time AS test_executions_total_execution_time, test_executions.report_path AS test_executions_report_path, test_executions.script_path AS test_executions_script_path, test_executions.video_path AS test_executions_video_path, test_executions.error_message AS test_executions_error_message 
FROM test_executions 
WHERE test_executions.execution_id = %(execution_id_1)s 
 LIMIT %(param_1)s
2025-11-11 10:39:34,090 - sqlalchemy.engine.Engine - INFO - [cached since 16s ago] {'execution_id_1': 'exec_RBPLCD-8889_20251111_103916', 'param_1': 1}
2025-11-11 10:39:34,093 - sqlalchemy.engine.Engine - INFO - ROLLBACK
2025-11-11 10:39:36,087 - sqlalchemy.engine.Engine - INFO - BEGIN (implicit)
2025-11-11 10:39:36,089 - sqlalchemy.engine.Engine - INFO - SELECT test_executions.id AS test_executions_id, test_executions.execution_id AS test_executions_execution_id, test_executions.ticket_id AS test_executions_ticket_id, test_executions.project_id AS test_executions_project_id, test_executions.status AS test_executions_status, test_executions.overall_status AS test_executions_overall_status, test_executions.started_at AS test_executions_started_at, test_executions.completed_at AS test_executions_completed_at, test_executions.total_execution_time AS test_executions_total_execution_time, test_executions.report_path AS test_executions_report_path, test_executions.script_path AS test_executions_script_path, test_executions.video_path AS test_executions_video_path, test_executions.error_message AS test_executions_error_message 
FROM test_executions 
WHERE test_executions.execution_id = %(execution_id_1)s 
 LIMIT %(param_1)s
2025-11-11 10:39:36,091 - sqlalchemy.engine.Engine - INFO - [cached since 18s ago] {'execution_id_1': 'exec_RBPLCD-8889_20251111_103916', 'param_1': 1}
2025-11-11 10:39:36,096 - sqlalchemy.engine.Engine - INFO - ROLLBACK
2025-11-11 10:39:38,086 - sqlalchemy.engine.Engine - INFO - BEGIN (implicit)
2025-11-11 10:39:38,087 - sqlalchemy.engine.Engine - INFO - SELECT test_executions.id AS test_executions_id, test_executions.execution_id AS test_executions_execution_id, test_executions.ticket_id AS test_executions_ticket_id, test_executions.project_id AS test_executions_project_id, test_executions.status AS test_executions_status, test_executions.overall_status AS test_executions_overall_status, test_executions.started_at AS test_executions_started_at, test_executions.completed_at AS test_executions_completed_at, test_executions.total_execution_time AS test_executions_total_execution_time, test_executions.report_path AS test_executions_report_path, test_executions.script_path AS test_executions_script_path, test_executions.video_path AS test_executions_video_path, test_executions.error_message AS test_executions_error_message 
FROM test_executions 
WHERE test_executions.execution_id = %(execution_id_1)s 
 LIMIT %(param_1)s
2025-11-11 10:39:38,088 - sqlalchemy.engine.Engine - INFO - [cached since 20s ago] {'execution_id_1': 'exec_RBPLCD-8889_20251111_103916', 'param_1': 1}
2025-11-11 10:39:38,091 - sqlalchemy.engine.Engine - INFO - ROLLBACK
2025-11-11 10:39:40,084 - sqlalchemy.engine.Engine - INFO - BEGIN (implicit)
2025-11-11 10:39:40,085 - sqlalchemy.engine.Engine - INFO - SELECT test_executions.id AS test_executions_id, test_executions.execution_id AS test_executions_execution_id, test_executions.ticket_id AS test_executions_ticket_id, test_executions.project_id AS test_executions_project_id, test_executions.status AS test_executions_status, test_executions.overall_status AS test_executions_overall_status, test_executions.started_at AS test_executions_started_at, test_executions.completed_at AS test_executions_completed_at, test_executions.total_execution_time AS test_executions_total_execution_time, test_executions.report_path AS test_executions_report_path, test_executions.script_path AS test_executions_script_path, test_executions.video_path AS test_executions_video_path, test_executions.error_message AS test_executions_error_message 
FROM test_executions 
WHERE test_executions.execution_id = %(execution_id_1)s 
 LIMIT %(param_1)s
2025-11-11 10:39:40,087 - sqlalchemy.engine.Engine - INFO - [cached since 22s ago] {'execution_id_1': 'exec_RBPLCD-8889_20251111_103916', 'param_1': 1}
2025-11-11 10:39:40,091 - sqlalchemy.engine.Engine - INFO - ROLLBACK
2025-11-11 10:39:42,086 - sqlalchemy.engine.Engine - INFO - BEGIN (implicit)
2025-11-11 10:39:42,087 - sqlalchemy.engine.Engine - INFO - SELECT test_executions.id AS test_executions_id, test_executions.execution_id AS test_executions_execution_id, test_executions.ticket_id AS test_executions_ticket_id, test_executions.project_id AS test_executions_project_id, test_executions.status AS test_executions_status, test_executions.overall_status AS test_executions_overall_status, test_executions.started_at AS test_executions_started_at, test_executions.completed_at AS test_executions_completed_at, test_executions.total_execution_time AS test_executions_total_execution_time, test_executions.report_path AS test_executions_report_path, test_executions.script_path AS test_executions_script_path, test_executions.video_path AS test_executions_video_path, test_executions.error_message AS test_executions_error_message 
FROM test_executions 
WHERE test_executions.execution_id = %(execution_id_1)s 
 LIMIT %(param_1)s
2025-11-11 10:39:42,089 - sqlalchemy.engine.Engine - INFO - [cached since 24s ago] {'execution_id_1': 'exec_RBPLCD-8889_20251111_103916', 'param_1': 1}
2025-11-11 10:39:42,093 - sqlalchemy.engine.Engine - INFO - ROLLBACK
2025-11-11 10:39:44,085 - sqlalchemy.engine.Engine - INFO - BEGIN (implicit)
2025-11-11 10:39:44,086 - sqlalchemy.engine.Engine - INFO - SELECT test_executions.id AS test_executions_id, test_executions.execution_id AS test_executions_execution_id, test_executions.ticket_id AS test_executions_ticket_id, test_executions.project_id AS test_executions_project_id, test_executions.status AS test_executions_status, test_executions.overall_status AS test_executions_overall_status, test_executions.started_at AS test_executions_started_at, test_executions.completed_at AS test_executions_completed_at, test_executions.total_execution_time AS test_executions_total_execution_time, test_executions.report_path AS test_executions_report_path, test_executions.script_path AS test_executions_script_path, test_executions.video_path AS test_executions_video_path, test_executions.error_message AS test_executions_error_message 
FROM test_executions 
WHERE test_executions.execution_id = %(execution_id_1)s 
 LIMIT %(param_1)s
2025-11-11 10:39:44,087 - sqlalchemy.engine.Engine - INFO - [cached since 26s ago] {'execution_id_1': 'exec_RBPLCD-8889_20251111_103916', 'param_1': 1}
2025-11-11 10:39:44,091 - sqlalchemy.engine.Engine - INFO - ROLLBACK
2025-11-11 10:39:46,597 - sqlalchemy.engine.Engine - INFO - BEGIN (implicit)
2025-11-11 10:39:46,597 - sqlalchemy.engine.Engine - INFO - SELECT test_executions.id AS test_executions_id, test_executions.execution_id AS test_executions_execution_id, test_executions.ticket_id AS test_executions_ticket_id, test_executions.project_id AS test_executions_project_id, test_executions.status AS test_executions_status, test_executions.overall_status AS test_executions_overall_status, test_executions.started_at AS test_executions_started_at, test_executions.completed_at AS test_executions_completed_at, test_executions.total_execution_time AS test_executions_total_execution_time, test_executions.report_path AS test_executions_report_path, test_executions.script_path AS test_executions_script_path, test_executions.video_path AS test_executions_video_path, test_executions.error_message AS test_executions_error_message 
FROM test_executions 
WHERE test_executions.execution_id = %(execution_id_1)s 
 LIMIT %(param_1)s
2025-11-11 10:39:46,597 - sqlalchemy.engine.Engine - INFO - [cached since 28.51s ago] {'execution_id_1': 'exec_RBPLCD-8889_20251111_103916', 'param_1': 1}
2025-11-11 10:39:46,606 - sqlalchemy.engine.Engine - INFO - ROLLBACK
2025-11-11 10:39:48,596 - sqlalchemy.engine.Engine - INFO - BEGIN (implicit)
2025-11-11 10:39:48,596 - sqlalchemy.engine.Engine - INFO - SELECT test_executions.id AS test_executions_id, test_executions.execution_id AS test_executions_execution_id, test_executions.ticket_id AS test_executions_ticket_id, test_executions.project_id AS test_executions_project_id, test_executions.status AS test_executions_status, test_executions.overall_status AS test_executions_overall_status, test_executions.started_at AS test_executions_started_at, test_executions.completed_at AS test_executions_completed_at, test_executions.total_execution_time AS test_executions_total_execution_time, test_executions.report_path AS test_executions_report_path, test_executions.script_path AS test_executions_script_path, test_executions.video_path AS test_executions_video_path, test_executions.error_message AS test_executions_error_message 
FROM test_executions 
WHERE test_executions.execution_id = %(execution_id_1)s 
 LIMIT %(param_1)s
2025-11-11 10:39:48,596 - sqlalchemy.engine.Engine - INFO - [cached since 30.51s ago] {'execution_id_1': 'exec_RBPLCD-8889_20251111_103916', 'param_1': 1}
2025-11-11 10:39:48,606 - sqlalchemy.engine.Engine - INFO - ROLLBACK
2025-11-11 10:39:50,603 - sqlalchemy.engine.Engine - INFO - BEGIN (implicit)
2025-11-11 10:39:50,603 - sqlalchemy.engine.Engine - INFO - SELECT test_executions.id AS test_executions_id, test_executions.execution_id AS test_executions_execution_id, test_executions.ticket_id AS test_executions_ticket_id, test_executions.project_id AS test_executions_project_id, test_executions.status AS test_executions_status, test_executions.overall_status AS test_executions_overall_status, test_executions.started_at AS test_executions_started_at, test_executions.completed_at AS test_executions_completed_at, test_executions.total_execution_time AS test_executions_total_execution_time, test_executions.report_path AS test_executions_report_path, test_executions.script_path AS test_executions_script_path, test_executions.video_path AS test_executions_video_path, test_executions.error_message AS test_executions_error_message 
FROM test_executions 
WHERE test_executions.execution_id = %(execution_id_1)s 
 LIMIT %(param_1)s
2025-11-11 10:39:50,603 - sqlalchemy.engine.Engine - INFO - [cached since 32.52s ago] {'execution_id_1': 'exec_RBPLCD-8889_20251111_103916', 'param_1': 1}
2025-11-11 10:39:50,619 - sqlalchemy.engine.Engine - INFO - ROLLBACK
2025-11-11 10:39:52,599 - sqlalchemy.engine.Engine - INFO - BEGIN (implicit)
2025-11-11 10:39:52,599 - sqlalchemy.engine.Engine - INFO - SELECT test_executions.id AS test_executions_id, test_executions.execution_id AS test_executions_execution_id, test_executions.ticket_id AS test_executions_ticket_id, test_executions.project_id AS test_executions_project_id, test_executions.status AS test_executions_status, test_executions.overall_status AS test_executions_overall_status, test_executions.started_at AS test_executions_started_at, test_executions.completed_at AS test_executions_completed_at, test_executions.total_execution_time AS test_executions_total_execution_time, test_executions.report_path AS test_executions_report_path, test_executions.script_path AS test_executions_script_path, test_executions.video_path AS test_executions_video_path, test_executions.error_message AS test_executions_error_message 
FROM test_executions 
WHERE test_executions.execution_id = %(execution_id_1)s 
 LIMIT %(param_1)s
2025-11-11 10:39:52,599 - sqlalchemy.engine.Engine - INFO - [cached since 34.52s ago] {'execution_id_1': 'exec_RBPLCD-8889_20251111_103916', 'param_1': 1}
2025-11-11 10:39:52,599 - sqlalchemy.engine.Engine - INFO - ROLLBACK
2025-11-11 10:39:54,597 - sqlalchemy.engine.Engine - INFO - BEGIN (implicit)
2025-11-11 10:39:54,597 - sqlalchemy.engine.Engine - INFO - SELECT test_executions.id AS test_executions_id, test_executions.execution_id AS test_executions_execution_id, test_executions.ticket_id AS test_executions_ticket_id, test_executions.project_id AS test_executions_project_id, test_executions.status AS test_executions_status, test_executions.overall_status AS test_executions_overall_status, test_executions.started_at AS test_executions_started_at, test_executions.completed_at AS test_executions_completed_at, test_executions.total_execution_time AS test_executions_total_execution_time, test_executions.report_path AS test_executions_report_path, test_executions.script_path AS test_executions_script_path, test_executions.video_path AS test_executions_video_path, test_executions.error_message AS test_executions_error_message 
FROM test_executions 
WHERE test_executions.execution_id = %(execution_id_1)s 
 LIMIT %(param_1)s
2025-11-11 10:39:54,597 - sqlalchemy.engine.Engine - INFO - [cached since 36.51s ago] {'execution_id_1': 'exec_RBPLCD-8889_20251111_103916', 'param_1': 1}
2025-11-11 10:39:54,602 - sqlalchemy.engine.Engine - INFO - ROLLBACK
2025-11-11 10:39:56,604 - sqlalchemy.engine.Engine - INFO - BEGIN (implicit)
2025-11-11 10:39:56,604 - sqlalchemy.engine.Engine - INFO - SELECT test_executions.id AS test_executions_id, test_executions.execution_id AS test_executions_execution_id, test_executions.ticket_id AS test_executions_ticket_id, test_executions.project_id AS test_executions_project_id, test_executions.status AS test_executions_status, test_executions.overall_status AS test_executions_overall_status, test_executions.started_at AS test_executions_started_at, test_executions.completed_at AS test_executions_completed_at, test_executions.total_execution_time AS test_executions_total_execution_time, test_executions.report_path AS test_executions_report_path, test_executions.script_path AS test_executions_script_path, test_executions.video_path AS test_executions_video_path, test_executions.error_message AS test_executions_error_message 
FROM test_executions 
WHERE test_executions.execution_id = %(execution_id_1)s 
 LIMIT %(param_1)s
2025-11-11 10:39:56,615 - sqlalchemy.engine.Engine - INFO - [cached since 38.53s ago] {'execution_id_1': 'exec_RBPLCD-8889_20251111_103916', 'param_1': 1}
2025-11-11 10:39:56,619 - sqlalchemy.engine.Engine - INFO - ROLLBACK
2025-11-11 10:39:58,608 - sqlalchemy.engine.Engine - INFO - BEGIN (implicit)
2025-11-11 10:39:58,610 - sqlalchemy.engine.Engine - INFO - SELECT test_executions.id AS test_executions_id, test_executions.execution_id AS test_executions_execution_id, test_executions.ticket_id AS test_executions_ticket_id, test_executions.project_id AS test_executions_project_id, test_executions.status AS test_executions_status, test_executions.overall_status AS test_executions_overall_status, test_executions.started_at AS test_executions_started_at, test_executions.completed_at AS test_executions_completed_at, test_executions.total_execution_time AS test_executions_total_execution_time, test_executions.report_path AS test_executions_report_path, test_executions.script_path AS test_executions_script_path, test_executions.video_path AS test_executions_video_path, test_executions.error_message AS test_executions_error_message 
FROM test_executions 
WHERE test_executions.execution_id = %(execution_id_1)s 
 LIMIT %(param_1)s
2025-11-11 10:39:58,616 - sqlalchemy.engine.Engine - INFO - [cached since 40.53s ago] {'execution_id_1': 'exec_RBPLCD-8889_20251111_103916', 'param_1': 1}
2025-11-11 10:39:58,622 - sqlalchemy.engine.Engine - INFO - ROLLBACK
2025-11-11 10:40:00,599 - sqlalchemy.engine.Engine - INFO - BEGIN (implicit)
2025-11-11 10:40:00,599 - sqlalchemy.engine.Engine - INFO - SELECT test_executions.id AS test_executions_id, test_executions.execution_id AS test_executions_execution_id, test_executions.ticket_id AS test_executions_ticket_id, test_executions.project_id AS test_executions_project_id, test_executions.status AS test_executions_status, test_executions.overall_status AS test_executions_overall_status, test_executions.started_at AS test_executions_started_at, test_executions.completed_at AS test_executions_completed_at, test_executions.total_execution_time AS test_executions_total_execution_time, test_executions.report_path AS test_executions_report_path, test_executions.script_path AS test_executions_script_path, test_executions.video_path AS test_executions_video_path, test_executions.error_message AS test_executions_error_message 
FROM test_executions 
WHERE test_executions.execution_id = %(execution_id_1)s 
 LIMIT %(param_1)s
2025-11-11 10:40:00,605 - sqlalchemy.engine.Engine - INFO - [cached since 42.51s ago] {'execution_id_1': 'exec_RBPLCD-8889_20251111_103916', 'param_1': 1}
2025-11-11 10:40:00,605 - sqlalchemy.engine.Engine - INFO - ROLLBACK
2025-11-11 10:40:02,598 - sqlalchemy.engine.Engine - INFO - BEGIN (implicit)
2025-11-11 10:40:02,607 - sqlalchemy.engine.Engine - INFO - SELECT test_executions.id AS test_executions_id, test_executions.execution_id AS test_executions_execution_id, test_executions.ticket_id AS test_executions_ticket_id, test_executions.project_id AS test_executions_project_id, test_executions.status AS test_executions_status, test_executions.overall_status AS test_executions_overall_status, test_executions.started_at AS test_executions_started_at, test_executions.completed_at AS test_executions_completed_at, test_executions.total_execution_time AS test_executions_total_execution_time, test_executions.report_path AS test_executions_report_path, test_executions.script_path AS test_executions_script_path, test_executions.video_path AS test_executions_video_path, test_executions.error_message AS test_executions_error_message 
FROM test_executions 
WHERE test_executions.execution_id = %(execution_id_1)s 
 LIMIT %(param_1)s
2025-11-11 10:40:02,612 - sqlalchemy.engine.Engine - INFO - [cached since 44.52s ago] {'execution_id_1': 'exec_RBPLCD-8889_20251111_103916', 'param_1': 1}
2025-11-11 10:40:02,613 - sqlalchemy.engine.Engine - INFO - ROLLBACK
2025-11-11 10:40:04,600 - sqlalchemy.engine.Engine - INFO - BEGIN (implicit)
2025-11-11 10:40:04,600 - sqlalchemy.engine.Engine - INFO - SELECT test_executions.id AS test_executions_id, test_executions.execution_id AS test_executions_execution_id, test_executions.ticket_id AS test_executions_ticket_id, test_executions.project_id AS test_executions_project_id, test_executions.status AS test_executions_status, test_executions.overall_status AS test_executions_overall_status, test_executions.started_at AS test_executions_started_at, test_executions.completed_at AS test_executions_completed_at, test_executions.total_execution_time AS test_executions_total_execution_time, test_executions.report_path AS test_executions_report_path, test_executions.script_path AS test_executions_script_path, test_executions.video_path AS test_executions_video_path, test_executions.error_message AS test_executions_error_message 
FROM test_executions 
WHERE test_executions.execution_id = %(execution_id_1)s 
 LIMIT %(param_1)s
2025-11-11 10:40:04,602 - sqlalchemy.engine.Engine - INFO - [cached since 46.51s ago] {'execution_id_1': 'exec_RBPLCD-8889_20251111_103916', 'param_1': 1}
2025-11-11 10:40:04,605 - sqlalchemy.engine.Engine - INFO - ROLLBACK
2025-11-11 10:40:06,613 - sqlalchemy.engine.Engine - INFO - BEGIN (implicit)
2025-11-11 10:40:06,613 - sqlalchemy.engine.Engine - INFO - SELECT test_executions.id AS test_executions_id, test_executions.execution_id AS test_executions_execution_id, test_executions.ticket_id AS test_executions_ticket_id, test_executions.project_id AS test_executions_project_id, test_executions.status AS test_executions_status, test_executions.overall_status AS test_executions_overall_status, test_executions.started_at AS test_executions_started_at, test_executions.completed_at AS test_executions_completed_at, test_executions.total_execution_time AS test_executions_total_execution_time, test_executions.report_path AS test_executions_report_path, test_executions.script_path AS test_executions_script_path, test_executions.video_path AS test_executions_video_path, test_executions.error_message AS test_executions_error_message 
FROM test_executions 
WHERE test_executions.execution_id = %(execution_id_1)s 
 LIMIT %(param_1)s
2025-11-11 10:40:06,613 - sqlalchemy.engine.Engine - INFO - [cached since 48.52s ago] {'execution_id_1': 'exec_RBPLCD-8889_20251111_103916', 'param_1': 1}
2025-11-11 10:40:06,613 - sqlalchemy.engine.Engine - INFO - ROLLBACK
2025-11-11 10:40:08,614 - sqlalchemy.engine.Engine - INFO - BEGIN (implicit)
2025-11-11 10:40:08,614 - sqlalchemy.engine.Engine - INFO - SELECT test_executions.id AS test_executions_id, test_executions.execution_id AS test_executions_execution_id, test_executions.ticket_id AS test_executions_ticket_id, test_executions.project_id AS test_executions_project_id, test_executions.status AS test_executions_status, test_executions.overall_status AS test_executions_overall_status, test_executions.started_at AS test_executions_started_at, test_executions.completed_at AS test_executions_completed_at, test_executions.total_execution_time AS test_executions_total_execution_time, test_executions.report_path AS test_executions_report_path, test_executions.script_path AS test_executions_script_path, test_executions.video_path AS test_executions_video_path, test_executions.error_message AS test_executions_error_message 
FROM test_executions 
WHERE test_executions.execution_id = %(execution_id_1)s 
 LIMIT %(param_1)s
2025-11-11 10:40:08,616 - sqlalchemy.engine.Engine - INFO - [cached since 50.52s ago] {'execution_id_1': 'exec_RBPLCD-8889_20251111_103916', 'param_1': 1}
2025-11-11 10:40:08,618 - sqlalchemy.engine.Engine - INFO - ROLLBACK
2025-11-11 10:40:10,593 - sqlalchemy.engine.Engine - INFO - BEGIN (implicit)
2025-11-11 10:40:10,593 - sqlalchemy.engine.Engine - INFO - SELECT test_executions.id AS test_executions_id, test_executions.execution_id AS test_executions_execution_id, test_executions.ticket_id AS test_executions_ticket_id, test_executions.project_id AS test_executions_project_id, test_executions.status AS test_executions_status, test_executions.overall_status AS test_executions_overall_status, test_executions.started_at AS test_executions_started_at, test_executions.completed_at AS test_executions_completed_at, test_executions.total_execution_time AS test_executions_total_execution_time, test_executions.report_path AS test_executions_report_path, test_executions.script_path AS test_executions_script_path, test_executions.video_path AS test_executions_video_path, test_executions.error_message AS test_executions_error_message 
FROM test_executions 
WHERE test_executions.execution_id = %(execution_id_1)s 
 LIMIT %(param_1)s
2025-11-11 10:40:10,593 - sqlalchemy.engine.Engine - INFO - [cached since 52.51s ago] {'execution_id_1': 'exec_RBPLCD-8889_20251111_103916', 'param_1': 1}
2025-11-11 10:40:10,593 - sqlalchemy.engine.Engine - INFO - ROLLBACK
2025-11-11 10:40:11,355 - TestAutomationAPI - INFO - Test Automation API shutting down...
2025-11-11 10:40:12,859 - TestAutomationAPI - INFO - Starting Test Automation API...
2025-11-11 10:40:12,859 - TestAutomationAPI - INFO - Verified all directories exist
2025-11-11 10:40:12,859 - sqlalchemy.engine.Engine - INFO - BEGIN (implicit)
2025-11-11 10:40:12,859 - sqlalchemy.engine.Engine - INFO - SELECT pg_catalog.pg_class.relname 
FROM pg_catalog.pg_class JOIN pg_catalog.pg_namespace ON pg_catalog.pg_namespace.oid = pg_catalog.pg_class.relnamespace 
WHERE pg_catalog.pg_class.relname = %(table_name)s AND pg_catalog.pg_class.relkind = ANY (ARRAY[%(param_1)s, %(param_2)s, %(param_3)s, %(param_4)s, %(param_5)s]) AND pg_catalog.pg_table_is_visible(pg_catalog.pg_class.oid) AND pg_catalog.pg_namespace.nspname != %(nspname_1)s
2025-11-11 10:40:12,859 - sqlalchemy.engine.Engine - INFO - [cached since 0.01594s ago] {'table_name': 'projects', 'param_1': 'r', 'param_2': 'p', 'param_3': 'f', 'param_4': 'v', 'param_5': 'm', 'nspname_1': 'pg_catalog'}
2025-11-11 10:40:12,869 - sqlalchemy.engine.Engine - INFO - SELECT pg_catalog.pg_class.relname 
FROM pg_catalog.pg_class JOIN pg_catalog.pg_namespace ON pg_catalog.pg_namespace.oid = pg_catalog.pg_class.relnamespace 
WHERE pg_catalog.pg_class.relname = %(table_name)s AND pg_catalog.pg_class.relkind = ANY (ARRAY[%(param_1)s, %(param_2)s, %(param_3)s, %(param_4)s, %(param_5)s]) AND pg_catalog.pg_table_is_visible(pg_catalog.pg_class.oid) AND pg_catalog.pg_namespace.nspname != %(nspname_1)s
2025-11-11 10:40:12,870 - sqlalchemy.engine.Engine - INFO - [cached since 0.01875s ago] {'table_name': 'testers', 'param_1': 'r', 'param_2': 'p', 'param_3': 'f', 'param_4': 'v', 'param_5': 'm', 'nspname_1': 'pg_catalog'}
2025-11-11 10:40:12,871 - sqlalchemy.engine.Engine - INFO - SELECT pg_catalog.pg_class.relname 
FROM pg_catalog.pg_class JOIN pg_catalog.pg_namespace ON pg_catalog.pg_namespace.oid = pg_catalog.pg_class.relnamespace 
WHERE pg_catalog.pg_class.relname = %(table_name)s AND pg_catalog.pg_class.relkind = ANY (ARRAY[%(param_1)s, %(param_2)s, %(param_3)s, %(param_4)s, %(param_5)s]) AND pg_catalog.pg_table_is_visible(pg_catalog.pg_class.oid) AND pg_catalog.pg_namespace.nspname != %(nspname_1)s
2025-11-11 10:40:12,872 - sqlalchemy.engine.Engine - INFO - [cached since 0.02067s ago] {'table_name': 'tickets', 'param_1': 'r', 'param_2': 'p', 'param_3': 'f', 'param_4': 'v', 'param_5': 'm', 'nspname_1': 'pg_catalog'}
2025-11-11 10:40:12,873 - sqlalchemy.engine.Engine - INFO - SELECT pg_catalog.pg_class.relname 
FROM pg_catalog.pg_class JOIN pg_catalog.pg_namespace ON pg_catalog.pg_namespace.oid = pg_catalog.pg_class.relnamespace 
WHERE pg_catalog.pg_class.relname = %(table_name)s AND pg_catalog.pg_class.relkind = ANY (ARRAY[%(param_1)s, %(param_2)s, %(param_3)s, %(param_4)s, %(param_5)s]) AND pg_catalog.pg_table_is_visible(pg_catalog.pg_class.oid) AND pg_catalog.pg_namespace.nspname != %(nspname_1)s
2025-11-11 10:40:12,873 - sqlalchemy.engine.Engine - INFO - [cached since 0.02301s ago] {'table_name': 'test_executions', 'param_1': 'r', 'param_2': 'p', 'param_3': 'f', 'param_4': 'v', 'param_5': 'm', 'nspname_1': 'pg_catalog'}
2025-11-11 10:40:12,873 - sqlalchemy.engine.Engine - INFO - SELECT pg_catalog.pg_class.relname 
FROM pg_catalog.pg_class JOIN pg_catalog.pg_namespace ON pg_catalog.pg_namespace.oid = pg_catalog.pg_class.relnamespace 
WHERE pg_catalog.pg_class.relname = %(table_name)s AND pg_catalog.pg_class.relkind = ANY (ARRAY[%(param_1)s, %(param_2)s, %(param_3)s, %(param_4)s, %(param_5)s]) AND pg_catalog.pg_table_is_visible(pg_catalog.pg_class.oid) AND pg_catalog.pg_namespace.nspname != %(nspname_1)s
2025-11-11 10:40:12,873 - sqlalchemy.engine.Engine - INFO - [cached since 0.02494s ago] {'table_name': 'execution_steps', 'param_1': 'r', 'param_2': 'p', 'param_3': 'f', 'param_4': 'v', 'param_5': 'm', 'nspname_1': 'pg_catalog'}
2025-11-11 10:40:12,873 - sqlalchemy.engine.Engine - INFO - SELECT pg_catalog.pg_class.relname 
FROM pg_catalog.pg_class JOIN pg_catalog.pg_namespace ON pg_catalog.pg_namespace.oid = pg_catalog.pg_class.relnamespace 
WHERE pg_catalog.pg_class.relname = %(table_name)s AND pg_catalog.pg_class.relkind = ANY (ARRAY[%(param_1)s, %(param_2)s, %(param_3)s, %(param_4)s, %(param_5)s]) AND pg_catalog.pg_table_is_visible(pg_catalog.pg_class.oid) AND pg_catalog.pg_namespace.nspname != %(nspname_1)s
2025-11-11 10:40:12,873 - sqlalchemy.engine.Engine - INFO - [cached since 0.02646s ago] {'table_name': 'project_configs', 'param_1': 'r', 'param_2': 'p', 'param_3': 'f', 'param_4': 'v', 'param_5': 'm', 'nspname_1': 'pg_catalog'}
2025-11-11 10:40:12,873 - sqlalchemy.engine.Engine - INFO - COMMIT
2025-11-11 10:40:12,873 - TestAutomationAPI - INFO - Database tables verified
2025-11-11 10:40:12,891 - TestAutomationAPI - INFO - ======================================================================
2025-11-11 10:40:12,891 - TestAutomationAPI - INFO - Test Automation API Started Successfully
2025-11-11 10:40:12,891 - TestAutomationAPI - INFO - Host: 0.0.0.0:8000
2025-11-11 10:40:12,891 - TestAutomationAPI - INFO - Docs: http://0.0.0.0:8000/docs
2025-11-11 10:40:12,891 - TestAutomationAPI - INFO - ======================================================================
2025-11-11 10:40:12,941 - sqlalchemy.engine.Engine - INFO - BEGIN (implicit)
2025-11-11 10:40:12,941 - sqlalchemy.engine.Engine - INFO - SELECT test_executions.id AS test_executions_id, test_executions.execution_id AS test_executions_execution_id, test_executions.ticket_id AS test_executions_ticket_id, test_executions.project_id AS test_executions_project_id, test_executions.status AS test_executions_status, test_executions.overall_status AS test_executions_overall_status, test_executions.started_at AS test_executions_started_at, test_executions.completed_at AS test_executions_completed_at, test_executions.total_execution_time AS test_executions_total_execution_time, test_executions.report_path AS test_executions_report_path, test_executions.script_path AS test_executions_script_path, test_executions.video_path AS test_executions_video_path, test_executions.error_message AS test_executions_error_message 
FROM test_executions 
WHERE test_executions.execution_id = %(execution_id_1)s 
 LIMIT %(param_1)s
2025-11-11 10:40:12,941 - sqlalchemy.engine.Engine - INFO - [generated in 0.00069s] {'execution_id_1': 'exec_RBPLCD-8889_20251111_103916', 'param_1': 1}
2025-11-11 10:40:12,941 - sqlalchemy.engine.Engine - INFO - ROLLBACK
2025-11-11 10:40:14,602 - sqlalchemy.engine.Engine - INFO - BEGIN (implicit)
2025-11-11 10:40:14,603 - sqlalchemy.engine.Engine - INFO - SELECT test_executions.id AS test_executions_id, test_executions.execution_id AS test_executions_execution_id, test_executions.ticket_id AS test_executions_ticket_id, test_executions.project_id AS test_executions_project_id, test_executions.status AS test_executions_status, test_executions.overall_status AS test_executions_overall_status, test_executions.started_at AS test_executions_started_at, test_executions.completed_at AS test_executions_completed_at, test_executions.total_execution_time AS test_executions_total_execution_time, test_executions.report_path AS test_executions_report_path, test_executions.script_path AS test_executions_script_path, test_executions.video_path AS test_executions_video_path, test_executions.error_message AS test_executions_error_message 
FROM test_executions 
WHERE test_executions.execution_id = %(execution_id_1)s 
 LIMIT %(param_1)s
2025-11-11 10:40:14,604 - sqlalchemy.engine.Engine - INFO - [cached since 1.659s ago] {'execution_id_1': 'exec_RBPLCD-8889_20251111_103916', 'param_1': 1}
2025-11-11 10:40:14,608 - sqlalchemy.engine.Engine - INFO - ROLLBACK
2025-11-11 10:40:16,610 - sqlalchemy.engine.Engine - INFO - BEGIN (implicit)
2025-11-11 10:40:16,611 - sqlalchemy.engine.Engine - INFO - SELECT test_executions.id AS test_executions_id, test_executions.execution_id AS test_executions_execution_id, test_executions.ticket_id AS test_executions_ticket_id, test_executions.project_id AS test_executions_project_id, test_executions.status AS test_executions_status, test_executions.overall_status AS test_executions_overall_status, test_executions.started_at AS test_executions_started_at, test_executions.completed_at AS test_executions_completed_at, test_executions.total_execution_time AS test_executions_total_execution_time, test_executions.report_path AS test_executions_report_path, test_executions.script_path AS test_executions_script_path, test_executions.video_path AS test_executions_video_path, test_executions.error_message AS test_executions_error_message 
FROM test_executions 
WHERE test_executions.execution_id = %(execution_id_1)s 
 LIMIT %(param_1)s
2025-11-11 10:40:16,612 - sqlalchemy.engine.Engine - INFO - [cached since 3.666s ago] {'execution_id_1': 'exec_RBPLCD-8889_20251111_103916', 'param_1': 1}
2025-11-11 10:40:16,614 - sqlalchemy.engine.Engine - INFO - ROLLBACK
2025-11-11 10:40:18,602 - sqlalchemy.engine.Engine - INFO - BEGIN (implicit)
2025-11-11 10:40:18,602 - sqlalchemy.engine.Engine - INFO - SELECT test_executions.id AS test_executions_id, test_executions.execution_id AS test_executions_execution_id, test_executions.ticket_id AS test_executions_ticket_id, test_executions.project_id AS test_executions_project_id, test_executions.status AS test_executions_status, test_executions.overall_status AS test_executions_overall_status, test_executions.started_at AS test_executions_started_at, test_executions.completed_at AS test_executions_completed_at, test_executions.total_execution_time AS test_executions_total_execution_time, test_executions.report_path AS test_executions_report_path, test_executions.script_path AS test_executions_script_path, test_executions.video_path AS test_executions_video_path, test_executions.error_message AS test_executions_error_message 
FROM test_executions 
WHERE test_executions.execution_id = %(execution_id_1)s 
 LIMIT %(param_1)s
2025-11-11 10:40:18,602 - sqlalchemy.engine.Engine - INFO - [cached since 5.661s ago] {'execution_id_1': 'exec_RBPLCD-8889_20251111_103916', 'param_1': 1}
2025-11-11 10:40:18,602 - sqlalchemy.engine.Engine - INFO - ROLLBACK
2025-11-11 10:40:20,601 - sqlalchemy.engine.Engine - INFO - BEGIN (implicit)
2025-11-11 10:40:20,601 - sqlalchemy.engine.Engine - INFO - SELECT test_executions.id AS test_executions_id, test_executions.execution_id AS test_executions_execution_id, test_executions.ticket_id AS test_executions_ticket_id, test_executions.project_id AS test_executions_project_id, test_executions.status AS test_executions_status, test_executions.overall_status AS test_executions_overall_status, test_executions.started_at AS test_executions_started_at, test_executions.completed_at AS test_executions_completed_at, test_executions.total_execution_time AS test_executions_total_execution_time, test_executions.report_path AS test_executions_report_path, test_executions.script_path AS test_executions_script_path, test_executions.video_path AS test_executions_video_path, test_executions.error_message AS test_executions_error_message 
FROM test_executions 
WHERE test_executions.execution_id = %(execution_id_1)s 
 LIMIT %(param_1)s
2025-11-11 10:40:20,601 - sqlalchemy.engine.Engine - INFO - [cached since 7.662s ago] {'execution_id_1': 'exec_RBPLCD-8889_20251111_103916', 'param_1': 1}
2025-11-11 10:40:20,608 - sqlalchemy.engine.Engine - INFO - ROLLBACK
2025-11-11 10:40:22,601 - sqlalchemy.engine.Engine - INFO - BEGIN (implicit)
2025-11-11 10:40:22,602 - sqlalchemy.engine.Engine - INFO - SELECT test_executions.id AS test_executions_id, test_executions.execution_id AS test_executions_execution_id, test_executions.ticket_id AS test_executions_ticket_id, test_executions.project_id AS test_executions_project_id, test_executions.status AS test_executions_status, test_executions.overall_status AS test_executions_overall_status, test_executions.started_at AS test_executions_started_at, test_executions.completed_at AS test_executions_completed_at, test_executions.total_execution_time AS test_executions_total_execution_time, test_executions.report_path AS test_executions_report_path, test_executions.script_path AS test_executions_script_path, test_executions.video_path AS test_executions_video_path, test_executions.error_message AS test_executions_error_message 
FROM test_executions 
WHERE test_executions.execution_id = %(execution_id_1)s 
 LIMIT %(param_1)s
2025-11-11 10:40:22,603 - sqlalchemy.engine.Engine - INFO - [cached since 9.657s ago] {'execution_id_1': 'exec_RBPLCD-8889_20251111_103916', 'param_1': 1}
2025-11-11 10:40:22,607 - sqlalchemy.engine.Engine - INFO - ROLLBACK
2025-11-11 10:40:24,603 - sqlalchemy.engine.Engine - INFO - BEGIN (implicit)
2025-11-11 10:40:24,604 - sqlalchemy.engine.Engine - INFO - SELECT test_executions.id AS test_executions_id, test_executions.execution_id AS test_executions_execution_id, test_executions.ticket_id AS test_executions_ticket_id, test_executions.project_id AS test_executions_project_id, test_executions.status AS test_executions_status, test_executions.overall_status AS test_executions_overall_status, test_executions.started_at AS test_executions_started_at, test_executions.completed_at AS test_executions_completed_at, test_executions.total_execution_time AS test_executions_total_execution_time, test_executions.report_path AS test_executions_report_path, test_executions.script_path AS test_executions_script_path, test_executions.video_path AS test_executions_video_path, test_executions.error_message AS test_executions_error_message 
FROM test_executions 
WHERE test_executions.execution_id = %(execution_id_1)s 
 LIMIT %(param_1)s
2025-11-11 10:40:24,605 - sqlalchemy.engine.Engine - INFO - [cached since 11.66s ago] {'execution_id_1': 'exec_RBPLCD-8889_20251111_103916', 'param_1': 1}
2025-11-11 10:40:24,609 - sqlalchemy.engine.Engine - INFO - ROLLBACK
2025-11-11 10:40:26,606 - sqlalchemy.engine.Engine - INFO - BEGIN (implicit)
2025-11-11 10:40:26,607 - sqlalchemy.engine.Engine - INFO - SELECT test_executions.id AS test_executions_id, test_executions.execution_id AS test_executions_execution_id, test_executions.ticket_id AS test_executions_ticket_id, test_executions.project_id AS test_executions_project_id, test_executions.status AS test_executions_status, test_executions.overall_status AS test_executions_overall_status, test_executions.started_at AS test_executions_started_at, test_executions.completed_at AS test_executions_completed_at, test_executions.total_execution_time AS test_executions_total_execution_time, test_executions.report_path AS test_executions_report_path, test_executions.script_path AS test_executions_script_path, test_executions.video_path AS test_executions_video_path, test_executions.error_message AS test_executions_error_message 
FROM test_executions 
WHERE test_executions.execution_id = %(execution_id_1)s 
 LIMIT %(param_1)s
2025-11-11 10:40:26,609 - sqlalchemy.engine.Engine - INFO - [cached since 13.66s ago] {'execution_id_1': 'exec_RBPLCD-8889_20251111_103916', 'param_1': 1}
2025-11-11 10:40:26,612 - sqlalchemy.engine.Engine - INFO - ROLLBACK
2025-11-11 10:40:28,602 - sqlalchemy.engine.Engine - INFO - BEGIN (implicit)
2025-11-11 10:40:28,602 - sqlalchemy.engine.Engine - INFO - SELECT test_executions.id AS test_executions_id, test_executions.execution_id AS test_executions_execution_id, test_executions.ticket_id AS test_executions_ticket_id, test_executions.project_id AS test_executions_project_id, test_executions.status AS test_executions_status, test_executions.overall_status AS test_executions_overall_status, test_executions.started_at AS test_executions_started_at, test_executions.completed_at AS test_executions_completed_at, test_executions.total_execution_time AS test_executions_total_execution_time, test_executions.report_path AS test_executions_report_path, test_executions.script_path AS test_executions_script_path, test_executions.video_path AS test_executions_video_path, test_executions.error_message AS test_executions_error_message 
FROM test_executions 
WHERE test_executions.execution_id = %(execution_id_1)s 
 LIMIT %(param_1)s
2025-11-11 10:40:28,602 - sqlalchemy.engine.Engine - INFO - [cached since 15.66s ago] {'execution_id_1': 'exec_RBPLCD-8889_20251111_103916', 'param_1': 1}
2025-11-11 10:40:28,606 - sqlalchemy.engine.Engine - INFO - ROLLBACK
2025-11-11 10:40:30,597 - sqlalchemy.engine.Engine - INFO - BEGIN (implicit)
2025-11-11 10:40:30,597 - sqlalchemy.engine.Engine - INFO - SELECT test_executions.id AS test_executions_id, test_executions.execution_id AS test_executions_execution_id, test_executions.ticket_id AS test_executions_ticket_id, test_executions.project_id AS test_executions_project_id, test_executions.status AS test_executions_status, test_executions.overall_status AS test_executions_overall_status, test_executions.started_at AS test_executions_started_at, test_executions.completed_at AS test_executions_completed_at, test_executions.total_execution_time AS test_executions_total_execution_time, test_executions.report_path AS test_executions_report_path, test_executions.script_path AS test_executions_script_path, test_executions.video_path AS test_executions_video_path, test_executions.error_message AS test_executions_error_message 
FROM test_executions 
WHERE test_executions.execution_id = %(execution_id_1)s 
 LIMIT %(param_1)s
2025-11-11 10:40:30,597 - sqlalchemy.engine.Engine - INFO - [cached since 17.65s ago] {'execution_id_1': 'exec_RBPLCD-8889_20251111_103916', 'param_1': 1}
2025-11-11 10:40:30,605 - sqlalchemy.engine.Engine - INFO - ROLLBACK
2025-11-11 10:40:32,605 - sqlalchemy.engine.Engine - INFO - BEGIN (implicit)
2025-11-11 10:40:32,605 - sqlalchemy.engine.Engine - INFO - SELECT test_executions.id AS test_executions_id, test_executions.execution_id AS test_executions_execution_id, test_executions.ticket_id AS test_executions_ticket_id, test_executions.project_id AS test_executions_project_id, test_executions.status AS test_executions_status, test_executions.overall_status AS test_executions_overall_status, test_executions.started_at AS test_executions_started_at, test_executions.completed_at AS test_executions_completed_at, test_executions.total_execution_time AS test_executions_total_execution_time, test_executions.report_path AS test_executions_report_path, test_executions.script_path AS test_executions_script_path, test_executions.video_path AS test_executions_video_path, test_executions.error_message AS test_executions_error_message 
FROM test_executions 
WHERE test_executions.execution_id = %(execution_id_1)s 
 LIMIT %(param_1)s
2025-11-11 10:40:32,605 - sqlalchemy.engine.Engine - INFO - [cached since 19.67s ago] {'execution_id_1': 'exec_RBPLCD-8889_20251111_103916', 'param_1': 1}
2025-11-11 10:40:32,617 - sqlalchemy.engine.Engine - INFO - ROLLBACK
2025-11-11 10:40:34,599 - sqlalchemy.engine.Engine - INFO - BEGIN (implicit)
2025-11-11 10:40:34,599 - sqlalchemy.engine.Engine - INFO - SELECT test_executions.id AS test_executions_id, test_executions.execution_id AS test_executions_execution_id, test_executions.ticket_id AS test_executions_ticket_id, test_executions.project_id AS test_executions_project_id, test_executions.status AS test_executions_status, test_executions.overall_status AS test_executions_overall_status, test_executions.started_at AS test_executions_started_at, test_executions.completed_at AS test_executions_completed_at, test_executions.total_execution_time AS test_executions_total_execution_time, test_executions.report_path AS test_executions_report_path, test_executions.script_path AS test_executions_script_path, test_executions.video_path AS test_executions_video_path, test_executions.error_message AS test_executions_error_message 
FROM test_executions 
WHERE test_executions.execution_id = %(execution_id_1)s 
 LIMIT %(param_1)s
2025-11-11 10:40:34,599 - sqlalchemy.engine.Engine - INFO - [cached since 21.66s ago] {'execution_id_1': 'exec_RBPLCD-8889_20251111_103916', 'param_1': 1}
2025-11-11 10:40:34,599 - sqlalchemy.engine.Engine - INFO - ROLLBACK
2025-11-11 10:40:36,605 - sqlalchemy.engine.Engine - INFO - BEGIN (implicit)
2025-11-11 10:40:36,605 - sqlalchemy.engine.Engine - INFO - SELECT test_executions.id AS test_executions_id, test_executions.execution_id AS test_executions_execution_id, test_executions.ticket_id AS test_executions_ticket_id, test_executions.project_id AS test_executions_project_id, test_executions.status AS test_executions_status, test_executions.overall_status AS test_executions_overall_status, test_executions.started_at AS test_executions_started_at, test_executions.completed_at AS test_executions_completed_at, test_executions.total_execution_time AS test_executions_total_execution_time, test_executions.report_path AS test_executions_report_path, test_executions.script_path AS test_executions_script_path, test_executions.video_path AS test_executions_video_path, test_executions.error_message AS test_executions_error_message 
FROM test_executions 
WHERE test_executions.execution_id = %(execution_id_1)s 
 LIMIT %(param_1)s
2025-11-11 10:40:36,605 - sqlalchemy.engine.Engine - INFO - [cached since 23.66s ago] {'execution_id_1': 'exec_RBPLCD-8889_20251111_103916', 'param_1': 1}
2025-11-11 10:40:36,605 - sqlalchemy.engine.Engine - INFO - ROLLBACK
2025-11-11 10:40:38,605 - sqlalchemy.engine.Engine - INFO - BEGIN (implicit)
2025-11-11 10:40:38,605 - sqlalchemy.engine.Engine - INFO - SELECT test_executions.id AS test_executions_id, test_executions.execution_id AS test_executions_execution_id, test_executions.ticket_id AS test_executions_ticket_id, test_executions.project_id AS test_executions_project_id, test_executions.status AS test_executions_status, test_executions.overall_status AS test_executions_overall_status, test_executions.started_at AS test_executions_started_at, test_executions.completed_at AS test_executions_completed_at, test_executions.total_execution_time AS test_executions_total_execution_time, test_executions.report_path AS test_executions_report_path, test_executions.script_path AS test_executions_script_path, test_executions.video_path AS test_executions_video_path, test_executions.error_message AS test_executions_error_message 
FROM test_executions 
WHERE test_executions.execution_id = %(execution_id_1)s 
 LIMIT %(param_1)s
2025-11-11 10:40:38,605 - sqlalchemy.engine.Engine - INFO - [cached since 25.66s ago] {'execution_id_1': 'exec_RBPLCD-8889_20251111_103916', 'param_1': 1}
2025-11-11 10:40:38,605 - sqlalchemy.engine.Engine - INFO - ROLLBACK
2025-11-11 10:40:40,420 - TestAutomationAPI - INFO - Test Automation API shutting down...
2025-11-11 10:40:42,041 - TestAutomationAPI - INFO - Starting Test Automation API...
2025-11-11 10:40:42,041 - TestAutomationAPI - INFO - Verified all directories exist
2025-11-11 10:40:42,041 - sqlalchemy.engine.Engine - INFO - BEGIN (implicit)
2025-11-11 10:40:42,041 - sqlalchemy.engine.Engine - INFO - SELECT pg_catalog.pg_class.relname 
FROM pg_catalog.pg_class JOIN pg_catalog.pg_namespace ON pg_catalog.pg_namespace.oid = pg_catalog.pg_class.relnamespace 
WHERE pg_catalog.pg_class.relname = %(table_name)s AND pg_catalog.pg_class.relkind = ANY (ARRAY[%(param_1)s, %(param_2)s, %(param_3)s, %(param_4)s, %(param_5)s]) AND pg_catalog.pg_table_is_visible(pg_catalog.pg_class.oid) AND pg_catalog.pg_namespace.nspname != %(nspname_1)s
2025-11-11 10:40:42,041 - sqlalchemy.engine.Engine - INFO - [cached since 0.01606s ago] {'table_name': 'projects', 'param_1': 'r', 'param_2': 'p', 'param_3': 'f', 'param_4': 'v', 'param_5': 'm', 'nspname_1': 'pg_catalog'}
2025-11-11 10:40:42,057 - sqlalchemy.engine.Engine - INFO - SELECT pg_catalog.pg_class.relname 
FROM pg_catalog.pg_class JOIN pg_catalog.pg_namespace ON pg_catalog.pg_namespace.oid = pg_catalog.pg_class.relnamespace 
WHERE pg_catalog.pg_class.relname = %(table_name)s AND pg_catalog.pg_class.relkind = ANY (ARRAY[%(param_1)s, %(param_2)s, %(param_3)s, %(param_4)s, %(param_5)s]) AND pg_catalog.pg_table_is_visible(pg_catalog.pg_class.oid) AND pg_catalog.pg_namespace.nspname != %(nspname_1)s
2025-11-11 10:40:42,057 - sqlalchemy.engine.Engine - INFO - [cached since 0.01797s ago] {'table_name': 'testers', 'param_1': 'r', 'param_2': 'p', 'param_3': 'f', 'param_4': 'v', 'param_5': 'm', 'nspname_1': 'pg_catalog'}
2025-11-11 10:40:42,057 - sqlalchemy.engine.Engine - INFO - SELECT pg_catalog.pg_class.relname 
FROM pg_catalog.pg_class JOIN pg_catalog.pg_namespace ON pg_catalog.pg_namespace.oid = pg_catalog.pg_class.relnamespace 
WHERE pg_catalog.pg_class.relname = %(table_name)s AND pg_catalog.pg_class.relkind = ANY (ARRAY[%(param_1)s, %(param_2)s, %(param_3)s, %(param_4)s, %(param_5)s]) AND pg_catalog.pg_table_is_visible(pg_catalog.pg_class.oid) AND pg_catalog.pg_namespace.nspname != %(nspname_1)s
2025-11-11 10:40:42,057 - sqlalchemy.engine.Engine - INFO - [cached since 0.0195s ago] {'table_name': 'tickets', 'param_1': 'r', 'param_2': 'p', 'param_3': 'f', 'param_4': 'v', 'param_5': 'm', 'nspname_1': 'pg_catalog'}
2025-11-11 10:40:42,057 - sqlalchemy.engine.Engine - INFO - SELECT pg_catalog.pg_class.relname 
FROM pg_catalog.pg_class JOIN pg_catalog.pg_namespace ON pg_catalog.pg_namespace.oid = pg_catalog.pg_class.relnamespace 
WHERE pg_catalog.pg_class.relname = %(table_name)s AND pg_catalog.pg_class.relkind = ANY (ARRAY[%(param_1)s, %(param_2)s, %(param_3)s, %(param_4)s, %(param_5)s]) AND pg_catalog.pg_table_is_visible(pg_catalog.pg_class.oid) AND pg_catalog.pg_namespace.nspname != %(nspname_1)s
2025-11-11 10:40:42,057 - sqlalchemy.engine.Engine - INFO - [cached since 0.02088s ago] {'table_name': 'test_executions', 'param_1': 'r', 'param_2': 'p', 'param_3': 'f', 'param_4': 'v', 'param_5': 'm', 'nspname_1': 'pg_catalog'}
2025-11-11 10:40:42,057 - sqlalchemy.engine.Engine - INFO - SELECT pg_catalog.pg_class.relname 
FROM pg_catalog.pg_class JOIN pg_catalog.pg_namespace ON pg_catalog.pg_namespace.oid = pg_catalog.pg_class.relnamespace 
WHERE pg_catalog.pg_class.relname = %(table_name)s AND pg_catalog.pg_class.relkind = ANY (ARRAY[%(param_1)s, %(param_2)s, %(param_3)s, %(param_4)s, %(param_5)s]) AND pg_catalog.pg_table_is_visible(pg_catalog.pg_class.oid) AND pg_catalog.pg_namespace.nspname != %(nspname_1)s
2025-11-11 10:40:42,057 - sqlalchemy.engine.Engine - INFO - [cached since 0.02255s ago] {'table_name': 'execution_steps', 'param_1': 'r', 'param_2': 'p', 'param_3': 'f', 'param_4': 'v', 'param_5': 'm', 'nspname_1': 'pg_catalog'}
2025-11-11 10:40:42,057 - sqlalchemy.engine.Engine - INFO - SELECT pg_catalog.pg_class.relname 
FROM pg_catalog.pg_class JOIN pg_catalog.pg_namespace ON pg_catalog.pg_namespace.oid = pg_catalog.pg_class.relnamespace 
WHERE pg_catalog.pg_class.relname = %(table_name)s AND pg_catalog.pg_class.relkind = ANY (ARRAY[%(param_1)s, %(param_2)s, %(param_3)s, %(param_4)s, %(param_5)s]) AND pg_catalog.pg_table_is_visible(pg_catalog.pg_class.oid) AND pg_catalog.pg_namespace.nspname != %(nspname_1)s
2025-11-11 10:40:42,057 - sqlalchemy.engine.Engine - INFO - [cached since 0.0245s ago] {'table_name': 'project_configs', 'param_1': 'r', 'param_2': 'p', 'param_3': 'f', 'param_4': 'v', 'param_5': 'm', 'nspname_1': 'pg_catalog'}
2025-11-11 10:40:42,067 - sqlalchemy.engine.Engine - INFO - COMMIT
2025-11-11 10:40:42,067 - TestAutomationAPI - INFO - Database tables verified
2025-11-11 10:40:42,073 - TestAutomationAPI - INFO - ======================================================================
2025-11-11 10:40:42,073 - TestAutomationAPI - INFO - Test Automation API Started Successfully
2025-11-11 10:40:42,073 - TestAutomationAPI - INFO - Host: 0.0.0.0:8000
2025-11-11 10:40:42,073 - TestAutomationAPI - INFO - Docs: http://0.0.0.0:8000/docs
2025-11-11 10:40:42,073 - TestAutomationAPI - INFO - ======================================================================
2025-11-11 10:40:42,105 - sqlalchemy.engine.Engine - INFO - BEGIN (implicit)
2025-11-11 10:40:42,105 - sqlalchemy.engine.Engine - INFO - SELECT test_executions.id AS test_executions_id, test_executions.execution_id AS test_executions_execution_id, test_executions.ticket_id AS test_executions_ticket_id, test_executions.project_id AS test_executions_project_id, test_executions.status AS test_executions_status, test_executions.overall_status AS test_executions_overall_status, test_executions.started_at AS test_executions_started_at, test_executions.completed_at AS test_executions_completed_at, test_executions.total_execution_time AS test_executions_total_execution_time, test_executions.report_path AS test_executions_report_path, test_executions.script_path AS test_executions_script_path, test_executions.video_path AS test_executions_video_path, test_executions.error_message AS test_executions_error_message 
FROM test_executions 
WHERE test_executions.execution_id = %(execution_id_1)s 
 LIMIT %(param_1)s
2025-11-11 10:40:42,105 - sqlalchemy.engine.Engine - INFO - [generated in 0.00087s] {'execution_id_1': 'exec_RBPLCD-8889_20251111_103916', 'param_1': 1}
2025-11-11 10:40:42,115 - sqlalchemy.engine.Engine - INFO - ROLLBACK
2025-11-11 10:40:42,609 - sqlalchemy.engine.Engine - INFO - BEGIN (implicit)
2025-11-11 10:40:42,611 - sqlalchemy.engine.Engine - INFO - SELECT test_executions.id AS test_executions_id, test_executions.execution_id AS test_executions_execution_id, test_executions.ticket_id AS test_executions_ticket_id, test_executions.project_id AS test_executions_project_id, test_executions.status AS test_executions_status, test_executions.overall_status AS test_executions_overall_status, test_executions.started_at AS test_executions_started_at, test_executions.completed_at AS test_executions_completed_at, test_executions.total_execution_time AS test_executions_total_execution_time, test_executions.report_path AS test_executions_report_path, test_executions.script_path AS test_executions_script_path, test_executions.video_path AS test_executions_video_path, test_executions.error_message AS test_executions_error_message 
FROM test_executions 
WHERE test_executions.execution_id = %(execution_id_1)s 
 LIMIT %(param_1)s
2025-11-11 10:40:42,613 - sqlalchemy.engine.Engine - INFO - [cached since 0.5044s ago] {'execution_id_1': 'exec_RBPLCD-8889_20251111_103916', 'param_1': 1}
2025-11-11 10:40:42,616 - sqlalchemy.engine.Engine - INFO - ROLLBACK
2025-11-11 10:40:44,106 - sqlalchemy.engine.Engine - INFO - BEGIN (implicit)
2025-11-11 10:40:44,107 - sqlalchemy.engine.Engine - INFO - SELECT test_executions.id AS test_executions_id, test_executions.execution_id AS test_executions_execution_id, test_executions.ticket_id AS test_executions_ticket_id, test_executions.project_id AS test_executions_project_id, test_executions.status AS test_executions_status, test_executions.overall_status AS test_executions_overall_status, test_executions.started_at AS test_executions_started_at, test_executions.completed_at AS test_executions_completed_at, test_executions.total_execution_time AS test_executions_total_execution_time, test_executions.report_path AS test_executions_report_path, test_executions.script_path AS test_executions_script_path, test_executions.video_path AS test_executions_video_path, test_executions.error_message AS test_executions_error_message 
FROM test_executions 
WHERE test_executions.execution_id = %(execution_id_1)s 
 LIMIT %(param_1)s
2025-11-11 10:40:44,108 - sqlalchemy.engine.Engine - INFO - [cached since 1.999s ago] {'execution_id_1': 'exec_RBPLCD-8889_20251111_103916', 'param_1': 1}
2025-11-11 10:40:44,112 - sqlalchemy.engine.Engine - INFO - ROLLBACK
2025-11-11 10:40:54,229 - sqlalchemy.engine.Engine - INFO - BEGIN (implicit)
2025-11-11 10:40:54,229 - sqlalchemy.engine.Engine - INFO - SELECT tickets.id AS tickets_id, tickets.ticket_id AS tickets_ticket_id, tickets.project_id AS tickets_project_id, tickets.title AS tickets_title, tickets.module AS tickets_module, tickets.description AS tickets_description, tickets.acceptance_criteria AS tickets_acceptance_criteria, tickets.file_path AS tickets_file_path, tickets.created_at AS tickets_created_at 
FROM tickets 
WHERE tickets.ticket_id = %(ticket_id_1)s 
 LIMIT %(param_1)s
2025-11-11 10:40:54,234 - sqlalchemy.engine.Engine - INFO - [generated in 0.00125s] {'ticket_id_1': 'RBPLCD-8889', 'param_1': 1}
2025-11-11 10:40:54,243 - sqlalchemy.engine.Engine - INFO - ROLLBACK
2025-11-11 10:40:56,015 - sqlalchemy.engine.Engine - INFO - BEGIN (implicit)
2025-11-11 10:40:56,015 - sqlalchemy.engine.Engine - INFO - SELECT tickets.id AS tickets_id, tickets.ticket_id AS tickets_ticket_id, tickets.project_id AS tickets_project_id, tickets.title AS tickets_title, tickets.module AS tickets_module, tickets.description AS tickets_description, tickets.acceptance_criteria AS tickets_acceptance_criteria, tickets.file_path AS tickets_file_path, tickets.created_at AS tickets_created_at 
FROM tickets 
WHERE tickets.ticket_id = %(ticket_id_1)s 
 LIMIT %(param_1)s
2025-11-11 10:40:56,017 - sqlalchemy.engine.Engine - INFO - [cached since 1.785s ago] {'ticket_id_1': 'RBPLCD-8889', 'param_1': 1}
2025-11-11 10:40:56,021 - sqlalchemy.engine.Engine - INFO - INSERT INTO test_executions (execution_id, ticket_id, project_id, status, overall_status, started_at, completed_at, total_execution_time, report_path, script_path, video_path, error_message) VALUES (%(execution_id)s, %(ticket_id)s, %(project_id)s, %(status)s, %(overall_status)s, %(started_at)s, %(completed_at)s, %(total_execution_time)s, %(report_path)s, %(script_path)s, %(video_path)s, %(error_message)s) RETURNING test_executions.id
2025-11-11 10:40:56,022 - sqlalchemy.engine.Engine - INFO - [generated in 0.00116s] {'execution_id': 'exec_RBPLCD-8889_20251111_104056', 'ticket_id': 'RBPLCD-8889', 'project_id': 1, 'status': 'running', 'overall_status': None, 'started_at': datetime.datetime(2025, 11, 11, 10, 40, 56, 19388), 'completed_at': None, 'total_execution_time': None, 'report_path': None, 'script_path': None, 'video_path': None, 'error_message': None}
2025-11-11 10:40:56,028 - sqlalchemy.engine.Engine - INFO - COMMIT
2025-11-11 10:40:56,032 - sqlalchemy.engine.Engine - INFO - BEGIN (implicit)
2025-11-11 10:40:56,033 - sqlalchemy.engine.Engine - INFO - SELECT test_executions.id, test_executions.execution_id, test_executions.ticket_id, test_executions.project_id, test_executions.status, test_executions.overall_status, test_executions.started_at, test_executions.completed_at, test_executions.total_execution_time, test_executions.report_path, test_executions.script_path, test_executions.video_path, test_executions.error_message 
FROM test_executions 
WHERE test_executions.id = %(pk_1)s
2025-11-11 10:40:56,036 - sqlalchemy.engine.Engine - INFO - [generated in 0.00232s] {'pk_1': 7}
2025-11-11 10:40:56,038 - TestExecutionService - INFO - Created execution record: exec_RBPLCD-8889_20251111_104056
2025-11-11 10:40:56,039 - sqlalchemy.engine.Engine - INFO - SELECT tickets.id AS tickets_id, tickets.ticket_id AS tickets_ticket_id, tickets.project_id AS tickets_project_id, tickets.title AS tickets_title, tickets.module AS tickets_module, tickets.description AS tickets_description, tickets.acceptance_criteria AS tickets_acceptance_criteria, tickets.file_path AS tickets_file_path, tickets.created_at AS tickets_created_at 
FROM tickets 
WHERE tickets.id = %(pk_1)s
2025-11-11 10:40:56,040 - sqlalchemy.engine.Engine - INFO - [generated in 0.00145s] {'pk_1': 1}
2025-11-11 10:40:56,044 - sqlalchemy.engine.Engine - INFO - ROLLBACK
2025-11-11 10:40:58,366 - sqlalchemy.engine.Engine - INFO - BEGIN (implicit)
2025-11-11 10:40:58,366 - sqlalchemy.engine.Engine - INFO - SELECT test_executions.id AS test_executions_id, test_executions.execution_id AS test_executions_execution_id, test_executions.ticket_id AS test_executions_ticket_id, test_executions.project_id AS test_executions_project_id, test_executions.status AS test_executions_status, test_executions.overall_status AS test_executions_overall_status, test_executions.started_at AS test_executions_started_at, test_executions.completed_at AS test_executions_completed_at, test_executions.total_execution_time AS test_executions_total_execution_time, test_executions.report_path AS test_executions_report_path, test_executions.script_path AS test_executions_script_path, test_executions.video_path AS test_executions_video_path, test_executions.error_message AS test_executions_error_message 
FROM test_executions 
WHERE test_executions.execution_id = %(execution_id_1)s 
 LIMIT %(param_1)s
2025-11-11 10:40:58,366 - sqlalchemy.engine.Engine - INFO - [cached since 16.26s ago] {'execution_id_1': 'exec_RBPLCD-8889_20251111_104056', 'param_1': 1}
2025-11-11 10:40:58,366 - sqlalchemy.engine.Engine - INFO - ROLLBACK
2025-11-11 10:41:00,053 - sqlalchemy.engine.Engine - INFO - BEGIN (implicit)
2025-11-11 10:41:00,054 - sqlalchemy.engine.Engine - INFO - SELECT test_executions.id AS test_executions_id, test_executions.execution_id AS test_executions_execution_id, test_executions.ticket_id AS test_executions_ticket_id, test_executions.project_id AS test_executions_project_id, test_executions.status AS test_executions_status, test_executions.overall_status AS test_executions_overall_status, test_executions.started_at AS test_executions_started_at, test_executions.completed_at AS test_executions_completed_at, test_executions.total_execution_time AS test_executions_total_execution_time, test_executions.report_path AS test_executions_report_path, test_executions.script_path AS test_executions_script_path, test_executions.video_path AS test_executions_video_path, test_executions.error_message AS test_executions_error_message 
FROM test_executions 
WHERE test_executions.execution_id = %(execution_id_1)s 
 LIMIT %(param_1)s
2025-11-11 10:41:00,056 - sqlalchemy.engine.Engine - INFO - [cached since 17.95s ago] {'execution_id_1': 'exec_RBPLCD-8889_20251111_104056', 'param_1': 1}
2025-11-11 10:41:00,058 - sqlalchemy.engine.Engine - INFO - ROLLBACK
2025-11-11 10:41:02,054 - sqlalchemy.engine.Engine - INFO - BEGIN (implicit)
2025-11-11 10:41:02,055 - sqlalchemy.engine.Engine - INFO - SELECT test_executions.id AS test_executions_id, test_executions.execution_id AS test_executions_execution_id, test_executions.ticket_id AS test_executions_ticket_id, test_executions.project_id AS test_executions_project_id, test_executions.status AS test_executions_status, test_executions.overall_status AS test_executions_overall_status, test_executions.started_at AS test_executions_started_at, test_executions.completed_at AS test_executions_completed_at, test_executions.total_execution_time AS test_executions_total_execution_time, test_executions.report_path AS test_executions_report_path, test_executions.script_path AS test_executions_script_path, test_executions.video_path AS test_executions_video_path, test_executions.error_message AS test_executions_error_message 
FROM test_executions 
WHERE test_executions.execution_id = %(execution_id_1)s 
 LIMIT %(param_1)s
2025-11-11 10:41:02,056 - sqlalchemy.engine.Engine - INFO - [cached since 19.95s ago] {'execution_id_1': 'exec_RBPLCD-8889_20251111_104056', 'param_1': 1}
2025-11-11 10:41:02,059 - sqlalchemy.engine.Engine - INFO - ROLLBACK
2025-11-11 10:41:04,068 - sqlalchemy.engine.Engine - INFO - BEGIN (implicit)
2025-11-11 10:41:04,070 - sqlalchemy.engine.Engine - INFO - SELECT test_executions.id AS test_executions_id, test_executions.execution_id AS test_executions_execution_id, test_executions.ticket_id AS test_executions_ticket_id, test_executions.project_id AS test_executions_project_id, test_executions.status AS test_executions_status, test_executions.overall_status AS test_executions_overall_status, test_executions.started_at AS test_executions_started_at, test_executions.completed_at AS test_executions_completed_at, test_executions.total_execution_time AS test_executions_total_execution_time, test_executions.report_path AS test_executions_report_path, test_executions.script_path AS test_executions_script_path, test_executions.video_path AS test_executions_video_path, test_executions.error_message AS test_executions_error_message 
FROM test_executions 
WHERE test_executions.execution_id = %(execution_id_1)s 
 LIMIT %(param_1)s
2025-11-11 10:41:04,071 - sqlalchemy.engine.Engine - INFO - [cached since 21.96s ago] {'execution_id_1': 'exec_RBPLCD-8889_20251111_104056', 'param_1': 1}
2025-11-11 10:41:04,075 - sqlalchemy.engine.Engine - INFO - ROLLBACK
2025-11-11 10:41:06,067 - sqlalchemy.engine.Engine - INFO - BEGIN (implicit)
2025-11-11 10:41:06,067 - sqlalchemy.engine.Engine - INFO - SELECT test_executions.id AS test_executions_id, test_executions.execution_id AS test_executions_execution_id, test_executions.ticket_id AS test_executions_ticket_id, test_executions.project_id AS test_executions_project_id, test_executions.status AS test_executions_status, test_executions.overall_status AS test_executions_overall_status, test_executions.started_at AS test_executions_started_at, test_executions.completed_at AS test_executions_completed_at, test_executions.total_execution_time AS test_executions_total_execution_time, test_executions.report_path AS test_executions_report_path, test_executions.script_path AS test_executions_script_path, test_executions.video_path AS test_executions_video_path, test_executions.error_message AS test_executions_error_message 
FROM test_executions 
WHERE test_executions.execution_id = %(execution_id_1)s 
 LIMIT %(param_1)s
2025-11-11 10:41:06,069 - sqlalchemy.engine.Engine - INFO - [cached since 23.96s ago] {'execution_id_1': 'exec_RBPLCD-8889_20251111_104056', 'param_1': 1}
2025-11-11 10:41:06,072 - sqlalchemy.engine.Engine - INFO - ROLLBACK
2025-11-11 10:41:08,055 - sqlalchemy.engine.Engine - INFO - BEGIN (implicit)
2025-11-11 10:41:08,056 - sqlalchemy.engine.Engine - INFO - SELECT test_executions.id AS test_executions_id, test_executions.execution_id AS test_executions_execution_id, test_executions.ticket_id AS test_executions_ticket_id, test_executions.project_id AS test_executions_project_id, test_executions.status AS test_executions_status, test_executions.overall_status AS test_executions_overall_status, test_executions.started_at AS test_executions_started_at, test_executions.completed_at AS test_executions_completed_at, test_executions.total_execution_time AS test_executions_total_execution_time, test_executions.report_path AS test_executions_report_path, test_executions.script_path AS test_executions_script_path, test_executions.video_path AS test_executions_video_path, test_executions.error_message AS test_executions_error_message 
FROM test_executions 
WHERE test_executions.execution_id = %(execution_id_1)s 
 LIMIT %(param_1)s
2025-11-11 10:41:08,059 - sqlalchemy.engine.Engine - INFO - [cached since 25.95s ago] {'execution_id_1': 'exec_RBPLCD-8889_20251111_104056', 'param_1': 1}
2025-11-11 10:41:08,065 - sqlalchemy.engine.Engine - INFO - ROLLBACK
2025-11-11 10:41:10,062 - sqlalchemy.engine.Engine - INFO - BEGIN (implicit)
2025-11-11 10:41:10,063 - sqlalchemy.engine.Engine - INFO - SELECT test_executions.id AS test_executions_id, test_executions.execution_id AS test_executions_execution_id, test_executions.ticket_id AS test_executions_ticket_id, test_executions.project_id AS test_executions_project_id, test_executions.status AS test_executions_status, test_executions.overall_status AS test_executions_overall_status, test_executions.started_at AS test_executions_started_at, test_executions.completed_at AS test_executions_completed_at, test_executions.total_execution_time AS test_executions_total_execution_time, test_executions.report_path AS test_executions_report_path, test_executions.script_path AS test_executions_script_path, test_executions.video_path AS test_executions_video_path, test_executions.error_message AS test_executions_error_message 
FROM test_executions 
WHERE test_executions.execution_id = %(execution_id_1)s 
 LIMIT %(param_1)s
2025-11-11 10:41:10,064 - sqlalchemy.engine.Engine - INFO - [cached since 27.95s ago] {'execution_id_1': 'exec_RBPLCD-8889_20251111_104056', 'param_1': 1}
2025-11-11 10:41:10,068 - sqlalchemy.engine.Engine - INFO - ROLLBACK
2025-11-11 10:41:12,061 - sqlalchemy.engine.Engine - INFO - BEGIN (implicit)
2025-11-11 10:41:12,062 - sqlalchemy.engine.Engine - INFO - SELECT test_executions.id AS test_executions_id, test_executions.execution_id AS test_executions_execution_id, test_executions.ticket_id AS test_executions_ticket_id, test_executions.project_id AS test_executions_project_id, test_executions.status AS test_executions_status, test_executions.overall_status AS test_executions_overall_status, test_executions.started_at AS test_executions_started_at, test_executions.completed_at AS test_executions_completed_at, test_executions.total_execution_time AS test_executions_total_execution_time, test_executions.report_path AS test_executions_report_path, test_executions.script_path AS test_executions_script_path, test_executions.video_path AS test_executions_video_path, test_executions.error_message AS test_executions_error_message 
FROM test_executions 
WHERE test_executions.execution_id = %(execution_id_1)s 
 LIMIT %(param_1)s
2025-11-11 10:41:12,063 - sqlalchemy.engine.Engine - INFO - [cached since 29.95s ago] {'execution_id_1': 'exec_RBPLCD-8889_20251111_104056', 'param_1': 1}
2025-11-11 10:41:12,065 - sqlalchemy.engine.Engine - INFO - ROLLBACK
2025-11-11 10:41:14,060 - sqlalchemy.engine.Engine - INFO - BEGIN (implicit)
2025-11-11 10:41:14,061 - sqlalchemy.engine.Engine - INFO - SELECT test_executions.id AS test_executions_id, test_executions.execution_id AS test_executions_execution_id, test_executions.ticket_id AS test_executions_ticket_id, test_executions.project_id AS test_executions_project_id, test_executions.status AS test_executions_status, test_executions.overall_status AS test_executions_overall_status, test_executions.started_at AS test_executions_started_at, test_executions.completed_at AS test_executions_completed_at, test_executions.total_execution_time AS test_executions_total_execution_time, test_executions.report_path AS test_executions_report_path, test_executions.script_path AS test_executions_script_path, test_executions.video_path AS test_executions_video_path, test_executions.error_message AS test_executions_error_message 
FROM test_executions 
WHERE test_executions.execution_id = %(execution_id_1)s 
 LIMIT %(param_1)s
2025-11-11 10:41:14,063 - sqlalchemy.engine.Engine - INFO - [cached since 31.95s ago] {'execution_id_1': 'exec_RBPLCD-8889_20251111_104056', 'param_1': 1}
2025-11-11 10:41:14,066 - sqlalchemy.engine.Engine - INFO - ROLLBACK
2025-11-11 10:41:16,058 - sqlalchemy.engine.Engine - INFO - BEGIN (implicit)
2025-11-11 10:41:16,059 - sqlalchemy.engine.Engine - INFO - SELECT test_executions.id AS test_executions_id, test_executions.execution_id AS test_executions_execution_id, test_executions.ticket_id AS test_executions_ticket_id, test_executions.project_id AS test_executions_project_id, test_executions.status AS test_executions_status, test_executions.overall_status AS test_executions_overall_status, test_executions.started_at AS test_executions_started_at, test_executions.completed_at AS test_executions_completed_at, test_executions.total_execution_time AS test_executions_total_execution_time, test_executions.report_path AS test_executions_report_path, test_executions.script_path AS test_executions_script_path, test_executions.video_path AS test_executions_video_path, test_executions.error_message AS test_executions_error_message 
FROM test_executions 
WHERE test_executions.execution_id = %(execution_id_1)s 
 LIMIT %(param_1)s
2025-11-11 10:41:16,060 - sqlalchemy.engine.Engine - INFO - [cached since 33.95s ago] {'execution_id_1': 'exec_RBPLCD-8889_20251111_104056', 'param_1': 1}
2025-11-11 10:41:16,065 - sqlalchemy.engine.Engine - INFO - ROLLBACK
2025-11-11 10:41:18,052 - sqlalchemy.engine.Engine - INFO - BEGIN (implicit)
2025-11-11 10:41:18,052 - sqlalchemy.engine.Engine - INFO - SELECT test_executions.id AS test_executions_id, test_executions.execution_id AS test_executions_execution_id, test_executions.ticket_id AS test_executions_ticket_id, test_executions.project_id AS test_executions_project_id, test_executions.status AS test_executions_status, test_executions.overall_status AS test_executions_overall_status, test_executions.started_at AS test_executions_started_at, test_executions.completed_at AS test_executions_completed_at, test_executions.total_execution_time AS test_executions_total_execution_time, test_executions.report_path AS test_executions_report_path, test_executions.script_path AS test_executions_script_path, test_executions.video_path AS test_executions_video_path, test_executions.error_message AS test_executions_error_message 
FROM test_executions 
WHERE test_executions.execution_id = %(execution_id_1)s 
 LIMIT %(param_1)s
2025-11-11 10:41:18,052 - sqlalchemy.engine.Engine - INFO - [cached since 35.94s ago] {'execution_id_1': 'exec_RBPLCD-8889_20251111_104056', 'param_1': 1}
2025-11-11 10:41:18,055 - sqlalchemy.engine.Engine - INFO - ROLLBACK
2025-11-11 10:41:20,599 - sqlalchemy.engine.Engine - INFO - BEGIN (implicit)
2025-11-11 10:41:20,599 - sqlalchemy.engine.Engine - INFO - SELECT test_executions.id AS test_executions_id, test_executions.execution_id AS test_executions_execution_id, test_executions.ticket_id AS test_executions_ticket_id, test_executions.project_id AS test_executions_project_id, test_executions.status AS test_executions_status, test_executions.overall_status AS test_executions_overall_status, test_executions.started_at AS test_executions_started_at, test_executions.completed_at AS test_executions_completed_at, test_executions.total_execution_time AS test_executions_total_execution_time, test_executions.report_path AS test_executions_report_path, test_executions.script_path AS test_executions_script_path, test_executions.video_path AS test_executions_video_path, test_executions.error_message AS test_executions_error_message 
FROM test_executions 
WHERE test_executions.execution_id = %(execution_id_1)s 
 LIMIT %(param_1)s
2025-11-11 10:41:20,599 - sqlalchemy.engine.Engine - INFO - [cached since 38.5s ago] {'execution_id_1': 'exec_RBPLCD-8889_20251111_104056', 'param_1': 1}
2025-11-11 10:41:20,599 - sqlalchemy.engine.Engine - INFO - ROLLBACK
2025-11-11 10:41:22,606 - sqlalchemy.engine.Engine - INFO - BEGIN (implicit)
2025-11-11 10:41:22,607 - sqlalchemy.engine.Engine - INFO - SELECT test_executions.id AS test_executions_id, test_executions.execution_id AS test_executions_execution_id, test_executions.ticket_id AS test_executions_ticket_id, test_executions.project_id AS test_executions_project_id, test_executions.status AS test_executions_status, test_executions.overall_status AS test_executions_overall_status, test_executions.started_at AS test_executions_started_at, test_executions.completed_at AS test_executions_completed_at, test_executions.total_execution_time AS test_executions_total_execution_time, test_executions.report_path AS test_executions_report_path, test_executions.script_path AS test_executions_script_path, test_executions.video_path AS test_executions_video_path, test_executions.error_message AS test_executions_error_message 
FROM test_executions 
WHERE test_executions.execution_id = %(execution_id_1)s 
 LIMIT %(param_1)s
2025-11-11 10:41:22,608 - sqlalchemy.engine.Engine - INFO - [cached since 40.5s ago] {'execution_id_1': 'exec_RBPLCD-8889_20251111_104056', 'param_1': 1}
2025-11-11 10:41:22,612 - sqlalchemy.engine.Engine - INFO - ROLLBACK
2025-11-11 10:41:24,601 - sqlalchemy.engine.Engine - INFO - BEGIN (implicit)
2025-11-11 10:41:24,601 - sqlalchemy.engine.Engine - INFO - SELECT test_executions.id AS test_executions_id, test_executions.execution_id AS test_executions_execution_id, test_executions.ticket_id AS test_executions_ticket_id, test_executions.project_id AS test_executions_project_id, test_executions.status AS test_executions_status, test_executions.overall_status AS test_executions_overall_status, test_executions.started_at AS test_executions_started_at, test_executions.completed_at AS test_executions_completed_at, test_executions.total_execution_time AS test_executions_total_execution_time, test_executions.report_path AS test_executions_report_path, test_executions.script_path AS test_executions_script_path, test_executions.video_path AS test_executions_video_path, test_executions.error_message AS test_executions_error_message 
FROM test_executions 
WHERE test_executions.execution_id = %(execution_id_1)s 
 LIMIT %(param_1)s
2025-11-11 10:41:24,601 - sqlalchemy.engine.Engine - INFO - [cached since 42.5s ago] {'execution_id_1': 'exec_RBPLCD-8889_20251111_104056', 'param_1': 1}
2025-11-11 10:41:24,612 - sqlalchemy.engine.Engine - INFO - ROLLBACK
2025-11-11 10:41:26,595 - sqlalchemy.engine.Engine - INFO - BEGIN (implicit)
2025-11-11 10:41:26,595 - sqlalchemy.engine.Engine - INFO - SELECT test_executions.id AS test_executions_id, test_executions.execution_id AS test_executions_execution_id, test_executions.ticket_id AS test_executions_ticket_id, test_executions.project_id AS test_executions_project_id, test_executions.status AS test_executions_status, test_executions.overall_status AS test_executions_overall_status, test_executions.started_at AS test_executions_started_at, test_executions.completed_at AS test_executions_completed_at, test_executions.total_execution_time AS test_executions_total_execution_time, test_executions.report_path AS test_executions_report_path, test_executions.script_path AS test_executions_script_path, test_executions.video_path AS test_executions_video_path, test_executions.error_message AS test_executions_error_message 
FROM test_executions 
WHERE test_executions.execution_id = %(execution_id_1)s 
 LIMIT %(param_1)s
2025-11-11 10:41:26,595 - sqlalchemy.engine.Engine - INFO - [cached since 44.5s ago] {'execution_id_1': 'exec_RBPLCD-8889_20251111_104056', 'param_1': 1}
2025-11-11 10:41:26,612 - sqlalchemy.engine.Engine - INFO - ROLLBACK
2025-11-11 10:41:28,609 - sqlalchemy.engine.Engine - INFO - BEGIN (implicit)
2025-11-11 10:41:28,609 - sqlalchemy.engine.Engine - INFO - SELECT test_executions.id AS test_executions_id, test_executions.execution_id AS test_executions_execution_id, test_executions.ticket_id AS test_executions_ticket_id, test_executions.project_id AS test_executions_project_id, test_executions.status AS test_executions_status, test_executions.overall_status AS test_executions_overall_status, test_executions.started_at AS test_executions_started_at, test_executions.completed_at AS test_executions_completed_at, test_executions.total_execution_time AS test_executions_total_execution_time, test_executions.report_path AS test_executions_report_path, test_executions.script_path AS test_executions_script_path, test_executions.video_path AS test_executions_video_path, test_executions.error_message AS test_executions_error_message 
FROM test_executions 
WHERE test_executions.execution_id = %(execution_id_1)s 
 LIMIT %(param_1)s
2025-11-11 10:41:28,609 - sqlalchemy.engine.Engine - INFO - [cached since 46.5s ago] {'execution_id_1': 'exec_RBPLCD-8889_20251111_104056', 'param_1': 1}
2025-11-11 10:41:28,609 - sqlalchemy.engine.Engine - INFO - ROLLBACK
2025-11-11 10:41:30,057 - sqlalchemy.engine.Engine - INFO - BEGIN (implicit)
2025-11-11 10:41:30,057 - sqlalchemy.engine.Engine - INFO - SELECT test_executions.id AS test_executions_id, test_executions.execution_id AS test_executions_execution_id, test_executions.ticket_id AS test_executions_ticket_id, test_executions.project_id AS test_executions_project_id, test_executions.status AS test_executions_status, test_executions.overall_status AS test_executions_overall_status, test_executions.started_at AS test_executions_started_at, test_executions.completed_at AS test_executions_completed_at, test_executions.total_execution_time AS test_executions_total_execution_time, test_executions.report_path AS test_executions_report_path, test_executions.script_path AS test_executions_script_path, test_executions.video_path AS test_executions_video_path, test_executions.error_message AS test_executions_error_message 
FROM test_executions 
WHERE test_executions.execution_id = %(execution_id_1)s 
 LIMIT %(param_1)s
2025-11-11 10:41:30,057 - sqlalchemy.engine.Engine - INFO - [cached since 47.96s ago] {'execution_id_1': 'exec_RBPLCD-8889_20251111_104056', 'param_1': 1}
2025-11-11 10:41:30,072 - sqlalchemy.engine.Engine - INFO - ROLLBACK
2025-11-11 10:41:32,058 - sqlalchemy.engine.Engine - INFO - BEGIN (implicit)
2025-11-11 10:41:32,059 - sqlalchemy.engine.Engine - INFO - SELECT test_executions.id AS test_executions_id, test_executions.execution_id AS test_executions_execution_id, test_executions.ticket_id AS test_executions_ticket_id, test_executions.project_id AS test_executions_project_id, test_executions.status AS test_executions_status, test_executions.overall_status AS test_executions_overall_status, test_executions.started_at AS test_executions_started_at, test_executions.completed_at AS test_executions_completed_at, test_executions.total_execution_time AS test_executions_total_execution_time, test_executions.report_path AS test_executions_report_path, test_executions.script_path AS test_executions_script_path, test_executions.video_path AS test_executions_video_path, test_executions.error_message AS test_executions_error_message 
FROM test_executions 
WHERE test_executions.execution_id = %(execution_id_1)s 
 LIMIT %(param_1)s
2025-11-11 10:41:32,060 - sqlalchemy.engine.Engine - INFO - [cached since 49.95s ago] {'execution_id_1': 'exec_RBPLCD-8889_20251111_104056', 'param_1': 1}
2025-11-11 10:41:32,063 - sqlalchemy.engine.Engine - INFO - ROLLBACK
2025-11-11 10:41:34,062 - sqlalchemy.engine.Engine - INFO - BEGIN (implicit)
2025-11-11 10:41:34,062 - sqlalchemy.engine.Engine - INFO - SELECT test_executions.id AS test_executions_id, test_executions.execution_id AS test_executions_execution_id, test_executions.ticket_id AS test_executions_ticket_id, test_executions.project_id AS test_executions_project_id, test_executions.status AS test_executions_status, test_executions.overall_status AS test_executions_overall_status, test_executions.started_at AS test_executions_started_at, test_executions.completed_at AS test_executions_completed_at, test_executions.total_execution_time AS test_executions_total_execution_time, test_executions.report_path AS test_executions_report_path, test_executions.script_path AS test_executions_script_path, test_executions.video_path AS test_executions_video_path, test_executions.error_message AS test_executions_error_message 
FROM test_executions 
WHERE test_executions.execution_id = %(execution_id_1)s 
 LIMIT %(param_1)s
2025-11-11 10:41:34,062 - sqlalchemy.engine.Engine - INFO - [cached since 51.95s ago] {'execution_id_1': 'exec_RBPLCD-8889_20251111_104056', 'param_1': 1}
2025-11-11 10:41:34,062 - sqlalchemy.engine.Engine - INFO - ROLLBACK
2025-11-11 10:41:36,058 - sqlalchemy.engine.Engine - INFO - BEGIN (implicit)
2025-11-11 10:41:36,060 - sqlalchemy.engine.Engine - INFO - SELECT test_executions.id AS test_executions_id, test_executions.execution_id AS test_executions_execution_id, test_executions.ticket_id AS test_executions_ticket_id, test_executions.project_id AS test_executions_project_id, test_executions.status AS test_executions_status, test_executions.overall_status AS test_executions_overall_status, test_executions.started_at AS test_executions_started_at, test_executions.completed_at AS test_executions_completed_at, test_executions.total_execution_time AS test_executions_total_execution_time, test_executions.report_path AS test_executions_report_path, test_executions.script_path AS test_executions_script_path, test_executions.video_path AS test_executions_video_path, test_executions.error_message AS test_executions_error_message 
FROM test_executions 
WHERE test_executions.execution_id = %(execution_id_1)s 
 LIMIT %(param_1)s
2025-11-11 10:41:36,061 - sqlalchemy.engine.Engine - INFO - [cached since 53.95s ago] {'execution_id_1': 'exec_RBPLCD-8889_20251111_104056', 'param_1': 1}
2025-11-11 10:41:36,065 - sqlalchemy.engine.Engine - INFO - ROLLBACK
2025-11-11 10:41:38,057 - sqlalchemy.engine.Engine - INFO - BEGIN (implicit)
2025-11-11 10:41:38,058 - sqlalchemy.engine.Engine - INFO - SELECT test_executions.id AS test_executions_id, test_executions.execution_id AS test_executions_execution_id, test_executions.ticket_id AS test_executions_ticket_id, test_executions.project_id AS test_executions_project_id, test_executions.status AS test_executions_status, test_executions.overall_status AS test_executions_overall_status, test_executions.started_at AS test_executions_started_at, test_executions.completed_at AS test_executions_completed_at, test_executions.total_execution_time AS test_executions_total_execution_time, test_executions.report_path AS test_executions_report_path, test_executions.script_path AS test_executions_script_path, test_executions.video_path AS test_executions_video_path, test_executions.error_message AS test_executions_error_message 
FROM test_executions 
WHERE test_executions.execution_id = %(execution_id_1)s 
 LIMIT %(param_1)s
2025-11-11 10:41:38,059 - sqlalchemy.engine.Engine - INFO - [cached since 55.95s ago] {'execution_id_1': 'exec_RBPLCD-8889_20251111_104056', 'param_1': 1}
2025-11-11 10:41:38,063 - sqlalchemy.engine.Engine - INFO - ROLLBACK
2025-11-11 10:41:40,055 - sqlalchemy.engine.Engine - INFO - BEGIN (implicit)
2025-11-11 10:41:40,056 - sqlalchemy.engine.Engine - INFO - SELECT test_executions.id AS test_executions_id, test_executions.execution_id AS test_executions_execution_id, test_executions.ticket_id AS test_executions_ticket_id, test_executions.project_id AS test_executions_project_id, test_executions.status AS test_executions_status, test_executions.overall_status AS test_executions_overall_status, test_executions.started_at AS test_executions_started_at, test_executions.completed_at AS test_executions_completed_at, test_executions.total_execution_time AS test_executions_total_execution_time, test_executions.report_path AS test_executions_report_path, test_executions.script_path AS test_executions_script_path, test_executions.video_path AS test_executions_video_path, test_executions.error_message AS test_executions_error_message 
FROM test_executions 
WHERE test_executions.execution_id = %(execution_id_1)s 
 LIMIT %(param_1)s
2025-11-11 10:41:40,056 - sqlalchemy.engine.Engine - INFO - [cached since 57.95s ago] {'execution_id_1': 'exec_RBPLCD-8889_20251111_104056', 'param_1': 1}
2025-11-11 10:41:40,061 - sqlalchemy.engine.Engine - INFO - ROLLBACK
2025-11-11 10:41:42,052 - sqlalchemy.engine.Engine - INFO - BEGIN (implicit)
2025-11-11 10:41:42,053 - sqlalchemy.engine.Engine - INFO - SELECT test_executions.id AS test_executions_id, test_executions.execution_id AS test_executions_execution_id, test_executions.ticket_id AS test_executions_ticket_id, test_executions.project_id AS test_executions_project_id, test_executions.status AS test_executions_status, test_executions.overall_status AS test_executions_overall_status, test_executions.started_at AS test_executions_started_at, test_executions.completed_at AS test_executions_completed_at, test_executions.total_execution_time AS test_executions_total_execution_time, test_executions.report_path AS test_executions_report_path, test_executions.script_path AS test_executions_script_path, test_executions.video_path AS test_executions_video_path, test_executions.error_message AS test_executions_error_message 
FROM test_executions 
WHERE test_executions.execution_id = %(execution_id_1)s 
 LIMIT %(param_1)s
2025-11-11 10:41:42,055 - sqlalchemy.engine.Engine - INFO - [cached since 59.94s ago] {'execution_id_1': 'exec_RBPLCD-8889_20251111_104056', 'param_1': 1}
2025-11-11 10:41:42,059 - sqlalchemy.engine.Engine - INFO - ROLLBACK
2025-11-11 10:41:44,067 - sqlalchemy.engine.Engine - INFO - BEGIN (implicit)
2025-11-11 10:41:44,069 - sqlalchemy.engine.Engine - INFO - SELECT test_executions.id AS test_executions_id, test_executions.execution_id AS test_executions_execution_id, test_executions.ticket_id AS test_executions_ticket_id, test_executions.project_id AS test_executions_project_id, test_executions.status AS test_executions_status, test_executions.overall_status AS test_executions_overall_status, test_executions.started_at AS test_executions_started_at, test_executions.completed_at AS test_executions_completed_at, test_executions.total_execution_time AS test_executions_total_execution_time, test_executions.report_path AS test_executions_report_path, test_executions.script_path AS test_executions_script_path, test_executions.video_path AS test_executions_video_path, test_executions.error_message AS test_executions_error_message 
FROM test_executions 
WHERE test_executions.execution_id = %(execution_id_1)s 
 LIMIT %(param_1)s
2025-11-11 10:41:44,070 - sqlalchemy.engine.Engine - INFO - [cached since 61.96s ago] {'execution_id_1': 'exec_RBPLCD-8889_20251111_104056', 'param_1': 1}
2025-11-11 10:41:44,074 - sqlalchemy.engine.Engine - INFO - ROLLBACK
2025-11-11 10:41:46,066 - sqlalchemy.engine.Engine - INFO - BEGIN (implicit)
2025-11-11 10:41:46,067 - sqlalchemy.engine.Engine - INFO - SELECT test_executions.id AS test_executions_id, test_executions.execution_id AS test_executions_execution_id, test_executions.ticket_id AS test_executions_ticket_id, test_executions.project_id AS test_executions_project_id, test_executions.status AS test_executions_status, test_executions.overall_status AS test_executions_overall_status, test_executions.started_at AS test_executions_started_at, test_executions.completed_at AS test_executions_completed_at, test_executions.total_execution_time AS test_executions_total_execution_time, test_executions.report_path AS test_executions_report_path, test_executions.script_path AS test_executions_script_path, test_executions.video_path AS test_executions_video_path, test_executions.error_message AS test_executions_error_message 
FROM test_executions 
WHERE test_executions.execution_id = %(execution_id_1)s 
 LIMIT %(param_1)s
2025-11-11 10:41:46,069 - sqlalchemy.engine.Engine - INFO - [cached since 63.96s ago] {'execution_id_1': 'exec_RBPLCD-8889_20251111_104056', 'param_1': 1}
2025-11-11 10:41:46,072 - sqlalchemy.engine.Engine - INFO - ROLLBACK
2025-11-11 10:41:48,061 - sqlalchemy.engine.Engine - INFO - BEGIN (implicit)
2025-11-11 10:41:48,062 - sqlalchemy.engine.Engine - INFO - SELECT test_executions.id AS test_executions_id, test_executions.execution_id AS test_executions_execution_id, test_executions.ticket_id AS test_executions_ticket_id, test_executions.project_id AS test_executions_project_id, test_executions.status AS test_executions_status, test_executions.overall_status AS test_executions_overall_status, test_executions.started_at AS test_executions_started_at, test_executions.completed_at AS test_executions_completed_at, test_executions.total_execution_time AS test_executions_total_execution_time, test_executions.report_path AS test_executions_report_path, test_executions.script_path AS test_executions_script_path, test_executions.video_path AS test_executions_video_path, test_executions.error_message AS test_executions_error_message 
FROM test_executions 
WHERE test_executions.execution_id = %(execution_id_1)s 
 LIMIT %(param_1)s
2025-11-11 10:41:48,064 - sqlalchemy.engine.Engine - INFO - [cached since 65.95s ago] {'execution_id_1': 'exec_RBPLCD-8889_20251111_104056', 'param_1': 1}
2025-11-11 10:41:48,067 - sqlalchemy.engine.Engine - INFO - ROLLBACK
2025-11-11 10:41:50,063 - sqlalchemy.engine.Engine - INFO - BEGIN (implicit)
2025-11-11 10:41:50,064 - sqlalchemy.engine.Engine - INFO - SELECT test_executions.id AS test_executions_id, test_executions.execution_id AS test_executions_execution_id, test_executions.ticket_id AS test_executions_ticket_id, test_executions.project_id AS test_executions_project_id, test_executions.status AS test_executions_status, test_executions.overall_status AS test_executions_overall_status, test_executions.started_at AS test_executions_started_at, test_executions.completed_at AS test_executions_completed_at, test_executions.total_execution_time AS test_executions_total_execution_time, test_executions.report_path AS test_executions_report_path, test_executions.script_path AS test_executions_script_path, test_executions.video_path AS test_executions_video_path, test_executions.error_message AS test_executions_error_message 
FROM test_executions 
WHERE test_executions.execution_id = %(execution_id_1)s 
 LIMIT %(param_1)s
2025-11-11 10:41:50,065 - sqlalchemy.engine.Engine - INFO - [cached since 67.95s ago] {'execution_id_1': 'exec_RBPLCD-8889_20251111_104056', 'param_1': 1}
2025-11-11 10:41:50,068 - sqlalchemy.engine.Engine - INFO - ROLLBACK
2025-11-11 10:41:52,060 - sqlalchemy.engine.Engine - INFO - BEGIN (implicit)
2025-11-11 10:41:52,061 - sqlalchemy.engine.Engine - INFO - SELECT test_executions.id AS test_executions_id, test_executions.execution_id AS test_executions_execution_id, test_executions.ticket_id AS test_executions_ticket_id, test_executions.project_id AS test_executions_project_id, test_executions.status AS test_executions_status, test_executions.overall_status AS test_executions_overall_status, test_executions.started_at AS test_executions_started_at, test_executions.completed_at AS test_executions_completed_at, test_executions.total_execution_time AS test_executions_total_execution_time, test_executions.report_path AS test_executions_report_path, test_executions.script_path AS test_executions_script_path, test_executions.video_path AS test_executions_video_path, test_executions.error_message AS test_executions_error_message 
FROM test_executions 
WHERE test_executions.execution_id = %(execution_id_1)s 
 LIMIT %(param_1)s
2025-11-11 10:41:52,063 - sqlalchemy.engine.Engine - INFO - [cached since 69.95s ago] {'execution_id_1': 'exec_RBPLCD-8889_20251111_104056', 'param_1': 1}
2025-11-11 10:41:52,067 - sqlalchemy.engine.Engine - INFO - ROLLBACK
2025-11-11 10:41:54,058 - sqlalchemy.engine.Engine - INFO - BEGIN (implicit)
2025-11-11 10:41:54,058 - sqlalchemy.engine.Engine - INFO - SELECT test_executions.id AS test_executions_id, test_executions.execution_id AS test_executions_execution_id, test_executions.ticket_id AS test_executions_ticket_id, test_executions.project_id AS test_executions_project_id, test_executions.status AS test_executions_status, test_executions.overall_status AS test_executions_overall_status, test_executions.started_at AS test_executions_started_at, test_executions.completed_at AS test_executions_completed_at, test_executions.total_execution_time AS test_executions_total_execution_time, test_executions.report_path AS test_executions_report_path, test_executions.script_path AS test_executions_script_path, test_executions.video_path AS test_executions_video_path, test_executions.error_message AS test_executions_error_message 
FROM test_executions 
WHERE test_executions.execution_id = %(execution_id_1)s 
 LIMIT %(param_1)s
2025-11-11 10:41:54,060 - sqlalchemy.engine.Engine - INFO - [cached since 71.95s ago] {'execution_id_1': 'exec_RBPLCD-8889_20251111_104056', 'param_1': 1}
2025-11-11 10:41:54,064 - sqlalchemy.engine.Engine - INFO - ROLLBACK
2025-11-11 10:41:56,057 - sqlalchemy.engine.Engine - INFO - BEGIN (implicit)
2025-11-11 10:41:56,058 - sqlalchemy.engine.Engine - INFO - SELECT test_executions.id AS test_executions_id, test_executions.execution_id AS test_executions_execution_id, test_executions.ticket_id AS test_executions_ticket_id, test_executions.project_id AS test_executions_project_id, test_executions.status AS test_executions_status, test_executions.overall_status AS test_executions_overall_status, test_executions.started_at AS test_executions_started_at, test_executions.completed_at AS test_executions_completed_at, test_executions.total_execution_time AS test_executions_total_execution_time, test_executions.report_path AS test_executions_report_path, test_executions.script_path AS test_executions_script_path, test_executions.video_path AS test_executions_video_path, test_executions.error_message AS test_executions_error_message 
FROM test_executions 
WHERE test_executions.execution_id = %(execution_id_1)s 
 LIMIT %(param_1)s
2025-11-11 10:41:56,060 - sqlalchemy.engine.Engine - INFO - [cached since 73.95s ago] {'execution_id_1': 'exec_RBPLCD-8889_20251111_104056', 'param_1': 1}
2025-11-11 10:41:56,063 - sqlalchemy.engine.Engine - INFO - ROLLBACK
2025-11-11 10:41:58,057 - sqlalchemy.engine.Engine - INFO - BEGIN (implicit)
2025-11-11 10:41:58,058 - sqlalchemy.engine.Engine - INFO - SELECT test_executions.id AS test_executions_id, test_executions.execution_id AS test_executions_execution_id, test_executions.ticket_id AS test_executions_ticket_id, test_executions.project_id AS test_executions_project_id, test_executions.status AS test_executions_status, test_executions.overall_status AS test_executions_overall_status, test_executions.started_at AS test_executions_started_at, test_executions.completed_at AS test_executions_completed_at, test_executions.total_execution_time AS test_executions_total_execution_time, test_executions.report_path AS test_executions_report_path, test_executions.script_path AS test_executions_script_path, test_executions.video_path AS test_executions_video_path, test_executions.error_message AS test_executions_error_message 
FROM test_executions 
WHERE test_executions.execution_id = %(execution_id_1)s 
 LIMIT %(param_1)s
2025-11-11 10:41:58,059 - sqlalchemy.engine.Engine - INFO - [cached since 75.95s ago] {'execution_id_1': 'exec_RBPLCD-8889_20251111_104056', 'param_1': 1}
2025-11-11 10:41:58,062 - sqlalchemy.engine.Engine - INFO - ROLLBACK
2025-11-11 10:42:00,054 - sqlalchemy.engine.Engine - INFO - BEGIN (implicit)
2025-11-11 10:42:00,055 - sqlalchemy.engine.Engine - INFO - SELECT test_executions.id AS test_executions_id, test_executions.execution_id AS test_executions_execution_id, test_executions.ticket_id AS test_executions_ticket_id, test_executions.project_id AS test_executions_project_id, test_executions.status AS test_executions_status, test_executions.overall_status AS test_executions_overall_status, test_executions.started_at AS test_executions_started_at, test_executions.completed_at AS test_executions_completed_at, test_executions.total_execution_time AS test_executions_total_execution_time, test_executions.report_path AS test_executions_report_path, test_executions.script_path AS test_executions_script_path, test_executions.video_path AS test_executions_video_path, test_executions.error_message AS test_executions_error_message 
FROM test_executions 
WHERE test_executions.execution_id = %(execution_id_1)s 
 LIMIT %(param_1)s
2025-11-11 10:42:00,056 - sqlalchemy.engine.Engine - INFO - [cached since 77.95s ago] {'execution_id_1': 'exec_RBPLCD-8889_20251111_104056', 'param_1': 1}
2025-11-11 10:42:00,060 - sqlalchemy.engine.Engine - INFO - ROLLBACK
2025-11-11 10:42:02,053 - sqlalchemy.engine.Engine - INFO - BEGIN (implicit)
2025-11-11 10:42:02,054 - sqlalchemy.engine.Engine - INFO - SELECT test_executions.id AS test_executions_id, test_executions.execution_id AS test_executions_execution_id, test_executions.ticket_id AS test_executions_ticket_id, test_executions.project_id AS test_executions_project_id, test_executions.status AS test_executions_status, test_executions.overall_status AS test_executions_overall_status, test_executions.started_at AS test_executions_started_at, test_executions.completed_at AS test_executions_completed_at, test_executions.total_execution_time AS test_executions_total_execution_time, test_executions.report_path AS test_executions_report_path, test_executions.script_path AS test_executions_script_path, test_executions.video_path AS test_executions_video_path, test_executions.error_message AS test_executions_error_message 
FROM test_executions 
WHERE test_executions.execution_id = %(execution_id_1)s 
 LIMIT %(param_1)s
2025-11-11 10:42:02,055 - sqlalchemy.engine.Engine - INFO - [cached since 79.94s ago] {'execution_id_1': 'exec_RBPLCD-8889_20251111_104056', 'param_1': 1}
2025-11-11 10:42:02,058 - sqlalchemy.engine.Engine - INFO - ROLLBACK
2025-11-11 10:42:04,066 - sqlalchemy.engine.Engine - INFO - BEGIN (implicit)
2025-11-11 10:42:04,067 - sqlalchemy.engine.Engine - INFO - SELECT test_executions.id AS test_executions_id, test_executions.execution_id AS test_executions_execution_id, test_executions.ticket_id AS test_executions_ticket_id, test_executions.project_id AS test_executions_project_id, test_executions.status AS test_executions_status, test_executions.overall_status AS test_executions_overall_status, test_executions.started_at AS test_executions_started_at, test_executions.completed_at AS test_executions_completed_at, test_executions.total_execution_time AS test_executions_total_execution_time, test_executions.report_path AS test_executions_report_path, test_executions.script_path AS test_executions_script_path, test_executions.video_path AS test_executions_video_path, test_executions.error_message AS test_executions_error_message 
FROM test_executions 
WHERE test_executions.execution_id = %(execution_id_1)s 
 LIMIT %(param_1)s
2025-11-11 10:42:04,069 - sqlalchemy.engine.Engine - INFO - [cached since 81.96s ago] {'execution_id_1': 'exec_RBPLCD-8889_20251111_104056', 'param_1': 1}
2025-11-11 10:42:04,074 - sqlalchemy.engine.Engine - INFO - ROLLBACK
2025-11-11 10:42:06,062 - sqlalchemy.engine.Engine - INFO - BEGIN (implicit)
2025-11-11 10:42:06,063 - sqlalchemy.engine.Engine - INFO - SELECT test_executions.id AS test_executions_id, test_executions.execution_id AS test_executions_execution_id, test_executions.ticket_id AS test_executions_ticket_id, test_executions.project_id AS test_executions_project_id, test_executions.status AS test_executions_status, test_executions.overall_status AS test_executions_overall_status, test_executions.started_at AS test_executions_started_at, test_executions.completed_at AS test_executions_completed_at, test_executions.total_execution_time AS test_executions_total_execution_time, test_executions.report_path AS test_executions_report_path, test_executions.script_path AS test_executions_script_path, test_executions.video_path AS test_executions_video_path, test_executions.error_message AS test_executions_error_message 
FROM test_executions 
WHERE test_executions.execution_id = %(execution_id_1)s 
 LIMIT %(param_1)s
2025-11-11 10:42:06,066 - sqlalchemy.engine.Engine - INFO - [cached since 83.96s ago] {'execution_id_1': 'exec_RBPLCD-8889_20251111_104056', 'param_1': 1}
2025-11-11 10:42:06,070 - sqlalchemy.engine.Engine - INFO - ROLLBACK
2025-11-11 10:42:08,064 - sqlalchemy.engine.Engine - INFO - BEGIN (implicit)
2025-11-11 10:42:08,065 - sqlalchemy.engine.Engine - INFO - SELECT test_executions.id AS test_executions_id, test_executions.execution_id AS test_executions_execution_id, test_executions.ticket_id AS test_executions_ticket_id, test_executions.project_id AS test_executions_project_id, test_executions.status AS test_executions_status, test_executions.overall_status AS test_executions_overall_status, test_executions.started_at AS test_executions_started_at, test_executions.completed_at AS test_executions_completed_at, test_executions.total_execution_time AS test_executions_total_execution_time, test_executions.report_path AS test_executions_report_path, test_executions.script_path AS test_executions_script_path, test_executions.video_path AS test_executions_video_path, test_executions.error_message AS test_executions_error_message 
FROM test_executions 
WHERE test_executions.execution_id = %(execution_id_1)s 
 LIMIT %(param_1)s
2025-11-11 10:42:08,066 - sqlalchemy.engine.Engine - INFO - [cached since 85.96s ago] {'execution_id_1': 'exec_RBPLCD-8889_20251111_104056', 'param_1': 1}
2025-11-11 10:42:08,071 - sqlalchemy.engine.Engine - INFO - ROLLBACK
2025-11-11 10:42:10,060 - sqlalchemy.engine.Engine - INFO - BEGIN (implicit)
2025-11-11 10:42:10,060 - sqlalchemy.engine.Engine - INFO - SELECT test_executions.id AS test_executions_id, test_executions.execution_id AS test_executions_execution_id, test_executions.ticket_id AS test_executions_ticket_id, test_executions.project_id AS test_executions_project_id, test_executions.status AS test_executions_status, test_executions.overall_status AS test_executions_overall_status, test_executions.started_at AS test_executions_started_at, test_executions.completed_at AS test_executions_completed_at, test_executions.total_execution_time AS test_executions_total_execution_time, test_executions.report_path AS test_executions_report_path, test_executions.script_path AS test_executions_script_path, test_executions.video_path AS test_executions_video_path, test_executions.error_message AS test_executions_error_message 
FROM test_executions 
WHERE test_executions.execution_id = %(execution_id_1)s 
 LIMIT %(param_1)s
2025-11-11 10:42:10,061 - sqlalchemy.engine.Engine - INFO - [cached since 87.95s ago] {'execution_id_1': 'exec_RBPLCD-8889_20251111_104056', 'param_1': 1}
2025-11-11 10:42:10,064 - sqlalchemy.engine.Engine - INFO - ROLLBACK
2025-11-11 10:42:12,056 - sqlalchemy.engine.Engine - INFO - BEGIN (implicit)
2025-11-11 10:42:12,056 - sqlalchemy.engine.Engine - INFO - SELECT test_executions.id AS test_executions_id, test_executions.execution_id AS test_executions_execution_id, test_executions.ticket_id AS test_executions_ticket_id, test_executions.project_id AS test_executions_project_id, test_executions.status AS test_executions_status, test_executions.overall_status AS test_executions_overall_status, test_executions.started_at AS test_executions_started_at, test_executions.completed_at AS test_executions_completed_at, test_executions.total_execution_time AS test_executions_total_execution_time, test_executions.report_path AS test_executions_report_path, test_executions.script_path AS test_executions_script_path, test_executions.video_path AS test_executions_video_path, test_executions.error_message AS test_executions_error_message 
FROM test_executions 
WHERE test_executions.execution_id = %(execution_id_1)s 
 LIMIT %(param_1)s
2025-11-11 10:42:12,056 - sqlalchemy.engine.Engine - INFO - [cached since 89.95s ago] {'execution_id_1': 'exec_RBPLCD-8889_20251111_104056', 'param_1': 1}
2025-11-11 10:42:12,056 - sqlalchemy.engine.Engine - INFO - ROLLBACK
2025-11-12 10:59:58,488 - sqlalchemy.engine.Engine - INFO - BEGIN (implicit)
2025-11-12 10:59:58,505 - sqlalchemy.engine.Engine - INFO - SELECT tickets.id AS tickets_id, tickets.ticket_id AS tickets_ticket_id, tickets.project_id AS tickets_project_id, tickets.title AS tickets_title, tickets.module AS tickets_module, tickets.description AS tickets_description, tickets.acceptance_criteria AS tickets_acceptance_criteria, tickets.file_path AS tickets_file_path, tickets.created_at AS tickets_created_at 
FROM tickets 
WHERE tickets.ticket_id = %(ticket_id_1)s 
 LIMIT %(param_1)s
2025-11-12 10:59:58,505 - sqlalchemy.engine.Engine - INFO - [cached since 8.755e+04s ago] {'ticket_id_1': 'RBPLCD-8889', 'param_1': 1}
2025-11-12 10:59:58,591 - sqlalchemy.engine.Engine - INFO - ROLLBACK
2025-11-12 11:00:01,326 - sqlalchemy.engine.Engine - INFO - BEGIN (implicit)
2025-11-12 11:00:01,326 - sqlalchemy.engine.Engine - INFO - SELECT tickets.id AS tickets_id, tickets.ticket_id AS tickets_ticket_id, tickets.project_id AS tickets_project_id, tickets.title AS tickets_title, tickets.module AS tickets_module, tickets.description AS tickets_description, tickets.acceptance_criteria AS tickets_acceptance_criteria, tickets.file_path AS tickets_file_path, tickets.created_at AS tickets_created_at 
FROM tickets 
WHERE tickets.ticket_id = %(ticket_id_1)s 
 LIMIT %(param_1)s
2025-11-12 11:00:01,326 - sqlalchemy.engine.Engine - INFO - [cached since 8.756e+04s ago] {'ticket_id_1': 'RBPLCD-8889', 'param_1': 1}
2025-11-12 11:00:01,343 - sqlalchemy.engine.Engine - INFO - INSERT INTO test_executions (execution_id, ticket_id, project_id, status, overall_status, started_at, completed_at, total_execution_time, report_path, script_path, video_path, error_message) VALUES (%(execution_id)s, %(ticket_id)s, %(project_id)s, %(status)s, %(overall_status)s, %(started_at)s, %(completed_at)s, %(total_execution_time)s, %(report_path)s, %(script_path)s, %(video_path)s, %(error_message)s) RETURNING test_executions.id
2025-11-12 11:00:01,348 - sqlalchemy.engine.Engine - INFO - [cached since 8.755e+04s ago] {'execution_id': 'exec_RBPLCD-8889_20251112_110001', 'ticket_id': 'RBPLCD-8889', 'project_id': 1, 'status': 'running', 'overall_status': None, 'started_at': datetime.datetime(2025, 11, 12, 11, 0, 1, 336814), 'completed_at': None, 'total_execution_time': None, 'report_path': None, 'script_path': None, 'video_path': None, 'error_message': None}
2025-11-12 11:00:01,356 - sqlalchemy.engine.Engine - INFO - COMMIT
2025-11-12 11:00:01,357 - sqlalchemy.engine.Engine - INFO - BEGIN (implicit)
2025-11-12 11:00:01,357 - sqlalchemy.engine.Engine - INFO - SELECT test_executions.id, test_executions.execution_id, test_executions.ticket_id, test_executions.project_id, test_executions.status, test_executions.overall_status, test_executions.started_at, test_executions.completed_at, test_executions.total_execution_time, test_executions.report_path, test_executions.script_path, test_executions.video_path, test_executions.error_message 
FROM test_executions 
WHERE test_executions.id = %(pk_1)s
2025-11-12 11:00:01,363 - sqlalchemy.engine.Engine - INFO - [cached since 8.755e+04s ago] {'pk_1': 8}
2025-11-12 11:00:01,363 - TestExecutionService - INFO - Created execution record: exec_RBPLCD-8889_20251112_110001
2025-11-12 11:00:01,363 - sqlalchemy.engine.Engine - INFO - SELECT tickets.id AS tickets_id, tickets.ticket_id AS tickets_ticket_id, tickets.project_id AS tickets_project_id, tickets.title AS tickets_title, tickets.module AS tickets_module, tickets.description AS tickets_description, tickets.acceptance_criteria AS tickets_acceptance_criteria, tickets.file_path AS tickets_file_path, tickets.created_at AS tickets_created_at 
FROM tickets 
WHERE tickets.id = %(pk_1)s
2025-11-12 11:00:01,363 - sqlalchemy.engine.Engine - INFO - [cached since 8.755e+04s ago] {'pk_1': 1}
2025-11-12 11:00:01,372 - sqlalchemy.engine.Engine - INFO - ROLLBACK
2025-11-12 11:00:03,384 - sqlalchemy.engine.Engine - INFO - BEGIN (implicit)
2025-11-12 11:00:03,384 - sqlalchemy.engine.Engine - INFO - SELECT test_executions.id AS test_executions_id, test_executions.execution_id AS test_executions_execution_id, test_executions.ticket_id AS test_executions_ticket_id, test_executions.project_id AS test_executions_project_id, test_executions.status AS test_executions_status, test_executions.overall_status AS test_executions_overall_status, test_executions.started_at AS test_executions_started_at, test_executions.completed_at AS test_executions_completed_at, test_executions.total_execution_time AS test_executions_total_execution_time, test_executions.report_path AS test_executions_report_path, test_executions.script_path AS test_executions_script_path, test_executions.video_path AS test_executions_video_path, test_executions.error_message AS test_executions_error_message 
FROM test_executions 
WHERE test_executions.execution_id = %(execution_id_1)s 
 LIMIT %(param_1)s
2025-11-12 11:00:03,384 - sqlalchemy.engine.Engine - INFO - [cached since 8.757e+04s ago] {'execution_id_1': 'exec_RBPLCD-8889_20251112_110001', 'param_1': 1}
2025-11-12 11:00:03,404 - sqlalchemy.engine.Engine - INFO - ROLLBACK
2025-11-12 11:00:05,389 - sqlalchemy.engine.Engine - INFO - BEGIN (implicit)
2025-11-12 11:00:05,389 - sqlalchemy.engine.Engine - INFO - SELECT test_executions.id AS test_executions_id, test_executions.execution_id AS test_executions_execution_id, test_executions.ticket_id AS test_executions_ticket_id, test_executions.project_id AS test_executions_project_id, test_executions.status AS test_executions_status, test_executions.overall_status AS test_executions_overall_status, test_executions.started_at AS test_executions_started_at, test_executions.completed_at AS test_executions_completed_at, test_executions.total_execution_time AS test_executions_total_execution_time, test_executions.report_path AS test_executions_report_path, test_executions.script_path AS test_executions_script_path, test_executions.video_path AS test_executions_video_path, test_executions.error_message AS test_executions_error_message 
FROM test_executions 
WHERE test_executions.execution_id = %(execution_id_1)s 
 LIMIT %(param_1)s
2025-11-12 11:00:05,400 - sqlalchemy.engine.Engine - INFO - [cached since 8.757e+04s ago] {'execution_id_1': 'exec_RBPLCD-8889_20251112_110001', 'param_1': 1}
2025-11-12 11:00:05,406 - sqlalchemy.engine.Engine - INFO - ROLLBACK
2025-11-12 11:00:07,429 - sqlalchemy.engine.Engine - INFO - BEGIN (implicit)
2025-11-12 11:00:07,433 - sqlalchemy.engine.Engine - INFO - SELECT test_executions.id AS test_executions_id, test_executions.execution_id AS test_executions_execution_id, test_executions.ticket_id AS test_executions_ticket_id, test_executions.project_id AS test_executions_project_id, test_executions.status AS test_executions_status, test_executions.overall_status AS test_executions_overall_status, test_executions.started_at AS test_executions_started_at, test_executions.completed_at AS test_executions_completed_at, test_executions.total_execution_time AS test_executions_total_execution_time, test_executions.report_path AS test_executions_report_path, test_executions.script_path AS test_executions_script_path, test_executions.video_path AS test_executions_video_path, test_executions.error_message AS test_executions_error_message 
FROM test_executions 
WHERE test_executions.execution_id = %(execution_id_1)s 
 LIMIT %(param_1)s
2025-11-12 11:00:07,447 - sqlalchemy.engine.Engine - INFO - [cached since 8.757e+04s ago] {'execution_id_1': 'exec_RBPLCD-8889_20251112_110001', 'param_1': 1}
2025-11-12 11:00:07,455 - sqlalchemy.engine.Engine - INFO - ROLLBACK
2025-11-12 11:00:09,383 - sqlalchemy.engine.Engine - INFO - BEGIN (implicit)
2025-11-12 11:00:09,383 - sqlalchemy.engine.Engine - INFO - SELECT test_executions.id AS test_executions_id, test_executions.execution_id AS test_executions_execution_id, test_executions.ticket_id AS test_executions_ticket_id, test_executions.project_id AS test_executions_project_id, test_executions.status AS test_executions_status, test_executions.overall_status AS test_executions_overall_status, test_executions.started_at AS test_executions_started_at, test_executions.completed_at AS test_executions_completed_at, test_executions.total_execution_time AS test_executions_total_execution_time, test_executions.report_path AS test_executions_report_path, test_executions.script_path AS test_executions_script_path, test_executions.video_path AS test_executions_video_path, test_executions.error_message AS test_executions_error_message 
FROM test_executions 
WHERE test_executions.execution_id = %(execution_id_1)s 
 LIMIT %(param_1)s
2025-11-12 11:00:09,391 - sqlalchemy.engine.Engine - INFO - [cached since 8.758e+04s ago] {'execution_id_1': 'exec_RBPLCD-8889_20251112_110001', 'param_1': 1}
2025-11-12 11:00:09,395 - sqlalchemy.engine.Engine - INFO - ROLLBACK
2025-11-12 11:00:11,696 - sqlalchemy.engine.Engine - INFO - BEGIN (implicit)
2025-11-12 11:00:11,696 - sqlalchemy.engine.Engine - INFO - SELECT test_executions.id AS test_executions_id, test_executions.execution_id AS test_executions_execution_id, test_executions.ticket_id AS test_executions_ticket_id, test_executions.project_id AS test_executions_project_id, test_executions.status AS test_executions_status, test_executions.overall_status AS test_executions_overall_status, test_executions.started_at AS test_executions_started_at, test_executions.completed_at AS test_executions_completed_at, test_executions.total_execution_time AS test_executions_total_execution_time, test_executions.report_path AS test_executions_report_path, test_executions.script_path AS test_executions_script_path, test_executions.video_path AS test_executions_video_path, test_executions.error_message AS test_executions_error_message 
FROM test_executions 
WHERE test_executions.execution_id = %(execution_id_1)s 
 LIMIT %(param_1)s
2025-11-12 11:00:11,696 - sqlalchemy.engine.Engine - INFO - [cached since 8.758e+04s ago] {'execution_id_1': 'exec_RBPLCD-8889_20251112_110001', 'param_1': 1}
2025-11-12 11:00:11,696 - sqlalchemy.engine.Engine - INFO - ROLLBACK
2025-11-12 11:00:13,378 - sqlalchemy.engine.Engine - INFO - BEGIN (implicit)
2025-11-12 11:00:13,378 - sqlalchemy.engine.Engine - INFO - SELECT test_executions.id AS test_executions_id, test_executions.execution_id AS test_executions_execution_id, test_executions.ticket_id AS test_executions_ticket_id, test_executions.project_id AS test_executions_project_id, test_executions.status AS test_executions_status, test_executions.overall_status AS test_executions_overall_status, test_executions.started_at AS test_executions_started_at, test_executions.completed_at AS test_executions_completed_at, test_executions.total_execution_time AS test_executions_total_execution_time, test_executions.report_path AS test_executions_report_path, test_executions.script_path AS test_executions_script_path, test_executions.video_path AS test_executions_video_path, test_executions.error_message AS test_executions_error_message 
FROM test_executions 
WHERE test_executions.execution_id = %(execution_id_1)s 
 LIMIT %(param_1)s
2025-11-12 11:00:13,378 - sqlalchemy.engine.Engine - INFO - [cached since 8.758e+04s ago] {'execution_id_1': 'exec_RBPLCD-8889_20251112_110001', 'param_1': 1}
2025-11-12 11:00:13,378 - sqlalchemy.engine.Engine - INFO - ROLLBACK
2025-11-12 11:00:15,381 - sqlalchemy.engine.Engine - INFO - BEGIN (implicit)
2025-11-12 11:00:15,382 - sqlalchemy.engine.Engine - INFO - SELECT test_executions.id AS test_executions_id, test_executions.execution_id AS test_executions_execution_id, test_executions.ticket_id AS test_executions_ticket_id, test_executions.project_id AS test_executions_project_id, test_executions.status AS test_executions_status, test_executions.overall_status AS test_executions_overall_status, test_executions.started_at AS test_executions_started_at, test_executions.completed_at AS test_executions_completed_at, test_executions.total_execution_time AS test_executions_total_execution_time, test_executions.report_path AS test_executions_report_path, test_executions.script_path AS test_executions_script_path, test_executions.video_path AS test_executions_video_path, test_executions.error_message AS test_executions_error_message 
FROM test_executions 
WHERE test_executions.execution_id = %(execution_id_1)s 
 LIMIT %(param_1)s
2025-11-12 11:00:15,383 - sqlalchemy.engine.Engine - INFO - [cached since 8.758e+04s ago] {'execution_id_1': 'exec_RBPLCD-8889_20251112_110001', 'param_1': 1}
2025-11-12 11:00:15,387 - sqlalchemy.engine.Engine - INFO - ROLLBACK
2025-11-12 11:00:17,397 - sqlalchemy.engine.Engine - INFO - BEGIN (implicit)
2025-11-12 11:00:17,398 - sqlalchemy.engine.Engine - INFO - SELECT test_executions.id AS test_executions_id, test_executions.execution_id AS test_executions_execution_id, test_executions.ticket_id AS test_executions_ticket_id, test_executions.project_id AS test_executions_project_id, test_executions.status AS test_executions_status, test_executions.overall_status AS test_executions_overall_status, test_executions.started_at AS test_executions_started_at, test_executions.completed_at AS test_executions_completed_at, test_executions.total_execution_time AS test_executions_total_execution_time, test_executions.report_path AS test_executions_report_path, test_executions.script_path AS test_executions_script_path, test_executions.video_path AS test_executions_video_path, test_executions.error_message AS test_executions_error_message 
FROM test_executions 
WHERE test_executions.execution_id = %(execution_id_1)s 
 LIMIT %(param_1)s
2025-11-12 11:00:17,398 - sqlalchemy.engine.Engine - INFO - [cached since 8.758e+04s ago] {'execution_id_1': 'exec_RBPLCD-8889_20251112_110001', 'param_1': 1}
2025-11-12 11:00:17,401 - sqlalchemy.engine.Engine - INFO - ROLLBACK
2025-11-12 11:00:19,391 - sqlalchemy.engine.Engine - INFO - BEGIN (implicit)
2025-11-12 11:00:19,391 - sqlalchemy.engine.Engine - INFO - SELECT test_executions.id AS test_executions_id, test_executions.execution_id AS test_executions_execution_id, test_executions.ticket_id AS test_executions_ticket_id, test_executions.project_id AS test_executions_project_id, test_executions.status AS test_executions_status, test_executions.overall_status AS test_executions_overall_status, test_executions.started_at AS test_executions_started_at, test_executions.completed_at AS test_executions_completed_at, test_executions.total_execution_time AS test_executions_total_execution_time, test_executions.report_path AS test_executions_report_path, test_executions.script_path AS test_executions_script_path, test_executions.video_path AS test_executions_video_path, test_executions.error_message AS test_executions_error_message 
FROM test_executions 
WHERE test_executions.execution_id = %(execution_id_1)s 
 LIMIT %(param_1)s
2025-11-12 11:00:19,392 - sqlalchemy.engine.Engine - INFO - [cached since 8.759e+04s ago] {'execution_id_1': 'exec_RBPLCD-8889_20251112_110001', 'param_1': 1}
2025-11-12 11:00:19,394 - sqlalchemy.engine.Engine - INFO - ROLLBACK
2025-11-12 11:00:21,704 - sqlalchemy.engine.Engine - INFO - BEGIN (implicit)
2025-11-12 11:00:21,704 - sqlalchemy.engine.Engine - INFO - SELECT test_executions.id AS test_executions_id, test_executions.execution_id AS test_executions_execution_id, test_executions.ticket_id AS test_executions_ticket_id, test_executions.project_id AS test_executions_project_id, test_executions.status AS test_executions_status, test_executions.overall_status AS test_executions_overall_status, test_executions.started_at AS test_executions_started_at, test_executions.completed_at AS test_executions_completed_at, test_executions.total_execution_time AS test_executions_total_execution_time, test_executions.report_path AS test_executions_report_path, test_executions.script_path AS test_executions_script_path, test_executions.video_path AS test_executions_video_path, test_executions.error_message AS test_executions_error_message 
FROM test_executions 
WHERE test_executions.execution_id = %(execution_id_1)s 
 LIMIT %(param_1)s
2025-11-12 11:00:21,704 - sqlalchemy.engine.Engine - INFO - [cached since 8.759e+04s ago] {'execution_id_1': 'exec_RBPLCD-8889_20251112_110001', 'param_1': 1}
2025-11-12 11:00:21,710 - sqlalchemy.engine.Engine - INFO - ROLLBACK
2025-11-12 11:00:23,388 - sqlalchemy.engine.Engine - INFO - BEGIN (implicit)
2025-11-12 11:00:23,389 - sqlalchemy.engine.Engine - INFO - SELECT test_executions.id AS test_executions_id, test_executions.execution_id AS test_executions_execution_id, test_executions.ticket_id AS test_executions_ticket_id, test_executions.project_id AS test_executions_project_id, test_executions.status AS test_executions_status, test_executions.overall_status AS test_executions_overall_status, test_executions.started_at AS test_executions_started_at, test_executions.completed_at AS test_executions_completed_at, test_executions.total_execution_time AS test_executions_total_execution_time, test_executions.report_path AS test_executions_report_path, test_executions.script_path AS test_executions_script_path, test_executions.video_path AS test_executions_video_path, test_executions.error_message AS test_executions_error_message 
FROM test_executions 
WHERE test_executions.execution_id = %(execution_id_1)s 
 LIMIT %(param_1)s
2025-11-12 11:00:23,390 - sqlalchemy.engine.Engine - INFO - [cached since 8.759e+04s ago] {'execution_id_1': 'exec_RBPLCD-8889_20251112_110001', 'param_1': 1}
2025-11-12 11:00:23,394 - sqlalchemy.engine.Engine - INFO - ROLLBACK
2025-11-12 11:00:25,388 - sqlalchemy.engine.Engine - INFO - BEGIN (implicit)
2025-11-12 11:00:25,389 - sqlalchemy.engine.Engine - INFO - SELECT test_executions.id AS test_executions_id, test_executions.execution_id AS test_executions_execution_id, test_executions.ticket_id AS test_executions_ticket_id, test_executions.project_id AS test_executions_project_id, test_executions.status AS test_executions_status, test_executions.overall_status AS test_executions_overall_status, test_executions.started_at AS test_executions_started_at, test_executions.completed_at AS test_executions_completed_at, test_executions.total_execution_time AS test_executions_total_execution_time, test_executions.report_path AS test_executions_report_path, test_executions.script_path AS test_executions_script_path, test_executions.video_path AS test_executions_video_path, test_executions.error_message AS test_executions_error_message 
FROM test_executions 
WHERE test_executions.execution_id = %(execution_id_1)s 
 LIMIT %(param_1)s
2025-11-12 11:00:25,390 - sqlalchemy.engine.Engine - INFO - [cached since 8.759e+04s ago] {'execution_id_1': 'exec_RBPLCD-8889_20251112_110001', 'param_1': 1}
2025-11-12 11:00:25,394 - sqlalchemy.engine.Engine - INFO - ROLLBACK
2025-11-12 11:00:27,384 - sqlalchemy.engine.Engine - INFO - BEGIN (implicit)
2025-11-12 11:00:27,384 - sqlalchemy.engine.Engine - INFO - SELECT test_executions.id AS test_executions_id, test_executions.execution_id AS test_executions_execution_id, test_executions.ticket_id AS test_executions_ticket_id, test_executions.project_id AS test_executions_project_id, test_executions.status AS test_executions_status, test_executions.overall_status AS test_executions_overall_status, test_executions.started_at AS test_executions_started_at, test_executions.completed_at AS test_executions_completed_at, test_executions.total_execution_time AS test_executions_total_execution_time, test_executions.report_path AS test_executions_report_path, test_executions.script_path AS test_executions_script_path, test_executions.video_path AS test_executions_video_path, test_executions.error_message AS test_executions_error_message 
FROM test_executions 
WHERE test_executions.execution_id = %(execution_id_1)s 
 LIMIT %(param_1)s
2025-11-12 11:00:27,384 - sqlalchemy.engine.Engine - INFO - [cached since 8.759e+04s ago] {'execution_id_1': 'exec_RBPLCD-8889_20251112_110001', 'param_1': 1}
2025-11-12 11:00:27,384 - sqlalchemy.engine.Engine - INFO - ROLLBACK
2025-11-12 11:00:29,384 - sqlalchemy.engine.Engine - INFO - BEGIN (implicit)
2025-11-12 11:00:29,384 - sqlalchemy.engine.Engine - INFO - SELECT test_executions.id AS test_executions_id, test_executions.execution_id AS test_executions_execution_id, test_executions.ticket_id AS test_executions_ticket_id, test_executions.project_id AS test_executions_project_id, test_executions.status AS test_executions_status, test_executions.overall_status AS test_executions_overall_status, test_executions.started_at AS test_executions_started_at, test_executions.completed_at AS test_executions_completed_at, test_executions.total_execution_time AS test_executions_total_execution_time, test_executions.report_path AS test_executions_report_path, test_executions.script_path AS test_executions_script_path, test_executions.video_path AS test_executions_video_path, test_executions.error_message AS test_executions_error_message 
FROM test_executions 
WHERE test_executions.execution_id = %(execution_id_1)s 
 LIMIT %(param_1)s
2025-11-12 11:00:29,387 - sqlalchemy.engine.Engine - INFO - [cached since 8.76e+04s ago] {'execution_id_1': 'exec_RBPLCD-8889_20251112_110001', 'param_1': 1}
2025-11-12 11:00:29,387 - sqlalchemy.engine.Engine - INFO - ROLLBACK
2025-11-12 11:00:31,691 - sqlalchemy.engine.Engine - INFO - BEGIN (implicit)
2025-11-12 11:00:31,695 - sqlalchemy.engine.Engine - INFO - SELECT test_executions.id AS test_executions_id, test_executions.execution_id AS test_executions_execution_id, test_executions.ticket_id AS test_executions_ticket_id, test_executions.project_id AS test_executions_project_id, test_executions.status AS test_executions_status, test_executions.overall_status AS test_executions_overall_status, test_executions.started_at AS test_executions_started_at, test_executions.completed_at AS test_executions_completed_at, test_executions.total_execution_time AS test_executions_total_execution_time, test_executions.report_path AS test_executions_report_path, test_executions.script_path AS test_executions_script_path, test_executions.video_path AS test_executions_video_path, test_executions.error_message AS test_executions_error_message 
FROM test_executions 
WHERE test_executions.execution_id = %(execution_id_1)s 
 LIMIT %(param_1)s
2025-11-12 11:00:31,695 - sqlalchemy.engine.Engine - INFO - [cached since 8.76e+04s ago] {'execution_id_1': 'exec_RBPLCD-8889_20251112_110001', 'param_1': 1}
2025-11-12 11:00:31,710 - sqlalchemy.engine.Engine - INFO - ROLLBACK
2025-11-12 11:00:33,397 - sqlalchemy.engine.Engine - INFO - BEGIN (implicit)
2025-11-12 11:00:33,397 - sqlalchemy.engine.Engine - INFO - SELECT test_executions.id AS test_executions_id, test_executions.execution_id AS test_executions_execution_id, test_executions.ticket_id AS test_executions_ticket_id, test_executions.project_id AS test_executions_project_id, test_executions.status AS test_executions_status, test_executions.overall_status AS test_executions_overall_status, test_executions.started_at AS test_executions_started_at, test_executions.completed_at AS test_executions_completed_at, test_executions.total_execution_time AS test_executions_total_execution_time, test_executions.report_path AS test_executions_report_path, test_executions.script_path AS test_executions_script_path, test_executions.video_path AS test_executions_video_path, test_executions.error_message AS test_executions_error_message 
FROM test_executions 
WHERE test_executions.execution_id = %(execution_id_1)s 
 LIMIT %(param_1)s
2025-11-12 11:00:33,398 - sqlalchemy.engine.Engine - INFO - [cached since 8.76e+04s ago] {'execution_id_1': 'exec_RBPLCD-8889_20251112_110001', 'param_1': 1}
2025-11-12 11:00:33,401 - sqlalchemy.engine.Engine - INFO - ROLLBACK
2025-11-12 11:00:35,395 - sqlalchemy.engine.Engine - INFO - BEGIN (implicit)
2025-11-12 11:00:35,396 - sqlalchemy.engine.Engine - INFO - SELECT test_executions.id AS test_executions_id, test_executions.execution_id AS test_executions_execution_id, test_executions.ticket_id AS test_executions_ticket_id, test_executions.project_id AS test_executions_project_id, test_executions.status AS test_executions_status, test_executions.overall_status AS test_executions_overall_status, test_executions.started_at AS test_executions_started_at, test_executions.completed_at AS test_executions_completed_at, test_executions.total_execution_time AS test_executions_total_execution_time, test_executions.report_path AS test_executions_report_path, test_executions.script_path AS test_executions_script_path, test_executions.video_path AS test_executions_video_path, test_executions.error_message AS test_executions_error_message 
FROM test_executions 
WHERE test_executions.execution_id = %(execution_id_1)s 
 LIMIT %(param_1)s
2025-11-12 11:00:35,397 - sqlalchemy.engine.Engine - INFO - [cached since 8.76e+04s ago] {'execution_id_1': 'exec_RBPLCD-8889_20251112_110001', 'param_1': 1}
2025-11-12 11:00:35,401 - sqlalchemy.engine.Engine - INFO - ROLLBACK
2025-11-12 11:00:37,393 - sqlalchemy.engine.Engine - INFO - BEGIN (implicit)
2025-11-12 11:00:37,394 - sqlalchemy.engine.Engine - INFO - SELECT test_executions.id AS test_executions_id, test_executions.execution_id AS test_executions_execution_id, test_executions.ticket_id AS test_executions_ticket_id, test_executions.project_id AS test_executions_project_id, test_executions.status AS test_executions_status, test_executions.overall_status AS test_executions_overall_status, test_executions.started_at AS test_executions_started_at, test_executions.completed_at AS test_executions_completed_at, test_executions.total_execution_time AS test_executions_total_execution_time, test_executions.report_path AS test_executions_report_path, test_executions.script_path AS test_executions_script_path, test_executions.video_path AS test_executions_video_path, test_executions.error_message AS test_executions_error_message 
FROM test_executions 
WHERE test_executions.execution_id = %(execution_id_1)s 
 LIMIT %(param_1)s
2025-11-12 11:00:37,394 - sqlalchemy.engine.Engine - INFO - [cached since 8.76e+04s ago] {'execution_id_1': 'exec_RBPLCD-8889_20251112_110001', 'param_1': 1}
2025-11-12 11:00:37,397 - sqlalchemy.engine.Engine - INFO - ROLLBACK
2025-11-12 11:00:39,393 - sqlalchemy.engine.Engine - INFO - BEGIN (implicit)
2025-11-12 11:00:39,394 - sqlalchemy.engine.Engine - INFO - SELECT test_executions.id AS test_executions_id, test_executions.execution_id AS test_executions_execution_id, test_executions.ticket_id AS test_executions_ticket_id, test_executions.project_id AS test_executions_project_id, test_executions.status AS test_executions_status, test_executions.overall_status AS test_executions_overall_status, test_executions.started_at AS test_executions_started_at, test_executions.completed_at AS test_executions_completed_at, test_executions.total_execution_time AS test_executions_total_execution_time, test_executions.report_path AS test_executions_report_path, test_executions.script_path AS test_executions_script_path, test_executions.video_path AS test_executions_video_path, test_executions.error_message AS test_executions_error_message 
FROM test_executions 
WHERE test_executions.execution_id = %(execution_id_1)s 
 LIMIT %(param_1)s
2025-11-12 11:00:39,395 - sqlalchemy.engine.Engine - INFO - [cached since 8.761e+04s ago] {'execution_id_1': 'exec_RBPLCD-8889_20251112_110001', 'param_1': 1}
2025-11-12 11:00:39,398 - sqlalchemy.engine.Engine - INFO - ROLLBACK
2025-11-12 11:00:41,707 - sqlalchemy.engine.Engine - INFO - BEGIN (implicit)
2025-11-12 11:00:41,707 - sqlalchemy.engine.Engine - INFO - SELECT test_executions.id AS test_executions_id, test_executions.execution_id AS test_executions_execution_id, test_executions.ticket_id AS test_executions_ticket_id, test_executions.project_id AS test_executions_project_id, test_executions.status AS test_executions_status, test_executions.overall_status AS test_executions_overall_status, test_executions.started_at AS test_executions_started_at, test_executions.completed_at AS test_executions_completed_at, test_executions.total_execution_time AS test_executions_total_execution_time, test_executions.report_path AS test_executions_report_path, test_executions.script_path AS test_executions_script_path, test_executions.video_path AS test_executions_video_path, test_executions.error_message AS test_executions_error_message 
FROM test_executions 
WHERE test_executions.execution_id = %(execution_id_1)s 
 LIMIT %(param_1)s
2025-11-12 11:00:41,708 - sqlalchemy.engine.Engine - INFO - [cached since 8.761e+04s ago] {'execution_id_1': 'exec_RBPLCD-8889_20251112_110001', 'param_1': 1}
2025-11-12 11:00:41,710 - sqlalchemy.engine.Engine - INFO - ROLLBACK
2025-11-12 11:00:43,394 - sqlalchemy.engine.Engine - INFO - BEGIN (implicit)
2025-11-12 11:00:43,395 - sqlalchemy.engine.Engine - INFO - SELECT test_executions.id AS test_executions_id, test_executions.execution_id AS test_executions_execution_id, test_executions.ticket_id AS test_executions_ticket_id, test_executions.project_id AS test_executions_project_id, test_executions.status AS test_executions_status, test_executions.overall_status AS test_executions_overall_status, test_executions.started_at AS test_executions_started_at, test_executions.completed_at AS test_executions_completed_at, test_executions.total_execution_time AS test_executions_total_execution_time, test_executions.report_path AS test_executions_report_path, test_executions.script_path AS test_executions_script_path, test_executions.video_path AS test_executions_video_path, test_executions.error_message AS test_executions_error_message 
FROM test_executions 
WHERE test_executions.execution_id = %(execution_id_1)s 
 LIMIT %(param_1)s
2025-11-12 11:00:43,396 - sqlalchemy.engine.Engine - INFO - [cached since 8.761e+04s ago] {'execution_id_1': 'exec_RBPLCD-8889_20251112_110001', 'param_1': 1}
2025-11-12 11:00:43,399 - sqlalchemy.engine.Engine - INFO - ROLLBACK
2025-11-12 11:00:45,386 - sqlalchemy.engine.Engine - INFO - BEGIN (implicit)
2025-11-12 11:00:45,387 - sqlalchemy.engine.Engine - INFO - SELECT test_executions.id AS test_executions_id, test_executions.execution_id AS test_executions_execution_id, test_executions.ticket_id AS test_executions_ticket_id, test_executions.project_id AS test_executions_project_id, test_executions.status AS test_executions_status, test_executions.overall_status AS test_executions_overall_status, test_executions.started_at AS test_executions_started_at, test_executions.completed_at AS test_executions_completed_at, test_executions.total_execution_time AS test_executions_total_execution_time, test_executions.report_path AS test_executions_report_path, test_executions.script_path AS test_executions_script_path, test_executions.video_path AS test_executions_video_path, test_executions.error_message AS test_executions_error_message 
FROM test_executions 
WHERE test_executions.execution_id = %(execution_id_1)s 
 LIMIT %(param_1)s
2025-11-12 11:00:45,388 - sqlalchemy.engine.Engine - INFO - [cached since 8.761e+04s ago] {'execution_id_1': 'exec_RBPLCD-8889_20251112_110001', 'param_1': 1}
2025-11-12 11:00:45,392 - sqlalchemy.engine.Engine - INFO - ROLLBACK
2025-11-12 11:00:47,381 - sqlalchemy.engine.Engine - INFO - BEGIN (implicit)
2025-11-12 11:00:47,381 - sqlalchemy.engine.Engine - INFO - SELECT test_executions.id AS test_executions_id, test_executions.execution_id AS test_executions_execution_id, test_executions.ticket_id AS test_executions_ticket_id, test_executions.project_id AS test_executions_project_id, test_executions.status AS test_executions_status, test_executions.overall_status AS test_executions_overall_status, test_executions.started_at AS test_executions_started_at, test_executions.completed_at AS test_executions_completed_at, test_executions.total_execution_time AS test_executions_total_execution_time, test_executions.report_path AS test_executions_report_path, test_executions.script_path AS test_executions_script_path, test_executions.video_path AS test_executions_video_path, test_executions.error_message AS test_executions_error_message 
FROM test_executions 
WHERE test_executions.execution_id = %(execution_id_1)s 
 LIMIT %(param_1)s
2025-11-12 11:00:47,381 - sqlalchemy.engine.Engine - INFO - [cached since 8.761e+04s ago] {'execution_id_1': 'exec_RBPLCD-8889_20251112_110001', 'param_1': 1}
2025-11-12 11:00:47,381 - sqlalchemy.engine.Engine - INFO - ROLLBACK
2025-11-12 11:00:49,383 - sqlalchemy.engine.Engine - INFO - BEGIN (implicit)
2025-11-12 11:00:49,384 - sqlalchemy.engine.Engine - INFO - SELECT test_executions.id AS test_executions_id, test_executions.execution_id AS test_executions_execution_id, test_executions.ticket_id AS test_executions_ticket_id, test_executions.project_id AS test_executions_project_id, test_executions.status AS test_executions_status, test_executions.overall_status AS test_executions_overall_status, test_executions.started_at AS test_executions_started_at, test_executions.completed_at AS test_executions_completed_at, test_executions.total_execution_time AS test_executions_total_execution_time, test_executions.report_path AS test_executions_report_path, test_executions.script_path AS test_executions_script_path, test_executions.video_path AS test_executions_video_path, test_executions.error_message AS test_executions_error_message 
FROM test_executions 
WHERE test_executions.execution_id = %(execution_id_1)s 
 LIMIT %(param_1)s
2025-11-12 11:00:49,385 - sqlalchemy.engine.Engine - INFO - [cached since 8.762e+04s ago] {'execution_id_1': 'exec_RBPLCD-8889_20251112_110001', 'param_1': 1}
2025-11-12 11:00:49,388 - sqlalchemy.engine.Engine - INFO - ROLLBACK
2025-11-12 11:00:51,694 - sqlalchemy.engine.Engine - INFO - BEGIN (implicit)
2025-11-12 11:00:51,695 - sqlalchemy.engine.Engine - INFO - SELECT test_executions.id AS test_executions_id, test_executions.execution_id AS test_executions_execution_id, test_executions.ticket_id AS test_executions_ticket_id, test_executions.project_id AS test_executions_project_id, test_executions.status AS test_executions_status, test_executions.overall_status AS test_executions_overall_status, test_executions.started_at AS test_executions_started_at, test_executions.completed_at AS test_executions_completed_at, test_executions.total_execution_time AS test_executions_total_execution_time, test_executions.report_path AS test_executions_report_path, test_executions.script_path AS test_executions_script_path, test_executions.video_path AS test_executions_video_path, test_executions.error_message AS test_executions_error_message 
FROM test_executions 
WHERE test_executions.execution_id = %(execution_id_1)s 
 LIMIT %(param_1)s
2025-11-12 11:00:51,696 - sqlalchemy.engine.Engine - INFO - [cached since 8.762e+04s ago] {'execution_id_1': 'exec_RBPLCD-8889_20251112_110001', 'param_1': 1}
2025-11-12 11:00:51,698 - sqlalchemy.engine.Engine - INFO - ROLLBACK
2025-11-12 11:00:53,393 - sqlalchemy.engine.Engine - INFO - BEGIN (implicit)
2025-11-12 11:00:53,398 - sqlalchemy.engine.Engine - INFO - SELECT test_executions.id AS test_executions_id, test_executions.execution_id AS test_executions_execution_id, test_executions.ticket_id AS test_executions_ticket_id, test_executions.project_id AS test_executions_project_id, test_executions.status AS test_executions_status, test_executions.overall_status AS test_executions_overall_status, test_executions.started_at AS test_executions_started_at, test_executions.completed_at AS test_executions_completed_at, test_executions.total_execution_time AS test_executions_total_execution_time, test_executions.report_path AS test_executions_report_path, test_executions.script_path AS test_executions_script_path, test_executions.video_path AS test_executions_video_path, test_executions.error_message AS test_executions_error_message 
FROM test_executions 
WHERE test_executions.execution_id = %(execution_id_1)s 
 LIMIT %(param_1)s
2025-11-12 11:00:53,399 - sqlalchemy.engine.Engine - INFO - [cached since 8.762e+04s ago] {'execution_id_1': 'exec_RBPLCD-8889_20251112_110001', 'param_1': 1}
2025-11-12 11:00:53,402 - sqlalchemy.engine.Engine - INFO - ROLLBACK
2025-11-12 11:00:55,397 - sqlalchemy.engine.Engine - INFO - BEGIN (implicit)
2025-11-12 11:00:55,398 - sqlalchemy.engine.Engine - INFO - SELECT test_executions.id AS test_executions_id, test_executions.execution_id AS test_executions_execution_id, test_executions.ticket_id AS test_executions_ticket_id, test_executions.project_id AS test_executions_project_id, test_executions.status AS test_executions_status, test_executions.overall_status AS test_executions_overall_status, test_executions.started_at AS test_executions_started_at, test_executions.completed_at AS test_executions_completed_at, test_executions.total_execution_time AS test_executions_total_execution_time, test_executions.report_path AS test_executions_report_path, test_executions.script_path AS test_executions_script_path, test_executions.video_path AS test_executions_video_path, test_executions.error_message AS test_executions_error_message 
FROM test_executions 
WHERE test_executions.execution_id = %(execution_id_1)s 
 LIMIT %(param_1)s
2025-11-12 11:00:55,398 - sqlalchemy.engine.Engine - INFO - [cached since 8.762e+04s ago] {'execution_id_1': 'exec_RBPLCD-8889_20251112_110001', 'param_1': 1}
2025-11-12 11:00:55,401 - sqlalchemy.engine.Engine - INFO - ROLLBACK
2025-11-12 11:00:57,382 - sqlalchemy.engine.Engine - INFO - BEGIN (implicit)
2025-11-12 11:00:57,383 - sqlalchemy.engine.Engine - INFO - SELECT test_executions.id AS test_executions_id, test_executions.execution_id AS test_executions_execution_id, test_executions.ticket_id AS test_executions_ticket_id, test_executions.project_id AS test_executions_project_id, test_executions.status AS test_executions_status, test_executions.overall_status AS test_executions_overall_status, test_executions.started_at AS test_executions_started_at, test_executions.completed_at AS test_executions_completed_at, test_executions.total_execution_time AS test_executions_total_execution_time, test_executions.report_path AS test_executions_report_path, test_executions.script_path AS test_executions_script_path, test_executions.video_path AS test_executions_video_path, test_executions.error_message AS test_executions_error_message 
FROM test_executions 
WHERE test_executions.execution_id = %(execution_id_1)s 
 LIMIT %(param_1)s
2025-11-12 11:00:57,384 - sqlalchemy.engine.Engine - INFO - [cached since 8.762e+04s ago] {'execution_id_1': 'exec_RBPLCD-8889_20251112_110001', 'param_1': 1}
2025-11-12 11:00:57,388 - sqlalchemy.engine.Engine - INFO - ROLLBACK
2025-11-12 11:00:59,396 - sqlalchemy.engine.Engine - INFO - BEGIN (implicit)
2025-11-12 11:00:59,396 - sqlalchemy.engine.Engine - INFO - SELECT test_executions.id AS test_executions_id, test_executions.execution_id AS test_executions_execution_id, test_executions.ticket_id AS test_executions_ticket_id, test_executions.project_id AS test_executions_project_id, test_executions.status AS test_executions_status, test_executions.overall_status AS test_executions_overall_status, test_executions.started_at AS test_executions_started_at, test_executions.completed_at AS test_executions_completed_at, test_executions.total_execution_time AS test_executions_total_execution_time, test_executions.report_path AS test_executions_report_path, test_executions.script_path AS test_executions_script_path, test_executions.video_path AS test_executions_video_path, test_executions.error_message AS test_executions_error_message 
FROM test_executions 
WHERE test_executions.execution_id = %(execution_id_1)s 
 LIMIT %(param_1)s
2025-11-12 11:00:59,397 - sqlalchemy.engine.Engine - INFO - [cached since 8.763e+04s ago] {'execution_id_1': 'exec_RBPLCD-8889_20251112_110001', 'param_1': 1}
2025-11-12 11:00:59,400 - sqlalchemy.engine.Engine - INFO - ROLLBACK
2025-11-12 11:01:01,687 - sqlalchemy.engine.Engine - INFO - BEGIN (implicit)
2025-11-12 11:01:01,687 - sqlalchemy.engine.Engine - INFO - SELECT test_executions.id AS test_executions_id, test_executions.execution_id AS test_executions_execution_id, test_executions.ticket_id AS test_executions_ticket_id, test_executions.project_id AS test_executions_project_id, test_executions.status AS test_executions_status, test_executions.overall_status AS test_executions_overall_status, test_executions.started_at AS test_executions_started_at, test_executions.completed_at AS test_executions_completed_at, test_executions.total_execution_time AS test_executions_total_execution_time, test_executions.report_path AS test_executions_report_path, test_executions.script_path AS test_executions_script_path, test_executions.video_path AS test_executions_video_path, test_executions.error_message AS test_executions_error_message 
FROM test_executions 
WHERE test_executions.execution_id = %(execution_id_1)s 
 LIMIT %(param_1)s
2025-11-12 11:01:01,687 - sqlalchemy.engine.Engine - INFO - [cached since 8.763e+04s ago] {'execution_id_1': 'exec_RBPLCD-8889_20251112_110001', 'param_1': 1}
2025-11-12 11:01:01,687 - sqlalchemy.engine.Engine - INFO - ROLLBACK
2025-11-12 11:01:03,401 - sqlalchemy.engine.Engine - INFO - BEGIN (implicit)
2025-11-12 11:01:03,401 - sqlalchemy.engine.Engine - INFO - SELECT test_executions.id AS test_executions_id, test_executions.execution_id AS test_executions_execution_id, test_executions.ticket_id AS test_executions_ticket_id, test_executions.project_id AS test_executions_project_id, test_executions.status AS test_executions_status, test_executions.overall_status AS test_executions_overall_status, test_executions.started_at AS test_executions_started_at, test_executions.completed_at AS test_executions_completed_at, test_executions.total_execution_time AS test_executions_total_execution_time, test_executions.report_path AS test_executions_report_path, test_executions.script_path AS test_executions_script_path, test_executions.video_path AS test_executions_video_path, test_executions.error_message AS test_executions_error_message 
FROM test_executions 
WHERE test_executions.execution_id = %(execution_id_1)s 
 LIMIT %(param_1)s
2025-11-12 11:01:03,403 - sqlalchemy.engine.Engine - INFO - [cached since 8.763e+04s ago] {'execution_id_1': 'exec_RBPLCD-8889_20251112_110001', 'param_1': 1}
2025-11-12 11:01:03,405 - sqlalchemy.engine.Engine - INFO - ROLLBACK
2025-11-12 11:01:05,685 - sqlalchemy.engine.Engine - INFO - BEGIN (implicit)
2025-11-12 11:01:05,685 - sqlalchemy.engine.Engine - INFO - SELECT test_executions.id AS test_executions_id, test_executions.execution_id AS test_executions_execution_id, test_executions.ticket_id AS test_executions_ticket_id, test_executions.project_id AS test_executions_project_id, test_executions.status AS test_executions_status, test_executions.overall_status AS test_executions_overall_status, test_executions.started_at AS test_executions_started_at, test_executions.completed_at AS test_executions_completed_at, test_executions.total_execution_time AS test_executions_total_execution_time, test_executions.report_path AS test_executions_report_path, test_executions.script_path AS test_executions_script_path, test_executions.video_path AS test_executions_video_path, test_executions.error_message AS test_executions_error_message 
FROM test_executions 
WHERE test_executions.execution_id = %(execution_id_1)s 
 LIMIT %(param_1)s
2025-11-12 11:01:05,685 - sqlalchemy.engine.Engine - INFO - [cached since 8.763e+04s ago] {'execution_id_1': 'exec_RBPLCD-8889_20251112_110001', 'param_1': 1}
2025-11-12 11:01:05,693 - sqlalchemy.engine.Engine - INFO - ROLLBACK
2025-11-12 11:01:07,386 - sqlalchemy.engine.Engine - INFO - BEGIN (implicit)
2025-11-12 11:01:07,388 - sqlalchemy.engine.Engine - INFO - SELECT test_executions.id AS test_executions_id, test_executions.execution_id AS test_executions_execution_id, test_executions.ticket_id AS test_executions_ticket_id, test_executions.project_id AS test_executions_project_id, test_executions.status AS test_executions_status, test_executions.overall_status AS test_executions_overall_status, test_executions.started_at AS test_executions_started_at, test_executions.completed_at AS test_executions_completed_at, test_executions.total_execution_time AS test_executions_total_execution_time, test_executions.report_path AS test_executions_report_path, test_executions.script_path AS test_executions_script_path, test_executions.video_path AS test_executions_video_path, test_executions.error_message AS test_executions_error_message 
FROM test_executions 
WHERE test_executions.execution_id = %(execution_id_1)s 
 LIMIT %(param_1)s
2025-11-12 11:01:07,389 - sqlalchemy.engine.Engine - INFO - [cached since 8.763e+04s ago] {'execution_id_1': 'exec_RBPLCD-8889_20251112_110001', 'param_1': 1}
2025-11-12 11:01:07,393 - sqlalchemy.engine.Engine - INFO - ROLLBACK
2025-11-12 11:01:09,390 - sqlalchemy.engine.Engine - INFO - BEGIN (implicit)
2025-11-12 11:01:09,391 - sqlalchemy.engine.Engine - INFO - SELECT test_executions.id AS test_executions_id, test_executions.execution_id AS test_executions_execution_id, test_executions.ticket_id AS test_executions_ticket_id, test_executions.project_id AS test_executions_project_id, test_executions.status AS test_executions_status, test_executions.overall_status AS test_executions_overall_status, test_executions.started_at AS test_executions_started_at, test_executions.completed_at AS test_executions_completed_at, test_executions.total_execution_time AS test_executions_total_execution_time, test_executions.report_path AS test_executions_report_path, test_executions.script_path AS test_executions_script_path, test_executions.video_path AS test_executions_video_path, test_executions.error_message AS test_executions_error_message 
FROM test_executions 
WHERE test_executions.execution_id = %(execution_id_1)s 
 LIMIT %(param_1)s
2025-11-12 11:01:09,392 - sqlalchemy.engine.Engine - INFO - [cached since 8.764e+04s ago] {'execution_id_1': 'exec_RBPLCD-8889_20251112_110001', 'param_1': 1}
2025-11-12 11:01:09,397 - sqlalchemy.engine.Engine - INFO - ROLLBACK
2025-11-12 11:01:11,697 - sqlalchemy.engine.Engine - INFO - BEGIN (implicit)
2025-11-12 11:01:11,698 - sqlalchemy.engine.Engine - INFO - SELECT test_executions.id AS test_executions_id, test_executions.execution_id AS test_executions_execution_id, test_executions.ticket_id AS test_executions_ticket_id, test_executions.project_id AS test_executions_project_id, test_executions.status AS test_executions_status, test_executions.overall_status AS test_executions_overall_status, test_executions.started_at AS test_executions_started_at, test_executions.completed_at AS test_executions_completed_at, test_executions.total_execution_time AS test_executions_total_execution_time, test_executions.report_path AS test_executions_report_path, test_executions.script_path AS test_executions_script_path, test_executions.video_path AS test_executions_video_path, test_executions.error_message AS test_executions_error_message 
FROM test_executions 
WHERE test_executions.execution_id = %(execution_id_1)s 
 LIMIT %(param_1)s
2025-11-12 11:01:11,699 - sqlalchemy.engine.Engine - INFO - [cached since 8.764e+04s ago] {'execution_id_1': 'exec_RBPLCD-8889_20251112_110001', 'param_1': 1}
2025-11-12 11:01:11,704 - sqlalchemy.engine.Engine - INFO - ROLLBACK
2025-11-12 11:01:13,398 - sqlalchemy.engine.Engine - INFO - BEGIN (implicit)
2025-11-12 11:01:13,400 - sqlalchemy.engine.Engine - INFO - SELECT test_executions.id AS test_executions_id, test_executions.execution_id AS test_executions_execution_id, test_executions.ticket_id AS test_executions_ticket_id, test_executions.project_id AS test_executions_project_id, test_executions.status AS test_executions_status, test_executions.overall_status AS test_executions_overall_status, test_executions.started_at AS test_executions_started_at, test_executions.completed_at AS test_executions_completed_at, test_executions.total_execution_time AS test_executions_total_execution_time, test_executions.report_path AS test_executions_report_path, test_executions.script_path AS test_executions_script_path, test_executions.video_path AS test_executions_video_path, test_executions.error_message AS test_executions_error_message 
FROM test_executions 
WHERE test_executions.execution_id = %(execution_id_1)s 
 LIMIT %(param_1)s
2025-11-12 11:01:13,401 - sqlalchemy.engine.Engine - INFO - [cached since 8.764e+04s ago] {'execution_id_1': 'exec_RBPLCD-8889_20251112_110001', 'param_1': 1}
2025-11-12 11:01:13,405 - sqlalchemy.engine.Engine - INFO - ROLLBACK
2025-11-12 11:01:15,695 - sqlalchemy.engine.Engine - INFO - BEGIN (implicit)
2025-11-12 11:01:15,695 - sqlalchemy.engine.Engine - INFO - SELECT test_executions.id AS test_executions_id, test_executions.execution_id AS test_executions_execution_id, test_executions.ticket_id AS test_executions_ticket_id, test_executions.project_id AS test_executions_project_id, test_executions.status AS test_executions_status, test_executions.overall_status AS test_executions_overall_status, test_executions.started_at AS test_executions_started_at, test_executions.completed_at AS test_executions_completed_at, test_executions.total_execution_time AS test_executions_total_execution_time, test_executions.report_path AS test_executions_report_path, test_executions.script_path AS test_executions_script_path, test_executions.video_path AS test_executions_video_path, test_executions.error_message AS test_executions_error_message 
FROM test_executions 
WHERE test_executions.execution_id = %(execution_id_1)s 
 LIMIT %(param_1)s
2025-11-12 11:01:15,695 - sqlalchemy.engine.Engine - INFO - [cached since 8.764e+04s ago] {'execution_id_1': 'exec_RBPLCD-8889_20251112_110001', 'param_1': 1}
2025-11-12 11:01:15,695 - sqlalchemy.engine.Engine - INFO - ROLLBACK
2025-11-12 11:01:17,394 - sqlalchemy.engine.Engine - INFO - BEGIN (implicit)
2025-11-12 11:01:17,394 - sqlalchemy.engine.Engine - INFO - SELECT test_executions.id AS test_executions_id, test_executions.execution_id AS test_executions_execution_id, test_executions.ticket_id AS test_executions_ticket_id, test_executions.project_id AS test_executions_project_id, test_executions.status AS test_executions_status, test_executions.overall_status AS test_executions_overall_status, test_executions.started_at AS test_executions_started_at, test_executions.completed_at AS test_executions_completed_at, test_executions.total_execution_time AS test_executions_total_execution_time, test_executions.report_path AS test_executions_report_path, test_executions.script_path AS test_executions_script_path, test_executions.video_path AS test_executions_video_path, test_executions.error_message AS test_executions_error_message 
FROM test_executions 
WHERE test_executions.execution_id = %(execution_id_1)s 
 LIMIT %(param_1)s
2025-11-12 11:01:17,395 - sqlalchemy.engine.Engine - INFO - [cached since 8.764e+04s ago] {'execution_id_1': 'exec_RBPLCD-8889_20251112_110001', 'param_1': 1}
2025-11-12 11:01:17,399 - sqlalchemy.engine.Engine - INFO - ROLLBACK
2025-11-12 11:01:19,816 - sqlalchemy.engine.Engine - INFO - BEGIN (implicit)
2025-11-12 11:01:19,816 - sqlalchemy.engine.Engine - INFO - SELECT test_executions.id AS test_executions_id, test_executions.execution_id AS test_executions_execution_id, test_executions.ticket_id AS test_executions_ticket_id, test_executions.project_id AS test_executions_project_id, test_executions.status AS test_executions_status, test_executions.overall_status AS test_executions_overall_status, test_executions.started_at AS test_executions_started_at, test_executions.completed_at AS test_executions_completed_at, test_executions.total_execution_time AS test_executions_total_execution_time, test_executions.report_path AS test_executions_report_path, test_executions.script_path AS test_executions_script_path, test_executions.video_path AS test_executions_video_path, test_executions.error_message AS test_executions_error_message 
FROM test_executions 
WHERE test_executions.execution_id = %(execution_id_1)s 
 LIMIT %(param_1)s
2025-11-12 11:01:19,816 - sqlalchemy.engine.Engine - INFO - [cached since 8.765e+04s ago] {'execution_id_1': 'exec_RBPLCD-8889_20251112_110001', 'param_1': 1}
2025-11-12 11:01:19,833 - sqlalchemy.engine.Engine - INFO - ROLLBACK
2025-11-12 11:01:21,812 - sqlalchemy.engine.Engine - INFO - BEGIN (implicit)
2025-11-12 11:01:21,812 - sqlalchemy.engine.Engine - INFO - SELECT test_executions.id AS test_executions_id, test_executions.execution_id AS test_executions_execution_id, test_executions.ticket_id AS test_executions_ticket_id, test_executions.project_id AS test_executions_project_id, test_executions.status AS test_executions_status, test_executions.overall_status AS test_executions_overall_status, test_executions.started_at AS test_executions_started_at, test_executions.completed_at AS test_executions_completed_at, test_executions.total_execution_time AS test_executions_total_execution_time, test_executions.report_path AS test_executions_report_path, test_executions.script_path AS test_executions_script_path, test_executions.video_path AS test_executions_video_path, test_executions.error_message AS test_executions_error_message 
FROM test_executions 
WHERE test_executions.execution_id = %(execution_id_1)s 
 LIMIT %(param_1)s
2025-11-12 11:01:21,812 - sqlalchemy.engine.Engine - INFO - [cached since 8.765e+04s ago] {'execution_id_1': 'exec_RBPLCD-8889_20251112_110001', 'param_1': 1}
2025-11-12 11:01:21,819 - sqlalchemy.engine.Engine - INFO - ROLLBACK
2025-11-12 11:01:23,802 - sqlalchemy.engine.Engine - INFO - BEGIN (implicit)
2025-11-12 11:01:23,802 - sqlalchemy.engine.Engine - INFO - SELECT test_executions.id AS test_executions_id, test_executions.execution_id AS test_executions_execution_id, test_executions.ticket_id AS test_executions_ticket_id, test_executions.project_id AS test_executions_project_id, test_executions.status AS test_executions_status, test_executions.overall_status AS test_executions_overall_status, test_executions.started_at AS test_executions_started_at, test_executions.completed_at AS test_executions_completed_at, test_executions.total_execution_time AS test_executions_total_execution_time, test_executions.report_path AS test_executions_report_path, test_executions.script_path AS test_executions_script_path, test_executions.video_path AS test_executions_video_path, test_executions.error_message AS test_executions_error_message 
FROM test_executions 
WHERE test_executions.execution_id = %(execution_id_1)s 
 LIMIT %(param_1)s
2025-11-12 11:01:23,802 - sqlalchemy.engine.Engine - INFO - [cached since 8.765e+04s ago] {'execution_id_1': 'exec_RBPLCD-8889_20251112_110001', 'param_1': 1}
2025-11-12 11:01:23,802 - sqlalchemy.engine.Engine - INFO - ROLLBACK
2025-11-12 11:01:26,149 - sqlalchemy.engine.Engine - INFO - BEGIN (implicit)
2025-11-12 11:01:26,149 - sqlalchemy.engine.Engine - INFO - SELECT test_executions.id AS test_executions_id, test_executions.execution_id AS test_executions_execution_id, test_executions.ticket_id AS test_executions_ticket_id, test_executions.project_id AS test_executions_project_id, test_executions.status AS test_executions_status, test_executions.overall_status AS test_executions_overall_status, test_executions.started_at AS test_executions_started_at, test_executions.completed_at AS test_executions_completed_at, test_executions.total_execution_time AS test_executions_total_execution_time, test_executions.report_path AS test_executions_report_path, test_executions.script_path AS test_executions_script_path, test_executions.video_path AS test_executions_video_path, test_executions.error_message AS test_executions_error_message 
FROM test_executions 
WHERE test_executions.execution_id = %(execution_id_1)s 
 LIMIT %(param_1)s
2025-11-12 11:01:26,149 - sqlalchemy.engine.Engine - INFO - [cached since 8.765e+04s ago] {'execution_id_1': 'exec_RBPLCD-8889_20251112_110001', 'param_1': 1}
2025-11-12 11:01:26,149 - sqlalchemy.engine.Engine - INFO - ROLLBACK
2025-11-12 11:01:27,823 - sqlalchemy.engine.Engine - INFO - BEGIN (implicit)
2025-11-12 11:01:27,823 - sqlalchemy.engine.Engine - INFO - SELECT test_executions.id AS test_executions_id, test_executions.execution_id AS test_executions_execution_id, test_executions.ticket_id AS test_executions_ticket_id, test_executions.project_id AS test_executions_project_id, test_executions.status AS test_executions_status, test_executions.overall_status AS test_executions_overall_status, test_executions.started_at AS test_executions_started_at, test_executions.completed_at AS test_executions_completed_at, test_executions.total_execution_time AS test_executions_total_execution_time, test_executions.report_path AS test_executions_report_path, test_executions.script_path AS test_executions_script_path, test_executions.video_path AS test_executions_video_path, test_executions.error_message AS test_executions_error_message 
FROM test_executions 
WHERE test_executions.execution_id = %(execution_id_1)s 
 LIMIT %(param_1)s
2025-11-12 11:01:27,823 - sqlalchemy.engine.Engine - INFO - [cached since 8.765e+04s ago] {'execution_id_1': 'exec_RBPLCD-8889_20251112_110001', 'param_1': 1}
2025-11-12 11:01:27,823 - sqlalchemy.engine.Engine - INFO - ROLLBACK
2025-11-12 11:01:29,819 - sqlalchemy.engine.Engine - INFO - BEGIN (implicit)
2025-11-12 11:01:29,819 - sqlalchemy.engine.Engine - INFO - SELECT test_executions.id AS test_executions_id, test_executions.execution_id AS test_executions_execution_id, test_executions.ticket_id AS test_executions_ticket_id, test_executions.project_id AS test_executions_project_id, test_executions.status AS test_executions_status, test_executions.overall_status AS test_executions_overall_status, test_executions.started_at AS test_executions_started_at, test_executions.completed_at AS test_executions_completed_at, test_executions.total_execution_time AS test_executions_total_execution_time, test_executions.report_path AS test_executions_report_path, test_executions.script_path AS test_executions_script_path, test_executions.video_path AS test_executions_video_path, test_executions.error_message AS test_executions_error_message 
FROM test_executions 
WHERE test_executions.execution_id = %(execution_id_1)s 
 LIMIT %(param_1)s
2025-11-12 11:01:29,819 - sqlalchemy.engine.Engine - INFO - [cached since 8.766e+04s ago] {'execution_id_1': 'exec_RBPLCD-8889_20251112_110001', 'param_1': 1}
2025-11-12 11:01:29,826 - sqlalchemy.engine.Engine - INFO - ROLLBACK
2025-11-12 11:01:31,820 - sqlalchemy.engine.Engine - INFO - BEGIN (implicit)
2025-11-12 11:01:31,820 - sqlalchemy.engine.Engine - INFO - SELECT test_executions.id AS test_executions_id, test_executions.execution_id AS test_executions_execution_id, test_executions.ticket_id AS test_executions_ticket_id, test_executions.project_id AS test_executions_project_id, test_executions.status AS test_executions_status, test_executions.overall_status AS test_executions_overall_status, test_executions.started_at AS test_executions_started_at, test_executions.completed_at AS test_executions_completed_at, test_executions.total_execution_time AS test_executions_total_execution_time, test_executions.report_path AS test_executions_report_path, test_executions.script_path AS test_executions_script_path, test_executions.video_path AS test_executions_video_path, test_executions.error_message AS test_executions_error_message 
FROM test_executions 
WHERE test_executions.execution_id = %(execution_id_1)s 
 LIMIT %(param_1)s
2025-11-12 11:01:31,820 - sqlalchemy.engine.Engine - INFO - [cached since 8.766e+04s ago] {'execution_id_1': 'exec_RBPLCD-8889_20251112_110001', 'param_1': 1}
2025-11-12 11:01:31,824 - sqlalchemy.engine.Engine - INFO - ROLLBACK
2025-11-12 11:01:33,823 - sqlalchemy.engine.Engine - INFO - BEGIN (implicit)
2025-11-12 11:01:33,824 - sqlalchemy.engine.Engine - INFO - SELECT test_executions.id AS test_executions_id, test_executions.execution_id AS test_executions_execution_id, test_executions.ticket_id AS test_executions_ticket_id, test_executions.project_id AS test_executions_project_id, test_executions.status AS test_executions_status, test_executions.overall_status AS test_executions_overall_status, test_executions.started_at AS test_executions_started_at, test_executions.completed_at AS test_executions_completed_at, test_executions.total_execution_time AS test_executions_total_execution_time, test_executions.report_path AS test_executions_report_path, test_executions.script_path AS test_executions_script_path, test_executions.video_path AS test_executions_video_path, test_executions.error_message AS test_executions_error_message 
FROM test_executions 
WHERE test_executions.execution_id = %(execution_id_1)s 
 LIMIT %(param_1)s
2025-11-12 11:01:33,825 - sqlalchemy.engine.Engine - INFO - [cached since 8.766e+04s ago] {'execution_id_1': 'exec_RBPLCD-8889_20251112_110001', 'param_1': 1}
2025-11-12 11:01:33,829 - sqlalchemy.engine.Engine - INFO - ROLLBACK
2025-11-12 11:01:36,123 - sqlalchemy.engine.Engine - INFO - BEGIN (implicit)
2025-11-12 11:01:36,123 - sqlalchemy.engine.Engine - INFO - SELECT test_executions.id AS test_executions_id, test_executions.execution_id AS test_executions_execution_id, test_executions.ticket_id AS test_executions_ticket_id, test_executions.project_id AS test_executions_project_id, test_executions.status AS test_executions_status, test_executions.overall_status AS test_executions_overall_status, test_executions.started_at AS test_executions_started_at, test_executions.completed_at AS test_executions_completed_at, test_executions.total_execution_time AS test_executions_total_execution_time, test_executions.report_path AS test_executions_report_path, test_executions.script_path AS test_executions_script_path, test_executions.video_path AS test_executions_video_path, test_executions.error_message AS test_executions_error_message 
FROM test_executions 
WHERE test_executions.execution_id = %(execution_id_1)s 
 LIMIT %(param_1)s
2025-11-12 11:01:36,123 - sqlalchemy.engine.Engine - INFO - [cached since 8.766e+04s ago] {'execution_id_1': 'exec_RBPLCD-8889_20251112_110001', 'param_1': 1}
2025-11-12 11:01:36,133 - sqlalchemy.engine.Engine - INFO - ROLLBACK
2025-11-12 11:01:37,820 - sqlalchemy.engine.Engine - INFO - BEGIN (implicit)
2025-11-12 11:01:37,820 - sqlalchemy.engine.Engine - INFO - SELECT test_executions.id AS test_executions_id, test_executions.execution_id AS test_executions_execution_id, test_executions.ticket_id AS test_executions_ticket_id, test_executions.project_id AS test_executions_project_id, test_executions.status AS test_executions_status, test_executions.overall_status AS test_executions_overall_status, test_executions.started_at AS test_executions_started_at, test_executions.completed_at AS test_executions_completed_at, test_executions.total_execution_time AS test_executions_total_execution_time, test_executions.report_path AS test_executions_report_path, test_executions.script_path AS test_executions_script_path, test_executions.video_path AS test_executions_video_path, test_executions.error_message AS test_executions_error_message 
FROM test_executions 
WHERE test_executions.execution_id = %(execution_id_1)s 
 LIMIT %(param_1)s
2025-11-12 11:01:37,820 - sqlalchemy.engine.Engine - INFO - [cached since 8.766e+04s ago] {'execution_id_1': 'exec_RBPLCD-8889_20251112_110001', 'param_1': 1}
2025-11-12 11:01:37,837 - sqlalchemy.engine.Engine - INFO - ROLLBACK
2025-11-12 11:01:39,818 - sqlalchemy.engine.Engine - INFO - BEGIN (implicit)
2025-11-12 11:01:39,818 - sqlalchemy.engine.Engine - INFO - SELECT test_executions.id AS test_executions_id, test_executions.execution_id AS test_executions_execution_id, test_executions.ticket_id AS test_executions_ticket_id, test_executions.project_id AS test_executions_project_id, test_executions.status AS test_executions_status, test_executions.overall_status AS test_executions_overall_status, test_executions.started_at AS test_executions_started_at, test_executions.completed_at AS test_executions_completed_at, test_executions.total_execution_time AS test_executions_total_execution_time, test_executions.report_path AS test_executions_report_path, test_executions.script_path AS test_executions_script_path, test_executions.video_path AS test_executions_video_path, test_executions.error_message AS test_executions_error_message 
FROM test_executions 
WHERE test_executions.execution_id = %(execution_id_1)s 
 LIMIT %(param_1)s
2025-11-12 11:01:39,833 - sqlalchemy.engine.Engine - INFO - [cached since 8.767e+04s ago] {'execution_id_1': 'exec_RBPLCD-8889_20251112_110001', 'param_1': 1}
2025-11-12 11:01:39,837 - sqlalchemy.engine.Engine - INFO - ROLLBACK
2025-11-12 11:01:42,740 - sqlalchemy.engine.Engine - INFO - BEGIN (implicit)
2025-11-12 11:01:42,740 - sqlalchemy.engine.Engine - INFO - SELECT test_executions.id AS test_executions_id, test_executions.execution_id AS test_executions_execution_id, test_executions.ticket_id AS test_executions_ticket_id, test_executions.project_id AS test_executions_project_id, test_executions.status AS test_executions_status, test_executions.overall_status AS test_executions_overall_status, test_executions.started_at AS test_executions_started_at, test_executions.completed_at AS test_executions_completed_at, test_executions.total_execution_time AS test_executions_total_execution_time, test_executions.report_path AS test_executions_report_path, test_executions.script_path AS test_executions_script_path, test_executions.video_path AS test_executions_video_path, test_executions.error_message AS test_executions_error_message 
FROM test_executions 
WHERE test_executions.execution_id = %(execution_id_1)s 
 LIMIT %(param_1)s
2025-11-12 11:01:42,740 - sqlalchemy.engine.Engine - INFO - [cached since 8.767e+04s ago] {'execution_id_1': 'exec_RBPLCD-8889_20251112_110001', 'param_1': 1}
2025-11-12 11:01:42,750 - sqlalchemy.engine.Engine - INFO - ROLLBACK
2025-11-12 11:01:53,060 - sqlalchemy.engine.Engine - INFO - BEGIN (implicit)
2025-11-12 11:01:53,060 - sqlalchemy.engine.Engine - INFO - SELECT test_executions.id AS test_executions_id, test_executions.execution_id AS test_executions_execution_id, test_executions.ticket_id AS test_executions_ticket_id, test_executions.project_id AS test_executions_project_id, test_executions.status AS test_executions_status, test_executions.overall_status AS test_executions_overall_status, test_executions.started_at AS test_executions_started_at, test_executions.completed_at AS test_executions_completed_at, test_executions.total_execution_time AS test_executions_total_execution_time, test_executions.report_path AS test_executions_report_path, test_executions.script_path AS test_executions_script_path, test_executions.video_path AS test_executions_video_path, test_executions.error_message AS test_executions_error_message 
FROM test_executions 
WHERE test_executions.execution_id = %(execution_id_1)s 
 LIMIT %(param_1)s
2025-11-12 11:01:53,061 - sqlalchemy.engine.Engine - INFO - [cached since 8.768e+04s ago] {'execution_id_1': 'exec_RBPLCD-8889_20251112_110001', 'param_1': 1}
2025-11-12 11:01:53,065 - sqlalchemy.engine.Engine - INFO - ROLLBACK
2025-11-12 11:02:08,064 - sqlalchemy.engine.Engine - INFO - BEGIN (implicit)
2025-11-12 11:02:08,065 - sqlalchemy.engine.Engine - INFO - SELECT test_executions.id AS test_executions_id, test_executions.execution_id AS test_executions_execution_id, test_executions.ticket_id AS test_executions_ticket_id, test_executions.project_id AS test_executions_project_id, test_executions.status AS test_executions_status, test_executions.overall_status AS test_executions_overall_status, test_executions.started_at AS test_executions_started_at, test_executions.completed_at AS test_executions_completed_at, test_executions.total_execution_time AS test_executions_total_execution_time, test_executions.report_path AS test_executions_report_path, test_executions.script_path AS test_executions_script_path, test_executions.video_path AS test_executions_video_path, test_executions.error_message AS test_executions_error_message 
FROM test_executions 
WHERE test_executions.execution_id = %(execution_id_1)s 
 LIMIT %(param_1)s
2025-11-12 11:02:08,066 - sqlalchemy.engine.Engine - INFO - [cached since 8.769e+04s ago] {'execution_id_1': 'exec_RBPLCD-8889_20251112_110001', 'param_1': 1}
2025-11-12 11:02:08,068 - sqlalchemy.engine.Engine - INFO - ROLLBACK
2025-11-12 11:02:51,135 - sqlalchemy.engine.Engine - INFO - BEGIN (implicit)
2025-11-12 11:02:51,136 - sqlalchemy.engine.Engine - INFO - SELECT test_executions.id AS test_executions_id, test_executions.execution_id AS test_executions_execution_id, test_executions.ticket_id AS test_executions_ticket_id, test_executions.project_id AS test_executions_project_id, test_executions.status AS test_executions_status, test_executions.overall_status AS test_executions_overall_status, test_executions.started_at AS test_executions_started_at, test_executions.completed_at AS test_executions_completed_at, test_executions.total_execution_time AS test_executions_total_execution_time, test_executions.report_path AS test_executions_report_path, test_executions.script_path AS test_executions_script_path, test_executions.video_path AS test_executions_video_path, test_executions.error_message AS test_executions_error_message 
FROM test_executions 
WHERE test_executions.execution_id = %(execution_id_1)s 
 LIMIT %(param_1)s
2025-11-12 11:02:51,137 - sqlalchemy.engine.Engine - INFO - [cached since 8.774e+04s ago] {'execution_id_1': 'exec_RBPLCD-8889_20251112_110001', 'param_1': 1}
2025-11-12 11:02:51,140 - sqlalchemy.engine.Engine - INFO - ROLLBACK
2025-11-12 11:03:51,169 - sqlalchemy.engine.Engine - INFO - BEGIN (implicit)
2025-11-12 11:03:51,170 - sqlalchemy.engine.Engine - INFO - SELECT test_executions.id AS test_executions_id, test_executions.execution_id AS test_executions_execution_id, test_executions.ticket_id AS test_executions_ticket_id, test_executions.project_id AS test_executions_project_id, test_executions.status AS test_executions_status, test_executions.overall_status AS test_executions_overall_status, test_executions.started_at AS test_executions_started_at, test_executions.completed_at AS test_executions_completed_at, test_executions.total_execution_time AS test_executions_total_execution_time, test_executions.report_path AS test_executions_report_path, test_executions.script_path AS test_executions_script_path, test_executions.video_path AS test_executions_video_path, test_executions.error_message AS test_executions_error_message 
FROM test_executions 
WHERE test_executions.execution_id = %(execution_id_1)s 
 LIMIT %(param_1)s
2025-11-12 11:03:51,171 - sqlalchemy.engine.Engine - INFO - [cached since 8.78e+04s ago] {'execution_id_1': 'exec_RBPLCD-8889_20251112_110001', 'param_1': 1}
2025-11-12 11:03:51,174 - sqlalchemy.engine.Engine - INFO - ROLLBACK
2025-11-12 11:03:53,449 - TestAutomationAPI - INFO - Test Automation API shutting down...
