2025-11-09 10:20:42,869 - TestAutomationAPI - INFO - Starting Test Automation API...
2025-11-09 10:20:42,872 - TestAutomationAPI - INFO - Verified all directories exist
2025-11-09 10:20:42,877 - sqlalchemy.engine.Engine - INFO - BEGIN (implicit)
2025-11-09 10:20:42,880 - sqlalchemy.engine.Engine - INFO - SELECT pg_catalog.pg_class.relname 
FROM pg_catalog.pg_class JOIN pg_catalog.pg_namespace ON pg_catalog.pg_namespace.oid = pg_catalog.pg_class.relnamespace 
WHERE pg_catalog.pg_class.relname = %(table_name)s AND pg_catalog.pg_class.relkind = ANY (ARRAY[%(param_1)s, %(param_2)s, %(param_3)s, %(param_4)s, %(param_5)s]) AND pg_catalog.pg_table_is_visible(pg_catalog.pg_class.oid) AND pg_catalog.pg_namespace.nspname != %(nspname_1)s
2025-11-09 10:20:42,880 - sqlalchemy.engine.Engine - INFO - [cached since 0.03198s ago] {'table_name': 'projects', 'param_1': 'r', 'param_2': 'p', 'param_3': 'f', 'param_4': 'v', 'param_5': 'm', 'nspname_1': 'pg_catalog'}
2025-11-09 10:20:42,883 - sqlalchemy.engine.Engine - INFO - SELECT pg_catalog.pg_class.relname 
FROM pg_catalog.pg_class JOIN pg_catalog.pg_namespace ON pg_catalog.pg_namespace.oid = pg_catalog.pg_class.relnamespace 
WHERE pg_catalog.pg_class.relname = %(table_name)s AND pg_catalog.pg_class.relkind = ANY (ARRAY[%(param_1)s, %(param_2)s, %(param_3)s, %(param_4)s, %(param_5)s]) AND pg_catalog.pg_table_is_visible(pg_catalog.pg_class.oid) AND pg_catalog.pg_namespace.nspname != %(nspname_1)s
2025-11-09 10:20:42,884 - sqlalchemy.engine.Engine - INFO - [cached since 0.0347s ago] {'table_name': 'testers', 'param_1': 'r', 'param_2': 'p', 'param_3': 'f', 'param_4': 'v', 'param_5': 'm', 'nspname_1': 'pg_catalog'}
2025-11-09 10:20:42,885 - sqlalchemy.engine.Engine - INFO - SELECT pg_catalog.pg_class.relname 
FROM pg_catalog.pg_class JOIN pg_catalog.pg_namespace ON pg_catalog.pg_namespace.oid = pg_catalog.pg_class.relnamespace 
WHERE pg_catalog.pg_class.relname = %(table_name)s AND pg_catalog.pg_class.relkind = ANY (ARRAY[%(param_1)s, %(param_2)s, %(param_3)s, %(param_4)s, %(param_5)s]) AND pg_catalog.pg_table_is_visible(pg_catalog.pg_class.oid) AND pg_catalog.pg_namespace.nspname != %(nspname_1)s
2025-11-09 10:20:42,885 - sqlalchemy.engine.Engine - INFO - [cached since 0.03752s ago] {'table_name': 'tickets', 'param_1': 'r', 'param_2': 'p', 'param_3': 'f', 'param_4': 'v', 'param_5': 'm', 'nspname_1': 'pg_catalog'}
2025-11-09 10:20:42,889 - sqlalchemy.engine.Engine - INFO - SELECT pg_catalog.pg_class.relname 
FROM pg_catalog.pg_class JOIN pg_catalog.pg_namespace ON pg_catalog.pg_namespace.oid = pg_catalog.pg_class.relnamespace 
WHERE pg_catalog.pg_class.relname = %(table_name)s AND pg_catalog.pg_class.relkind = ANY (ARRAY[%(param_1)s, %(param_2)s, %(param_3)s, %(param_4)s, %(param_5)s]) AND pg_catalog.pg_table_is_visible(pg_catalog.pg_class.oid) AND pg_catalog.pg_namespace.nspname != %(nspname_1)s
2025-11-09 10:20:42,889 - sqlalchemy.engine.Engine - INFO - [cached since 0.04111s ago] {'table_name': 'test_executions', 'param_1': 'r', 'param_2': 'p', 'param_3': 'f', 'param_4': 'v', 'param_5': 'm', 'nspname_1': 'pg_catalog'}
2025-11-09 10:20:42,893 - sqlalchemy.engine.Engine - INFO - SELECT pg_catalog.pg_class.relname 
FROM pg_catalog.pg_class JOIN pg_catalog.pg_namespace ON pg_catalog.pg_namespace.oid = pg_catalog.pg_class.relnamespace 
WHERE pg_catalog.pg_class.relname = %(table_name)s AND pg_catalog.pg_class.relkind = ANY (ARRAY[%(param_1)s, %(param_2)s, %(param_3)s, %(param_4)s, %(param_5)s]) AND pg_catalog.pg_table_is_visible(pg_catalog.pg_class.oid) AND pg_catalog.pg_namespace.nspname != %(nspname_1)s
2025-11-09 10:20:42,896 - sqlalchemy.engine.Engine - INFO - [cached since 0.04776s ago] {'table_name': 'execution_steps', 'param_1': 'r', 'param_2': 'p', 'param_3': 'f', 'param_4': 'v', 'param_5': 'm', 'nspname_1': 'pg_catalog'}
2025-11-09 10:20:42,899 - sqlalchemy.engine.Engine - INFO - SELECT pg_catalog.pg_class.relname 
FROM pg_catalog.pg_class JOIN pg_catalog.pg_namespace ON pg_catalog.pg_namespace.oid = pg_catalog.pg_class.relnamespace 
WHERE pg_catalog.pg_class.relname = %(table_name)s AND pg_catalog.pg_class.relkind = ANY (ARRAY[%(param_1)s, %(param_2)s, %(param_3)s, %(param_4)s, %(param_5)s]) AND pg_catalog.pg_table_is_visible(pg_catalog.pg_class.oid) AND pg_catalog.pg_namespace.nspname != %(nspname_1)s
2025-11-09 10:20:42,899 - sqlalchemy.engine.Engine - INFO - [cached since 0.05045s ago] {'table_name': 'project_configs', 'param_1': 'r', 'param_2': 'p', 'param_3': 'f', 'param_4': 'v', 'param_5': 'm', 'nspname_1': 'pg_catalog'}
2025-11-09 10:20:42,902 - sqlalchemy.engine.Engine - INFO - COMMIT
2025-11-09 10:20:42,902 - TestAutomationAPI - INFO - Database tables verified
2025-11-09 10:20:42,929 - TestAutomationAPI - INFO - ======================================================================
2025-11-09 10:20:42,929 - TestAutomationAPI - INFO - Test Automation API Started Successfully
2025-11-09 10:20:42,932 - TestAutomationAPI - INFO - Host: 0.0.0.0:8000
2025-11-09 10:20:42,932 - TestAutomationAPI - INFO - Docs: http://0.0.0.0:8000/docs
2025-11-09 10:20:42,932 - TestAutomationAPI - INFO - ======================================================================
2025-11-09 10:21:20,476 - TestAutomationAPI - INFO - Test Automation API shutting down...
2025-11-09 10:21:22,965 - TestAutomationAPI - INFO - Starting Test Automation API...
2025-11-09 10:21:22,965 - TestAutomationAPI - INFO - Verified all directories exist
2025-11-09 10:21:22,965 - sqlalchemy.engine.Engine - INFO - BEGIN (implicit)
2025-11-09 10:21:22,965 - sqlalchemy.engine.Engine - INFO - SELECT pg_catalog.pg_class.relname 
FROM pg_catalog.pg_class JOIN pg_catalog.pg_namespace ON pg_catalog.pg_namespace.oid = pg_catalog.pg_class.relnamespace 
WHERE pg_catalog.pg_class.relname = %(table_name)s AND pg_catalog.pg_class.relkind = ANY (ARRAY[%(param_1)s, %(param_2)s, %(param_3)s, %(param_4)s, %(param_5)s]) AND pg_catalog.pg_table_is_visible(pg_catalog.pg_class.oid) AND pg_catalog.pg_namespace.nspname != %(nspname_1)s
2025-11-09 10:21:22,965 - sqlalchemy.engine.Engine - INFO - [cached since 0.01987s ago] {'table_name': 'projects', 'param_1': 'r', 'param_2': 'p', 'param_3': 'f', 'param_4': 'v', 'param_5': 'm', 'nspname_1': 'pg_catalog'}
2025-11-09 10:21:22,965 - sqlalchemy.engine.Engine - INFO - SELECT pg_catalog.pg_class.relname 
FROM pg_catalog.pg_class JOIN pg_catalog.pg_namespace ON pg_catalog.pg_namespace.oid = pg_catalog.pg_class.relnamespace 
WHERE pg_catalog.pg_class.relname = %(table_name)s AND pg_catalog.pg_class.relkind = ANY (ARRAY[%(param_1)s, %(param_2)s, %(param_3)s, %(param_4)s, %(param_5)s]) AND pg_catalog.pg_table_is_visible(pg_catalog.pg_class.oid) AND pg_catalog.pg_namespace.nspname != %(nspname_1)s
2025-11-09 10:21:22,978 - sqlalchemy.engine.Engine - INFO - [cached since 0.02364s ago] {'table_name': 'testers', 'param_1': 'r', 'param_2': 'p', 'param_3': 'f', 'param_4': 'v', 'param_5': 'm', 'nspname_1': 'pg_catalog'}
2025-11-09 10:21:22,980 - sqlalchemy.engine.Engine - INFO - SELECT pg_catalog.pg_class.relname 
FROM pg_catalog.pg_class JOIN pg_catalog.pg_namespace ON pg_catalog.pg_namespace.oid = pg_catalog.pg_class.relnamespace 
WHERE pg_catalog.pg_class.relname = %(table_name)s AND pg_catalog.pg_class.relkind = ANY (ARRAY[%(param_1)s, %(param_2)s, %(param_3)s, %(param_4)s, %(param_5)s]) AND pg_catalog.pg_table_is_visible(pg_catalog.pg_class.oid) AND pg_catalog.pg_namespace.nspname != %(nspname_1)s
2025-11-09 10:21:22,980 - sqlalchemy.engine.Engine - INFO - [cached since 0.02628s ago] {'table_name': 'tickets', 'param_1': 'r', 'param_2': 'p', 'param_3': 'f', 'param_4': 'v', 'param_5': 'm', 'nspname_1': 'pg_catalog'}
2025-11-09 10:21:22,980 - sqlalchemy.engine.Engine - INFO - SELECT pg_catalog.pg_class.relname 
FROM pg_catalog.pg_class JOIN pg_catalog.pg_namespace ON pg_catalog.pg_namespace.oid = pg_catalog.pg_class.relnamespace 
WHERE pg_catalog.pg_class.relname = %(table_name)s AND pg_catalog.pg_class.relkind = ANY (ARRAY[%(param_1)s, %(param_2)s, %(param_3)s, %(param_4)s, %(param_5)s]) AND pg_catalog.pg_table_is_visible(pg_catalog.pg_class.oid) AND pg_catalog.pg_namespace.nspname != %(nspname_1)s
2025-11-09 10:21:22,980 - sqlalchemy.engine.Engine - INFO - [cached since 0.02865s ago] {'table_name': 'test_executions', 'param_1': 'r', 'param_2': 'p', 'param_3': 'f', 'param_4': 'v', 'param_5': 'm', 'nspname_1': 'pg_catalog'}
2025-11-09 10:21:22,985 - sqlalchemy.engine.Engine - INFO - SELECT pg_catalog.pg_class.relname 
FROM pg_catalog.pg_class JOIN pg_catalog.pg_namespace ON pg_catalog.pg_namespace.oid = pg_catalog.pg_class.relnamespace 
WHERE pg_catalog.pg_class.relname = %(table_name)s AND pg_catalog.pg_class.relkind = ANY (ARRAY[%(param_1)s, %(param_2)s, %(param_3)s, %(param_4)s, %(param_5)s]) AND pg_catalog.pg_table_is_visible(pg_catalog.pg_class.oid) AND pg_catalog.pg_namespace.nspname != %(nspname_1)s
2025-11-09 10:21:22,985 - sqlalchemy.engine.Engine - INFO - [cached since 0.03091s ago] {'table_name': 'execution_steps', 'param_1': 'r', 'param_2': 'p', 'param_3': 'f', 'param_4': 'v', 'param_5': 'm', 'nspname_1': 'pg_catalog'}
2025-11-09 10:21:22,986 - sqlalchemy.engine.Engine - INFO - SELECT pg_catalog.pg_class.relname 
FROM pg_catalog.pg_class JOIN pg_catalog.pg_namespace ON pg_catalog.pg_namespace.oid = pg_catalog.pg_class.relnamespace 
WHERE pg_catalog.pg_class.relname = %(table_name)s AND pg_catalog.pg_class.relkind = ANY (ARRAY[%(param_1)s, %(param_2)s, %(param_3)s, %(param_4)s, %(param_5)s]) AND pg_catalog.pg_table_is_visible(pg_catalog.pg_class.oid) AND pg_catalog.pg_namespace.nspname != %(nspname_1)s
2025-11-09 10:21:22,986 - sqlalchemy.engine.Engine - INFO - [cached since 0.03348s ago] {'table_name': 'project_configs', 'param_1': 'r', 'param_2': 'p', 'param_3': 'f', 'param_4': 'v', 'param_5': 'm', 'nspname_1': 'pg_catalog'}
2025-11-09 10:21:22,986 - sqlalchemy.engine.Engine - INFO - COMMIT
2025-11-09 10:21:22,986 - TestAutomationAPI - INFO - Database tables verified
2025-11-09 10:21:22,993 - TestAutomationAPI - INFO - ======================================================================
2025-11-09 10:21:22,993 - TestAutomationAPI - INFO - Test Automation API Started Successfully
2025-11-09 10:21:22,993 - TestAutomationAPI - INFO - Host: 0.0.0.0:8000
2025-11-09 10:21:22,993 - TestAutomationAPI - INFO - Docs: http://0.0.0.0:8000/docs
2025-11-09 10:21:22,993 - TestAutomationAPI - INFO - ======================================================================
2025-11-09 10:22:29,860 - TestAutomationAPI - INFO - Test Automation API shutting down...
2025-11-09 10:22:56,932 - TestAutomationAPI - INFO - Starting Test Automation API...
2025-11-09 10:22:56,934 - TestAutomationAPI - INFO - Verified all directories exist
2025-11-09 10:22:56,934 - sqlalchemy.engine.Engine - INFO - BEGIN (implicit)
2025-11-09 10:22:56,934 - sqlalchemy.engine.Engine - INFO - SELECT pg_catalog.pg_class.relname 
FROM pg_catalog.pg_class JOIN pg_catalog.pg_namespace ON pg_catalog.pg_namespace.oid = pg_catalog.pg_class.relnamespace 
WHERE pg_catalog.pg_class.relname = %(table_name)s AND pg_catalog.pg_class.relkind = ANY (ARRAY[%(param_1)s, %(param_2)s, %(param_3)s, %(param_4)s, %(param_5)s]) AND pg_catalog.pg_table_is_visible(pg_catalog.pg_class.oid) AND pg_catalog.pg_namespace.nspname != %(nspname_1)s
2025-11-09 10:22:56,934 - sqlalchemy.engine.Engine - INFO - [cached since 0.02157s ago] {'table_name': 'projects', 'param_1': 'r', 'param_2': 'p', 'param_3': 'f', 'param_4': 'v', 'param_5': 'm', 'nspname_1': 'pg_catalog'}
2025-11-09 10:22:56,934 - sqlalchemy.engine.Engine - INFO - SELECT pg_catalog.pg_class.relname 
FROM pg_catalog.pg_class JOIN pg_catalog.pg_namespace ON pg_catalog.pg_namespace.oid = pg_catalog.pg_class.relnamespace 
WHERE pg_catalog.pg_class.relname = %(table_name)s AND pg_catalog.pg_class.relkind = ANY (ARRAY[%(param_1)s, %(param_2)s, %(param_3)s, %(param_4)s, %(param_5)s]) AND pg_catalog.pg_table_is_visible(pg_catalog.pg_class.oid) AND pg_catalog.pg_namespace.nspname != %(nspname_1)s
2025-11-09 10:22:56,934 - sqlalchemy.engine.Engine - INFO - [cached since 0.02386s ago] {'table_name': 'testers', 'param_1': 'r', 'param_2': 'p', 'param_3': 'f', 'param_4': 'v', 'param_5': 'm', 'nspname_1': 'pg_catalog'}
2025-11-09 10:22:56,942 - sqlalchemy.engine.Engine - INFO - SELECT pg_catalog.pg_class.relname 
FROM pg_catalog.pg_class JOIN pg_catalog.pg_namespace ON pg_catalog.pg_namespace.oid = pg_catalog.pg_class.relnamespace 
WHERE pg_catalog.pg_class.relname = %(table_name)s AND pg_catalog.pg_class.relkind = ANY (ARRAY[%(param_1)s, %(param_2)s, %(param_3)s, %(param_4)s, %(param_5)s]) AND pg_catalog.pg_table_is_visible(pg_catalog.pg_class.oid) AND pg_catalog.pg_namespace.nspname != %(nspname_1)s
2025-11-09 10:22:56,942 - sqlalchemy.engine.Engine - INFO - [cached since 0.02641s ago] {'table_name': 'tickets', 'param_1': 'r', 'param_2': 'p', 'param_3': 'f', 'param_4': 'v', 'param_5': 'm', 'nspname_1': 'pg_catalog'}
2025-11-09 10:22:56,945 - sqlalchemy.engine.Engine - INFO - SELECT pg_catalog.pg_class.relname 
FROM pg_catalog.pg_class JOIN pg_catalog.pg_namespace ON pg_catalog.pg_namespace.oid = pg_catalog.pg_class.relnamespace 
WHERE pg_catalog.pg_class.relname = %(table_name)s AND pg_catalog.pg_class.relkind = ANY (ARRAY[%(param_1)s, %(param_2)s, %(param_3)s, %(param_4)s, %(param_5)s]) AND pg_catalog.pg_table_is_visible(pg_catalog.pg_class.oid) AND pg_catalog.pg_namespace.nspname != %(nspname_1)s
2025-11-09 10:22:56,945 - sqlalchemy.engine.Engine - INFO - [cached since 0.02931s ago] {'table_name': 'test_executions', 'param_1': 'r', 'param_2': 'p', 'param_3': 'f', 'param_4': 'v', 'param_5': 'm', 'nspname_1': 'pg_catalog'}
2025-11-09 10:22:56,948 - sqlalchemy.engine.Engine - INFO - SELECT pg_catalog.pg_class.relname 
FROM pg_catalog.pg_class JOIN pg_catalog.pg_namespace ON pg_catalog.pg_namespace.oid = pg_catalog.pg_class.relnamespace 
WHERE pg_catalog.pg_class.relname = %(table_name)s AND pg_catalog.pg_class.relkind = ANY (ARRAY[%(param_1)s, %(param_2)s, %(param_3)s, %(param_4)s, %(param_5)s]) AND pg_catalog.pg_table_is_visible(pg_catalog.pg_class.oid) AND pg_catalog.pg_namespace.nspname != %(nspname_1)s
2025-11-09 10:22:56,949 - sqlalchemy.engine.Engine - INFO - [cached since 0.03246s ago] {'table_name': 'execution_steps', 'param_1': 'r', 'param_2': 'p', 'param_3': 'f', 'param_4': 'v', 'param_5': 'm', 'nspname_1': 'pg_catalog'}
2025-11-09 10:22:56,950 - sqlalchemy.engine.Engine - INFO - SELECT pg_catalog.pg_class.relname 
FROM pg_catalog.pg_class JOIN pg_catalog.pg_namespace ON pg_catalog.pg_namespace.oid = pg_catalog.pg_class.relnamespace 
WHERE pg_catalog.pg_class.relname = %(table_name)s AND pg_catalog.pg_class.relkind = ANY (ARRAY[%(param_1)s, %(param_2)s, %(param_3)s, %(param_4)s, %(param_5)s]) AND pg_catalog.pg_table_is_visible(pg_catalog.pg_class.oid) AND pg_catalog.pg_namespace.nspname != %(nspname_1)s
2025-11-09 10:22:56,952 - sqlalchemy.engine.Engine - INFO - [cached since 0.03566s ago] {'table_name': 'project_configs', 'param_1': 'r', 'param_2': 'p', 'param_3': 'f', 'param_4': 'v', 'param_5': 'm', 'nspname_1': 'pg_catalog'}
2025-11-09 10:22:56,953 - sqlalchemy.engine.Engine - INFO - COMMIT
2025-11-09 10:22:56,955 - TestAutomationAPI - INFO - Database tables verified
2025-11-09 10:22:56,967 - TestAutomationAPI - INFO - ======================================================================
2025-11-09 10:22:56,967 - TestAutomationAPI - INFO - Test Automation API Started Successfully
2025-11-09 10:22:56,973 - TestAutomationAPI - INFO - Host: 0.0.0.0:8000
2025-11-09 10:22:56,973 - TestAutomationAPI - INFO - Docs: http://0.0.0.0:8000/docs
2025-11-09 10:22:56,973 - TestAutomationAPI - INFO - ======================================================================
2025-11-10 10:18:11,684 - sqlalchemy.engine.Engine - INFO - BEGIN (implicit)
2025-11-10 10:18:11,695 - sqlalchemy.engine.Engine - INFO - SELECT projects.id AS projects_id, projects.name AS projects_name, projects.base_folder AS projects_base_folder, projects.web_url AS projects_web_url, projects.browser AS projects_browser, projects.created_at AS projects_created_at, projects.updated_at AS projects_updated_at 
FROM projects 
WHERE projects.id = %(id_1)s 
 LIMIT %(param_1)s
2025-11-10 10:18:11,697 - sqlalchemy.engine.Engine - INFO - [generated in 0.00224s] {'id_1': 1, 'param_1': 1}
2025-11-10 10:18:11,711 - sqlalchemy.engine.Engine - INFO - SELECT tickets.id AS tickets_id, tickets.ticket_id AS tickets_ticket_id, tickets.project_id AS tickets_project_id, tickets.title AS tickets_title, tickets.module AS tickets_module, tickets.description AS tickets_description, tickets.acceptance_criteria AS tickets_acceptance_criteria, tickets.file_path AS tickets_file_path, tickets.created_at AS tickets_created_at 
FROM tickets 
WHERE tickets.ticket_id = %(ticket_id_1)s 
 LIMIT %(param_1)s
2025-11-10 10:18:11,713 - sqlalchemy.engine.Engine - INFO - [generated in 0.00205s] {'ticket_id_1': 'RBPLCD-8889', 'param_1': 1}
2025-11-10 10:18:11,722 - sqlalchemy.engine.Engine - INFO - ROLLBACK
2025-11-10 10:20:46,768 - sqlalchemy.engine.Engine - INFO - BEGIN (implicit)
2025-11-10 10:20:46,769 - sqlalchemy.engine.Engine - INFO - SELECT tickets.id AS tickets_id, tickets.ticket_id AS tickets_ticket_id, tickets.project_id AS tickets_project_id, tickets.title AS tickets_title, tickets.module AS tickets_module, tickets.description AS tickets_description, tickets.acceptance_criteria AS tickets_acceptance_criteria, tickets.file_path AS tickets_file_path, tickets.created_at AS tickets_created_at 
FROM tickets 
WHERE tickets.ticket_id = %(ticket_id_1)s 
 LIMIT %(param_1)s
2025-11-10 10:20:46,770 - sqlalchemy.engine.Engine - INFO - [cached since 155.1s ago] {'ticket_id_1': 'upload', 'param_1': 1}
2025-11-10 10:20:46,775 - sqlalchemy.engine.Engine - INFO - ROLLBACK
2025-11-10 11:45:49,717 - sqlalchemy.engine.Engine - INFO - BEGIN (implicit)
2025-11-10 11:45:49,724 - sqlalchemy.engine.Engine - INFO - SELECT tickets.id AS tickets_id, tickets.ticket_id AS tickets_ticket_id, tickets.project_id AS tickets_project_id, tickets.title AS tickets_title, tickets.module AS tickets_module, tickets.description AS tickets_description, tickets.acceptance_criteria AS tickets_acceptance_criteria, tickets.file_path AS tickets_file_path, tickets.created_at AS tickets_created_at 
FROM tickets 
WHERE tickets.ticket_id = %(ticket_id_1)s 
 LIMIT %(param_1)s
2025-11-10 11:45:49,726 - sqlalchemy.engine.Engine - INFO - [cached since 5258s ago] {'ticket_id_1': 'RBPLCD-889', 'param_1': 1}
2025-11-10 11:45:49,732 - sqlalchemy.engine.Engine - INFO - ROLLBACK
2025-11-10 11:46:11,865 - sqlalchemy.engine.Engine - INFO - BEGIN (implicit)
2025-11-10 11:46:11,867 - sqlalchemy.engine.Engine - INFO - SELECT tickets.id AS tickets_id, tickets.ticket_id AS tickets_ticket_id, tickets.project_id AS tickets_project_id, tickets.title AS tickets_title, tickets.module AS tickets_module, tickets.description AS tickets_description, tickets.acceptance_criteria AS tickets_acceptance_criteria, tickets.file_path AS tickets_file_path, tickets.created_at AS tickets_created_at 
FROM tickets 
WHERE tickets.ticket_id = %(ticket_id_1)s 
 LIMIT %(param_1)s
2025-11-10 11:46:11,868 - sqlalchemy.engine.Engine - INFO - [cached since 5280s ago] {'ticket_id_1': 'RBPLCD-8889', 'param_1': 1}
2025-11-10 11:46:11,935 - sqlalchemy.engine.Engine - INFO - ROLLBACK
2025-11-10 11:46:44,275 - sqlalchemy.engine.Engine - INFO - BEGIN (implicit)
2025-11-10 11:46:44,275 - sqlalchemy.engine.Engine - INFO - SELECT tickets.id AS tickets_id, tickets.ticket_id AS tickets_ticket_id, tickets.project_id AS tickets_project_id, tickets.title AS tickets_title, tickets.module AS tickets_module, tickets.description AS tickets_description, tickets.acceptance_criteria AS tickets_acceptance_criteria, tickets.file_path AS tickets_file_path, tickets.created_at AS tickets_created_at 
FROM tickets 
WHERE tickets.ticket_id = %(ticket_id_1)s 
 LIMIT %(param_1)s
2025-11-10 11:46:44,277 - sqlalchemy.engine.Engine - INFO - [cached since 5312s ago] {'ticket_id_1': 'RBPLCD-8889', 'param_1': 1}
2025-11-10 11:46:44,341 - sqlalchemy.engine.Engine - INFO - INSERT INTO test_executions (execution_id, ticket_id, project_id, status, overall_status, started_at, completed_at, total_execution_time, report_path, script_path, video_path, error_message) VALUES (%(execution_id)s, %(ticket_id)s, %(project_id)s, %(status)s, %(overall_status)s, %(started_at)s, %(completed_at)s, %(total_execution_time)s, %(report_path)s, %(script_path)s, %(video_path)s, %(error_message)s) RETURNING test_executions.id
2025-11-10 11:46:44,342 - sqlalchemy.engine.Engine - INFO - [generated in 0.00115s] {'execution_id': 'exec_RBPLCD-8889_20251110_114644', 'ticket_id': 'RBPLCD-8889', 'project_id': 1, 'status': 'running', 'overall_status': None, 'started_at': datetime.datetime(2025, 11, 10, 11, 46, 44, 283816), 'completed_at': None, 'total_execution_time': None, 'report_path': None, 'script_path': None, 'video_path': None, 'error_message': None}
2025-11-10 11:46:44,355 - sqlalchemy.engine.Engine - INFO - COMMIT
2025-11-10 11:46:44,362 - sqlalchemy.engine.Engine - INFO - BEGIN (implicit)
2025-11-10 11:46:44,369 - sqlalchemy.engine.Engine - INFO - SELECT test_executions.id, test_executions.execution_id, test_executions.ticket_id, test_executions.project_id, test_executions.status, test_executions.overall_status, test_executions.started_at, test_executions.completed_at, test_executions.total_execution_time, test_executions.report_path, test_executions.script_path, test_executions.video_path, test_executions.error_message 
FROM test_executions 
WHERE test_executions.id = %(pk_1)s
2025-11-10 11:46:44,370 - sqlalchemy.engine.Engine - INFO - [generated in 0.00099s] {'pk_1': 2}
2025-11-10 11:46:44,378 - TestExecutionService - INFO - Created execution record: exec_RBPLCD-8889_20251110_114644
2025-11-10 11:46:44,380 - sqlalchemy.engine.Engine - INFO - SELECT tickets.id AS tickets_id, tickets.ticket_id AS tickets_ticket_id, tickets.project_id AS tickets_project_id, tickets.title AS tickets_title, tickets.module AS tickets_module, tickets.description AS tickets_description, tickets.acceptance_criteria AS tickets_acceptance_criteria, tickets.file_path AS tickets_file_path, tickets.created_at AS tickets_created_at 
FROM tickets 
WHERE tickets.id = %(pk_1)s
2025-11-10 11:46:44,381 - sqlalchemy.engine.Engine - INFO - [generated in 0.00093s] {'pk_1': 1}
2025-11-10 11:46:44,391 - sqlalchemy.engine.Engine - INFO - ROLLBACK
2025-11-10 11:46:46,410 - sqlalchemy.engine.Engine - INFO - BEGIN (implicit)
2025-11-10 11:46:46,414 - sqlalchemy.engine.Engine - INFO - SELECT test_executions.id AS test_executions_id, test_executions.execution_id AS test_executions_execution_id, test_executions.ticket_id AS test_executions_ticket_id, test_executions.project_id AS test_executions_project_id, test_executions.status AS test_executions_status, test_executions.overall_status AS test_executions_overall_status, test_executions.started_at AS test_executions_started_at, test_executions.completed_at AS test_executions_completed_at, test_executions.total_execution_time AS test_executions_total_execution_time, test_executions.report_path AS test_executions_report_path, test_executions.script_path AS test_executions_script_path, test_executions.video_path AS test_executions_video_path, test_executions.error_message AS test_executions_error_message 
FROM test_executions 
WHERE test_executions.execution_id = %(execution_id_1)s 
 LIMIT %(param_1)s
2025-11-10 11:46:46,415 - sqlalchemy.engine.Engine - INFO - [generated in 0.00117s] {'execution_id_1': 'exec_RBPLCD-8889_20251110_114644', 'param_1': 1}
2025-11-10 11:46:46,421 - sqlalchemy.engine.Engine - INFO - ROLLBACK
2025-11-10 11:46:48,398 - sqlalchemy.engine.Engine - INFO - BEGIN (implicit)
2025-11-10 11:46:48,409 - sqlalchemy.engine.Engine - INFO - SELECT test_executions.id AS test_executions_id, test_executions.execution_id AS test_executions_execution_id, test_executions.ticket_id AS test_executions_ticket_id, test_executions.project_id AS test_executions_project_id, test_executions.status AS test_executions_status, test_executions.overall_status AS test_executions_overall_status, test_executions.started_at AS test_executions_started_at, test_executions.completed_at AS test_executions_completed_at, test_executions.total_execution_time AS test_executions_total_execution_time, test_executions.report_path AS test_executions_report_path, test_executions.script_path AS test_executions_script_path, test_executions.video_path AS test_executions_video_path, test_executions.error_message AS test_executions_error_message 
FROM test_executions 
WHERE test_executions.execution_id = %(execution_id_1)s 
 LIMIT %(param_1)s
2025-11-10 11:46:48,420 - sqlalchemy.engine.Engine - INFO - [cached since 2.006s ago] {'execution_id_1': 'exec_RBPLCD-8889_20251110_114644', 'param_1': 1}
2025-11-10 11:46:48,428 - sqlalchemy.engine.Engine - INFO - ROLLBACK
2025-11-10 11:46:50,403 - sqlalchemy.engine.Engine - INFO - BEGIN (implicit)
2025-11-10 11:46:50,404 - sqlalchemy.engine.Engine - INFO - SELECT test_executions.id AS test_executions_id, test_executions.execution_id AS test_executions_execution_id, test_executions.ticket_id AS test_executions_ticket_id, test_executions.project_id AS test_executions_project_id, test_executions.status AS test_executions_status, test_executions.overall_status AS test_executions_overall_status, test_executions.started_at AS test_executions_started_at, test_executions.completed_at AS test_executions_completed_at, test_executions.total_execution_time AS test_executions_total_execution_time, test_executions.report_path AS test_executions_report_path, test_executions.script_path AS test_executions_script_path, test_executions.video_path AS test_executions_video_path, test_executions.error_message AS test_executions_error_message 
FROM test_executions 
WHERE test_executions.execution_id = %(execution_id_1)s 
 LIMIT %(param_1)s
2025-11-10 11:46:50,404 - sqlalchemy.engine.Engine - INFO - [cached since 3.99s ago] {'execution_id_1': 'exec_RBPLCD-8889_20251110_114644', 'param_1': 1}
2025-11-10 11:46:50,408 - sqlalchemy.engine.Engine - INFO - ROLLBACK
2025-11-10 11:46:52,401 - sqlalchemy.engine.Engine - INFO - BEGIN (implicit)
2025-11-10 11:46:52,402 - sqlalchemy.engine.Engine - INFO - SELECT test_executions.id AS test_executions_id, test_executions.execution_id AS test_executions_execution_id, test_executions.ticket_id AS test_executions_ticket_id, test_executions.project_id AS test_executions_project_id, test_executions.status AS test_executions_status, test_executions.overall_status AS test_executions_overall_status, test_executions.started_at AS test_executions_started_at, test_executions.completed_at AS test_executions_completed_at, test_executions.total_execution_time AS test_executions_total_execution_time, test_executions.report_path AS test_executions_report_path, test_executions.script_path AS test_executions_script_path, test_executions.video_path AS test_executions_video_path, test_executions.error_message AS test_executions_error_message 
FROM test_executions 
WHERE test_executions.execution_id = %(execution_id_1)s 
 LIMIT %(param_1)s
2025-11-10 11:46:52,403 - sqlalchemy.engine.Engine - INFO - [cached since 5.988s ago] {'execution_id_1': 'exec_RBPLCD-8889_20251110_114644', 'param_1': 1}
2025-11-10 11:46:52,406 - sqlalchemy.engine.Engine - INFO - ROLLBACK
2025-11-10 11:46:54,705 - sqlalchemy.engine.Engine - INFO - BEGIN (implicit)
2025-11-10 11:46:54,706 - sqlalchemy.engine.Engine - INFO - SELECT test_executions.id AS test_executions_id, test_executions.execution_id AS test_executions_execution_id, test_executions.ticket_id AS test_executions_ticket_id, test_executions.project_id AS test_executions_project_id, test_executions.status AS test_executions_status, test_executions.overall_status AS test_executions_overall_status, test_executions.started_at AS test_executions_started_at, test_executions.completed_at AS test_executions_completed_at, test_executions.total_execution_time AS test_executions_total_execution_time, test_executions.report_path AS test_executions_report_path, test_executions.script_path AS test_executions_script_path, test_executions.video_path AS test_executions_video_path, test_executions.error_message AS test_executions_error_message 
FROM test_executions 
WHERE test_executions.execution_id = %(execution_id_1)s 
 LIMIT %(param_1)s
2025-11-10 11:46:54,707 - sqlalchemy.engine.Engine - INFO - [cached since 8.293s ago] {'execution_id_1': 'exec_RBPLCD-8889_20251110_114644', 'param_1': 1}
2025-11-10 11:46:54,710 - sqlalchemy.engine.Engine - INFO - ROLLBACK
2025-11-10 11:46:56,397 - sqlalchemy.engine.Engine - INFO - BEGIN (implicit)
2025-11-10 11:46:56,399 - sqlalchemy.engine.Engine - INFO - SELECT test_executions.id AS test_executions_id, test_executions.execution_id AS test_executions_execution_id, test_executions.ticket_id AS test_executions_ticket_id, test_executions.project_id AS test_executions_project_id, test_executions.status AS test_executions_status, test_executions.overall_status AS test_executions_overall_status, test_executions.started_at AS test_executions_started_at, test_executions.completed_at AS test_executions_completed_at, test_executions.total_execution_time AS test_executions_total_execution_time, test_executions.report_path AS test_executions_report_path, test_executions.script_path AS test_executions_script_path, test_executions.video_path AS test_executions_video_path, test_executions.error_message AS test_executions_error_message 
FROM test_executions 
WHERE test_executions.execution_id = %(execution_id_1)s 
 LIMIT %(param_1)s
2025-11-10 11:46:56,399 - sqlalchemy.engine.Engine - INFO - [cached since 9.985s ago] {'execution_id_1': 'exec_RBPLCD-8889_20251110_114644', 'param_1': 1}
2025-11-10 11:46:56,402 - sqlalchemy.engine.Engine - INFO - ROLLBACK
2025-11-10 11:46:58,397 - sqlalchemy.engine.Engine - INFO - BEGIN (implicit)
2025-11-10 11:46:58,398 - sqlalchemy.engine.Engine - INFO - SELECT test_executions.id AS test_executions_id, test_executions.execution_id AS test_executions_execution_id, test_executions.ticket_id AS test_executions_ticket_id, test_executions.project_id AS test_executions_project_id, test_executions.status AS test_executions_status, test_executions.overall_status AS test_executions_overall_status, test_executions.started_at AS test_executions_started_at, test_executions.completed_at AS test_executions_completed_at, test_executions.total_execution_time AS test_executions_total_execution_time, test_executions.report_path AS test_executions_report_path, test_executions.script_path AS test_executions_script_path, test_executions.video_path AS test_executions_video_path, test_executions.error_message AS test_executions_error_message 
FROM test_executions 
WHERE test_executions.execution_id = %(execution_id_1)s 
 LIMIT %(param_1)s
2025-11-10 11:46:58,399 - sqlalchemy.engine.Engine - INFO - [cached since 11.98s ago] {'execution_id_1': 'exec_RBPLCD-8889_20251110_114644', 'param_1': 1}
2025-11-10 11:46:58,402 - sqlalchemy.engine.Engine - INFO - ROLLBACK
2025-11-10 11:47:00,403 - sqlalchemy.engine.Engine - INFO - BEGIN (implicit)
2025-11-10 11:47:00,404 - sqlalchemy.engine.Engine - INFO - SELECT test_executions.id AS test_executions_id, test_executions.execution_id AS test_executions_execution_id, test_executions.ticket_id AS test_executions_ticket_id, test_executions.project_id AS test_executions_project_id, test_executions.status AS test_executions_status, test_executions.overall_status AS test_executions_overall_status, test_executions.started_at AS test_executions_started_at, test_executions.completed_at AS test_executions_completed_at, test_executions.total_execution_time AS test_executions_total_execution_time, test_executions.report_path AS test_executions_report_path, test_executions.script_path AS test_executions_script_path, test_executions.video_path AS test_executions_video_path, test_executions.error_message AS test_executions_error_message 
FROM test_executions 
WHERE test_executions.execution_id = %(execution_id_1)s 
 LIMIT %(param_1)s
2025-11-10 11:47:00,406 - sqlalchemy.engine.Engine - INFO - [cached since 13.99s ago] {'execution_id_1': 'exec_RBPLCD-8889_20251110_114644', 'param_1': 1}
2025-11-10 11:47:00,411 - sqlalchemy.engine.Engine - INFO - ROLLBACK
2025-11-10 11:47:02,409 - sqlalchemy.engine.Engine - INFO - BEGIN (implicit)
2025-11-10 11:47:02,410 - sqlalchemy.engine.Engine - INFO - SELECT test_executions.id AS test_executions_id, test_executions.execution_id AS test_executions_execution_id, test_executions.ticket_id AS test_executions_ticket_id, test_executions.project_id AS test_executions_project_id, test_executions.status AS test_executions_status, test_executions.overall_status AS test_executions_overall_status, test_executions.started_at AS test_executions_started_at, test_executions.completed_at AS test_executions_completed_at, test_executions.total_execution_time AS test_executions_total_execution_time, test_executions.report_path AS test_executions_report_path, test_executions.script_path AS test_executions_script_path, test_executions.video_path AS test_executions_video_path, test_executions.error_message AS test_executions_error_message 
FROM test_executions 
WHERE test_executions.execution_id = %(execution_id_1)s 
 LIMIT %(param_1)s
2025-11-10 11:47:02,410 - sqlalchemy.engine.Engine - INFO - [cached since 16s ago] {'execution_id_1': 'exec_RBPLCD-8889_20251110_114644', 'param_1': 1}
2025-11-10 11:47:02,413 - sqlalchemy.engine.Engine - INFO - ROLLBACK
2025-11-10 11:47:04,713 - sqlalchemy.engine.Engine - INFO - BEGIN (implicit)
2025-11-10 11:47:04,714 - sqlalchemy.engine.Engine - INFO - SELECT test_executions.id AS test_executions_id, test_executions.execution_id AS test_executions_execution_id, test_executions.ticket_id AS test_executions_ticket_id, test_executions.project_id AS test_executions_project_id, test_executions.status AS test_executions_status, test_executions.overall_status AS test_executions_overall_status, test_executions.started_at AS test_executions_started_at, test_executions.completed_at AS test_executions_completed_at, test_executions.total_execution_time AS test_executions_total_execution_time, test_executions.report_path AS test_executions_report_path, test_executions.script_path AS test_executions_script_path, test_executions.video_path AS test_executions_video_path, test_executions.error_message AS test_executions_error_message 
FROM test_executions 
WHERE test_executions.execution_id = %(execution_id_1)s 
 LIMIT %(param_1)s
2025-11-10 11:47:04,716 - sqlalchemy.engine.Engine - INFO - [cached since 18.3s ago] {'execution_id_1': 'exec_RBPLCD-8889_20251110_114644', 'param_1': 1}
2025-11-10 11:47:04,723 - sqlalchemy.engine.Engine - INFO - ROLLBACK
2025-11-10 11:47:06,397 - sqlalchemy.engine.Engine - INFO - BEGIN (implicit)
2025-11-10 11:47:06,398 - sqlalchemy.engine.Engine - INFO - SELECT test_executions.id AS test_executions_id, test_executions.execution_id AS test_executions_execution_id, test_executions.ticket_id AS test_executions_ticket_id, test_executions.project_id AS test_executions_project_id, test_executions.status AS test_executions_status, test_executions.overall_status AS test_executions_overall_status, test_executions.started_at AS test_executions_started_at, test_executions.completed_at AS test_executions_completed_at, test_executions.total_execution_time AS test_executions_total_execution_time, test_executions.report_path AS test_executions_report_path, test_executions.script_path AS test_executions_script_path, test_executions.video_path AS test_executions_video_path, test_executions.error_message AS test_executions_error_message 
FROM test_executions 
WHERE test_executions.execution_id = %(execution_id_1)s 
 LIMIT %(param_1)s
2025-11-10 11:47:06,398 - sqlalchemy.engine.Engine - INFO - [cached since 19.98s ago] {'execution_id_1': 'exec_RBPLCD-8889_20251110_114644', 'param_1': 1}
2025-11-10 11:47:06,402 - sqlalchemy.engine.Engine - INFO - ROLLBACK
2025-11-10 11:47:08,397 - sqlalchemy.engine.Engine - INFO - BEGIN (implicit)
2025-11-10 11:47:08,398 - sqlalchemy.engine.Engine - INFO - SELECT test_executions.id AS test_executions_id, test_executions.execution_id AS test_executions_execution_id, test_executions.ticket_id AS test_executions_ticket_id, test_executions.project_id AS test_executions_project_id, test_executions.status AS test_executions_status, test_executions.overall_status AS test_executions_overall_status, test_executions.started_at AS test_executions_started_at, test_executions.completed_at AS test_executions_completed_at, test_executions.total_execution_time AS test_executions_total_execution_time, test_executions.report_path AS test_executions_report_path, test_executions.script_path AS test_executions_script_path, test_executions.video_path AS test_executions_video_path, test_executions.error_message AS test_executions_error_message 
FROM test_executions 
WHERE test_executions.execution_id = %(execution_id_1)s 
 LIMIT %(param_1)s
2025-11-10 11:47:08,399 - sqlalchemy.engine.Engine - INFO - [cached since 21.98s ago] {'execution_id_1': 'exec_RBPLCD-8889_20251110_114644', 'param_1': 1}
2025-11-10 11:47:08,402 - sqlalchemy.engine.Engine - INFO - ROLLBACK
2025-11-10 11:47:10,405 - sqlalchemy.engine.Engine - INFO - BEGIN (implicit)
2025-11-10 11:47:10,406 - sqlalchemy.engine.Engine - INFO - SELECT test_executions.id AS test_executions_id, test_executions.execution_id AS test_executions_execution_id, test_executions.ticket_id AS test_executions_ticket_id, test_executions.project_id AS test_executions_project_id, test_executions.status AS test_executions_status, test_executions.overall_status AS test_executions_overall_status, test_executions.started_at AS test_executions_started_at, test_executions.completed_at AS test_executions_completed_at, test_executions.total_execution_time AS test_executions_total_execution_time, test_executions.report_path AS test_executions_report_path, test_executions.script_path AS test_executions_script_path, test_executions.video_path AS test_executions_video_path, test_executions.error_message AS test_executions_error_message 
FROM test_executions 
WHERE test_executions.execution_id = %(execution_id_1)s 
 LIMIT %(param_1)s
2025-11-10 11:47:10,406 - sqlalchemy.engine.Engine - INFO - [cached since 23.99s ago] {'execution_id_1': 'exec_RBPLCD-8889_20251110_114644', 'param_1': 1}
2025-11-10 11:47:10,410 - sqlalchemy.engine.Engine - INFO - ROLLBACK
2025-11-10 11:47:12,402 - sqlalchemy.engine.Engine - INFO - BEGIN (implicit)
2025-11-10 11:47:12,403 - sqlalchemy.engine.Engine - INFO - SELECT test_executions.id AS test_executions_id, test_executions.execution_id AS test_executions_execution_id, test_executions.ticket_id AS test_executions_ticket_id, test_executions.project_id AS test_executions_project_id, test_executions.status AS test_executions_status, test_executions.overall_status AS test_executions_overall_status, test_executions.started_at AS test_executions_started_at, test_executions.completed_at AS test_executions_completed_at, test_executions.total_execution_time AS test_executions_total_execution_time, test_executions.report_path AS test_executions_report_path, test_executions.script_path AS test_executions_script_path, test_executions.video_path AS test_executions_video_path, test_executions.error_message AS test_executions_error_message 
FROM test_executions 
WHERE test_executions.execution_id = %(execution_id_1)s 
 LIMIT %(param_1)s
2025-11-10 11:47:12,404 - sqlalchemy.engine.Engine - INFO - [cached since 25.99s ago] {'execution_id_1': 'exec_RBPLCD-8889_20251110_114644', 'param_1': 1}
2025-11-10 11:47:12,408 - sqlalchemy.engine.Engine - INFO - ROLLBACK
2025-11-10 11:47:14,712 - sqlalchemy.engine.Engine - INFO - BEGIN (implicit)
2025-11-10 11:47:14,713 - sqlalchemy.engine.Engine - INFO - SELECT test_executions.id AS test_executions_id, test_executions.execution_id AS test_executions_execution_id, test_executions.ticket_id AS test_executions_ticket_id, test_executions.project_id AS test_executions_project_id, test_executions.status AS test_executions_status, test_executions.overall_status AS test_executions_overall_status, test_executions.started_at AS test_executions_started_at, test_executions.completed_at AS test_executions_completed_at, test_executions.total_execution_time AS test_executions_total_execution_time, test_executions.report_path AS test_executions_report_path, test_executions.script_path AS test_executions_script_path, test_executions.video_path AS test_executions_video_path, test_executions.error_message AS test_executions_error_message 
FROM test_executions 
WHERE test_executions.execution_id = %(execution_id_1)s 
 LIMIT %(param_1)s
2025-11-10 11:47:14,715 - sqlalchemy.engine.Engine - INFO - [cached since 28.3s ago] {'execution_id_1': 'exec_RBPLCD-8889_20251110_114644', 'param_1': 1}
2025-11-10 11:47:14,718 - sqlalchemy.engine.Engine - INFO - ROLLBACK
2025-11-10 11:47:16,398 - sqlalchemy.engine.Engine - INFO - BEGIN (implicit)
2025-11-10 11:47:16,399 - sqlalchemy.engine.Engine - INFO - SELECT test_executions.id AS test_executions_id, test_executions.execution_id AS test_executions_execution_id, test_executions.ticket_id AS test_executions_ticket_id, test_executions.project_id AS test_executions_project_id, test_executions.status AS test_executions_status, test_executions.overall_status AS test_executions_overall_status, test_executions.started_at AS test_executions_started_at, test_executions.completed_at AS test_executions_completed_at, test_executions.total_execution_time AS test_executions_total_execution_time, test_executions.report_path AS test_executions_report_path, test_executions.script_path AS test_executions_script_path, test_executions.video_path AS test_executions_video_path, test_executions.error_message AS test_executions_error_message 
FROM test_executions 
WHERE test_executions.execution_id = %(execution_id_1)s 
 LIMIT %(param_1)s
2025-11-10 11:47:16,400 - sqlalchemy.engine.Engine - INFO - [cached since 29.98s ago] {'execution_id_1': 'exec_RBPLCD-8889_20251110_114644', 'param_1': 1}
2025-11-10 11:47:16,403 - sqlalchemy.engine.Engine - INFO - ROLLBACK
2025-11-10 11:47:18,413 - sqlalchemy.engine.Engine - INFO - BEGIN (implicit)
2025-11-10 11:47:18,414 - sqlalchemy.engine.Engine - INFO - SELECT test_executions.id AS test_executions_id, test_executions.execution_id AS test_executions_execution_id, test_executions.ticket_id AS test_executions_ticket_id, test_executions.project_id AS test_executions_project_id, test_executions.status AS test_executions_status, test_executions.overall_status AS test_executions_overall_status, test_executions.started_at AS test_executions_started_at, test_executions.completed_at AS test_executions_completed_at, test_executions.total_execution_time AS test_executions_total_execution_time, test_executions.report_path AS test_executions_report_path, test_executions.script_path AS test_executions_script_path, test_executions.video_path AS test_executions_video_path, test_executions.error_message AS test_executions_error_message 
FROM test_executions 
WHERE test_executions.execution_id = %(execution_id_1)s 
 LIMIT %(param_1)s
2025-11-10 11:47:18,415 - sqlalchemy.engine.Engine - INFO - [cached since 32s ago] {'execution_id_1': 'exec_RBPLCD-8889_20251110_114644', 'param_1': 1}
2025-11-10 11:47:18,419 - sqlalchemy.engine.Engine - INFO - ROLLBACK
2025-11-10 11:47:20,402 - sqlalchemy.engine.Engine - INFO - BEGIN (implicit)
2025-11-10 11:47:20,403 - sqlalchemy.engine.Engine - INFO - SELECT test_executions.id AS test_executions_id, test_executions.execution_id AS test_executions_execution_id, test_executions.ticket_id AS test_executions_ticket_id, test_executions.project_id AS test_executions_project_id, test_executions.status AS test_executions_status, test_executions.overall_status AS test_executions_overall_status, test_executions.started_at AS test_executions_started_at, test_executions.completed_at AS test_executions_completed_at, test_executions.total_execution_time AS test_executions_total_execution_time, test_executions.report_path AS test_executions_report_path, test_executions.script_path AS test_executions_script_path, test_executions.video_path AS test_executions_video_path, test_executions.error_message AS test_executions_error_message 
FROM test_executions 
WHERE test_executions.execution_id = %(execution_id_1)s 
 LIMIT %(param_1)s
2025-11-10 11:47:20,404 - sqlalchemy.engine.Engine - INFO - [cached since 33.99s ago] {'execution_id_1': 'exec_RBPLCD-8889_20251110_114644', 'param_1': 1}
2025-11-10 11:47:20,408 - sqlalchemy.engine.Engine - INFO - ROLLBACK
2025-11-10 11:47:22,410 - sqlalchemy.engine.Engine - INFO - BEGIN (implicit)
2025-11-10 11:47:22,410 - sqlalchemy.engine.Engine - INFO - SELECT test_executions.id AS test_executions_id, test_executions.execution_id AS test_executions_execution_id, test_executions.ticket_id AS test_executions_ticket_id, test_executions.project_id AS test_executions_project_id, test_executions.status AS test_executions_status, test_executions.overall_status AS test_executions_overall_status, test_executions.started_at AS test_executions_started_at, test_executions.completed_at AS test_executions_completed_at, test_executions.total_execution_time AS test_executions_total_execution_time, test_executions.report_path AS test_executions_report_path, test_executions.script_path AS test_executions_script_path, test_executions.video_path AS test_executions_video_path, test_executions.error_message AS test_executions_error_message 
FROM test_executions 
WHERE test_executions.execution_id = %(execution_id_1)s 
 LIMIT %(param_1)s
2025-11-10 11:47:22,410 - sqlalchemy.engine.Engine - INFO - [cached since 36s ago] {'execution_id_1': 'exec_RBPLCD-8889_20251110_114644', 'param_1': 1}
2025-11-10 11:47:22,414 - sqlalchemy.engine.Engine - INFO - ROLLBACK
2025-11-10 11:47:24,717 - sqlalchemy.engine.Engine - INFO - BEGIN (implicit)
2025-11-10 11:47:24,718 - sqlalchemy.engine.Engine - INFO - SELECT test_executions.id AS test_executions_id, test_executions.execution_id AS test_executions_execution_id, test_executions.ticket_id AS test_executions_ticket_id, test_executions.project_id AS test_executions_project_id, test_executions.status AS test_executions_status, test_executions.overall_status AS test_executions_overall_status, test_executions.started_at AS test_executions_started_at, test_executions.completed_at AS test_executions_completed_at, test_executions.total_execution_time AS test_executions_total_execution_time, test_executions.report_path AS test_executions_report_path, test_executions.script_path AS test_executions_script_path, test_executions.video_path AS test_executions_video_path, test_executions.error_message AS test_executions_error_message 
FROM test_executions 
WHERE test_executions.execution_id = %(execution_id_1)s 
 LIMIT %(param_1)s
2025-11-10 11:47:24,719 - sqlalchemy.engine.Engine - INFO - [cached since 38.3s ago] {'execution_id_1': 'exec_RBPLCD-8889_20251110_114644', 'param_1': 1}
2025-11-10 11:47:24,722 - sqlalchemy.engine.Engine - INFO - ROLLBACK
2025-11-10 11:47:26,406 - sqlalchemy.engine.Engine - INFO - BEGIN (implicit)
2025-11-10 11:47:26,406 - sqlalchemy.engine.Engine - INFO - SELECT test_executions.id AS test_executions_id, test_executions.execution_id AS test_executions_execution_id, test_executions.ticket_id AS test_executions_ticket_id, test_executions.project_id AS test_executions_project_id, test_executions.status AS test_executions_status, test_executions.overall_status AS test_executions_overall_status, test_executions.started_at AS test_executions_started_at, test_executions.completed_at AS test_executions_completed_at, test_executions.total_execution_time AS test_executions_total_execution_time, test_executions.report_path AS test_executions_report_path, test_executions.script_path AS test_executions_script_path, test_executions.video_path AS test_executions_video_path, test_executions.error_message AS test_executions_error_message 
FROM test_executions 
WHERE test_executions.execution_id = %(execution_id_1)s 
 LIMIT %(param_1)s
2025-11-10 11:47:26,408 - sqlalchemy.engine.Engine - INFO - [cached since 39.99s ago] {'execution_id_1': 'exec_RBPLCD-8889_20251110_114644', 'param_1': 1}
2025-11-10 11:47:26,412 - sqlalchemy.engine.Engine - INFO - ROLLBACK
2025-11-10 11:47:28,405 - sqlalchemy.engine.Engine - INFO - BEGIN (implicit)
2025-11-10 11:47:28,406 - sqlalchemy.engine.Engine - INFO - SELECT test_executions.id AS test_executions_id, test_executions.execution_id AS test_executions_execution_id, test_executions.ticket_id AS test_executions_ticket_id, test_executions.project_id AS test_executions_project_id, test_executions.status AS test_executions_status, test_executions.overall_status AS test_executions_overall_status, test_executions.started_at AS test_executions_started_at, test_executions.completed_at AS test_executions_completed_at, test_executions.total_execution_time AS test_executions_total_execution_time, test_executions.report_path AS test_executions_report_path, test_executions.script_path AS test_executions_script_path, test_executions.video_path AS test_executions_video_path, test_executions.error_message AS test_executions_error_message 
FROM test_executions 
WHERE test_executions.execution_id = %(execution_id_1)s 
 LIMIT %(param_1)s
2025-11-10 11:47:28,408 - sqlalchemy.engine.Engine - INFO - [cached since 41.99s ago] {'execution_id_1': 'exec_RBPLCD-8889_20251110_114644', 'param_1': 1}
2025-11-10 11:47:28,412 - sqlalchemy.engine.Engine - INFO - ROLLBACK
2025-11-10 11:47:30,401 - sqlalchemy.engine.Engine - INFO - BEGIN (implicit)
2025-11-10 11:47:30,402 - sqlalchemy.engine.Engine - INFO - SELECT test_executions.id AS test_executions_id, test_executions.execution_id AS test_executions_execution_id, test_executions.ticket_id AS test_executions_ticket_id, test_executions.project_id AS test_executions_project_id, test_executions.status AS test_executions_status, test_executions.overall_status AS test_executions_overall_status, test_executions.started_at AS test_executions_started_at, test_executions.completed_at AS test_executions_completed_at, test_executions.total_execution_time AS test_executions_total_execution_time, test_executions.report_path AS test_executions_report_path, test_executions.script_path AS test_executions_script_path, test_executions.video_path AS test_executions_video_path, test_executions.error_message AS test_executions_error_message 
FROM test_executions 
WHERE test_executions.execution_id = %(execution_id_1)s 
 LIMIT %(param_1)s
2025-11-10 11:47:30,403 - sqlalchemy.engine.Engine - INFO - [cached since 43.99s ago] {'execution_id_1': 'exec_RBPLCD-8889_20251110_114644', 'param_1': 1}
2025-11-10 11:47:30,406 - sqlalchemy.engine.Engine - INFO - ROLLBACK
2025-11-10 11:47:32,402 - sqlalchemy.engine.Engine - INFO - BEGIN (implicit)
2025-11-10 11:47:32,403 - sqlalchemy.engine.Engine - INFO - SELECT test_executions.id AS test_executions_id, test_executions.execution_id AS test_executions_execution_id, test_executions.ticket_id AS test_executions_ticket_id, test_executions.project_id AS test_executions_project_id, test_executions.status AS test_executions_status, test_executions.overall_status AS test_executions_overall_status, test_executions.started_at AS test_executions_started_at, test_executions.completed_at AS test_executions_completed_at, test_executions.total_execution_time AS test_executions_total_execution_time, test_executions.report_path AS test_executions_report_path, test_executions.script_path AS test_executions_script_path, test_executions.video_path AS test_executions_video_path, test_executions.error_message AS test_executions_error_message 
FROM test_executions 
WHERE test_executions.execution_id = %(execution_id_1)s 
 LIMIT %(param_1)s
2025-11-10 11:47:32,404 - sqlalchemy.engine.Engine - INFO - [cached since 45.99s ago] {'execution_id_1': 'exec_RBPLCD-8889_20251110_114644', 'param_1': 1}
2025-11-10 11:47:32,407 - sqlalchemy.engine.Engine - INFO - ROLLBACK
2025-11-10 11:47:34,709 - sqlalchemy.engine.Engine - INFO - BEGIN (implicit)
2025-11-10 11:47:34,710 - sqlalchemy.engine.Engine - INFO - SELECT test_executions.id AS test_executions_id, test_executions.execution_id AS test_executions_execution_id, test_executions.ticket_id AS test_executions_ticket_id, test_executions.project_id AS test_executions_project_id, test_executions.status AS test_executions_status, test_executions.overall_status AS test_executions_overall_status, test_executions.started_at AS test_executions_started_at, test_executions.completed_at AS test_executions_completed_at, test_executions.total_execution_time AS test_executions_total_execution_time, test_executions.report_path AS test_executions_report_path, test_executions.script_path AS test_executions_script_path, test_executions.video_path AS test_executions_video_path, test_executions.error_message AS test_executions_error_message 
FROM test_executions 
WHERE test_executions.execution_id = %(execution_id_1)s 
 LIMIT %(param_1)s
2025-11-10 11:47:34,711 - sqlalchemy.engine.Engine - INFO - [cached since 48.3s ago] {'execution_id_1': 'exec_RBPLCD-8889_20251110_114644', 'param_1': 1}
2025-11-10 11:47:34,716 - sqlalchemy.engine.Engine - INFO - ROLLBACK
2025-11-10 11:47:36,399 - sqlalchemy.engine.Engine - INFO - BEGIN (implicit)
2025-11-10 11:47:36,400 - sqlalchemy.engine.Engine - INFO - SELECT test_executions.id AS test_executions_id, test_executions.execution_id AS test_executions_execution_id, test_executions.ticket_id AS test_executions_ticket_id, test_executions.project_id AS test_executions_project_id, test_executions.status AS test_executions_status, test_executions.overall_status AS test_executions_overall_status, test_executions.started_at AS test_executions_started_at, test_executions.completed_at AS test_executions_completed_at, test_executions.total_execution_time AS test_executions_total_execution_time, test_executions.report_path AS test_executions_report_path, test_executions.script_path AS test_executions_script_path, test_executions.video_path AS test_executions_video_path, test_executions.error_message AS test_executions_error_message 
FROM test_executions 
WHERE test_executions.execution_id = %(execution_id_1)s 
 LIMIT %(param_1)s
2025-11-10 11:47:36,401 - sqlalchemy.engine.Engine - INFO - [cached since 49.99s ago] {'execution_id_1': 'exec_RBPLCD-8889_20251110_114644', 'param_1': 1}
2025-11-10 11:47:36,404 - sqlalchemy.engine.Engine - INFO - ROLLBACK
2025-11-10 11:47:38,400 - sqlalchemy.engine.Engine - INFO - BEGIN (implicit)
2025-11-10 11:47:38,400 - sqlalchemy.engine.Engine - INFO - SELECT test_executions.id AS test_executions_id, test_executions.execution_id AS test_executions_execution_id, test_executions.ticket_id AS test_executions_ticket_id, test_executions.project_id AS test_executions_project_id, test_executions.status AS test_executions_status, test_executions.overall_status AS test_executions_overall_status, test_executions.started_at AS test_executions_started_at, test_executions.completed_at AS test_executions_completed_at, test_executions.total_execution_time AS test_executions_total_execution_time, test_executions.report_path AS test_executions_report_path, test_executions.script_path AS test_executions_script_path, test_executions.video_path AS test_executions_video_path, test_executions.error_message AS test_executions_error_message 
FROM test_executions 
WHERE test_executions.execution_id = %(execution_id_1)s 
 LIMIT %(param_1)s
2025-11-10 11:47:38,400 - sqlalchemy.engine.Engine - INFO - [cached since 51.99s ago] {'execution_id_1': 'exec_RBPLCD-8889_20251110_114644', 'param_1': 1}
2025-11-10 11:47:38,404 - sqlalchemy.engine.Engine - INFO - ROLLBACK
2025-11-10 11:47:40,398 - sqlalchemy.engine.Engine - INFO - BEGIN (implicit)
2025-11-10 11:47:40,399 - sqlalchemy.engine.Engine - INFO - SELECT test_executions.id AS test_executions_id, test_executions.execution_id AS test_executions_execution_id, test_executions.ticket_id AS test_executions_ticket_id, test_executions.project_id AS test_executions_project_id, test_executions.status AS test_executions_status, test_executions.overall_status AS test_executions_overall_status, test_executions.started_at AS test_executions_started_at, test_executions.completed_at AS test_executions_completed_at, test_executions.total_execution_time AS test_executions_total_execution_time, test_executions.report_path AS test_executions_report_path, test_executions.script_path AS test_executions_script_path, test_executions.video_path AS test_executions_video_path, test_executions.error_message AS test_executions_error_message 
FROM test_executions 
WHERE test_executions.execution_id = %(execution_id_1)s 
 LIMIT %(param_1)s
2025-11-10 11:47:40,400 - sqlalchemy.engine.Engine - INFO - [cached since 53.99s ago] {'execution_id_1': 'exec_RBPLCD-8889_20251110_114644', 'param_1': 1}
2025-11-10 11:47:40,404 - sqlalchemy.engine.Engine - INFO - ROLLBACK
2025-11-10 11:47:42,398 - sqlalchemy.engine.Engine - INFO - BEGIN (implicit)
2025-11-10 11:47:42,399 - sqlalchemy.engine.Engine - INFO - SELECT test_executions.id AS test_executions_id, test_executions.execution_id AS test_executions_execution_id, test_executions.ticket_id AS test_executions_ticket_id, test_executions.project_id AS test_executions_project_id, test_executions.status AS test_executions_status, test_executions.overall_status AS test_executions_overall_status, test_executions.started_at AS test_executions_started_at, test_executions.completed_at AS test_executions_completed_at, test_executions.total_execution_time AS test_executions_total_execution_time, test_executions.report_path AS test_executions_report_path, test_executions.script_path AS test_executions_script_path, test_executions.video_path AS test_executions_video_path, test_executions.error_message AS test_executions_error_message 
FROM test_executions 
WHERE test_executions.execution_id = %(execution_id_1)s 
 LIMIT %(param_1)s
2025-11-10 11:47:42,400 - sqlalchemy.engine.Engine - INFO - [cached since 55.98s ago] {'execution_id_1': 'exec_RBPLCD-8889_20251110_114644', 'param_1': 1}
2025-11-10 11:47:42,403 - sqlalchemy.engine.Engine - INFO - ROLLBACK
2025-11-10 11:47:44,716 - sqlalchemy.engine.Engine - INFO - BEGIN (implicit)
2025-11-10 11:47:44,717 - sqlalchemy.engine.Engine - INFO - SELECT test_executions.id AS test_executions_id, test_executions.execution_id AS test_executions_execution_id, test_executions.ticket_id AS test_executions_ticket_id, test_executions.project_id AS test_executions_project_id, test_executions.status AS test_executions_status, test_executions.overall_status AS test_executions_overall_status, test_executions.started_at AS test_executions_started_at, test_executions.completed_at AS test_executions_completed_at, test_executions.total_execution_time AS test_executions_total_execution_time, test_executions.report_path AS test_executions_report_path, test_executions.script_path AS test_executions_script_path, test_executions.video_path AS test_executions_video_path, test_executions.error_message AS test_executions_error_message 
FROM test_executions 
WHERE test_executions.execution_id = %(execution_id_1)s 
 LIMIT %(param_1)s
2025-11-10 11:47:44,718 - sqlalchemy.engine.Engine - INFO - [cached since 58.3s ago] {'execution_id_1': 'exec_RBPLCD-8889_20251110_114644', 'param_1': 1}
2025-11-10 11:47:44,722 - sqlalchemy.engine.Engine - INFO - ROLLBACK
2025-11-10 11:47:46,407 - sqlalchemy.engine.Engine - INFO - BEGIN (implicit)
2025-11-10 11:47:46,408 - sqlalchemy.engine.Engine - INFO - SELECT test_executions.id AS test_executions_id, test_executions.execution_id AS test_executions_execution_id, test_executions.ticket_id AS test_executions_ticket_id, test_executions.project_id AS test_executions_project_id, test_executions.status AS test_executions_status, test_executions.overall_status AS test_executions_overall_status, test_executions.started_at AS test_executions_started_at, test_executions.completed_at AS test_executions_completed_at, test_executions.total_execution_time AS test_executions_total_execution_time, test_executions.report_path AS test_executions_report_path, test_executions.script_path AS test_executions_script_path, test_executions.video_path AS test_executions_video_path, test_executions.error_message AS test_executions_error_message 
FROM test_executions 
WHERE test_executions.execution_id = %(execution_id_1)s 
 LIMIT %(param_1)s
2025-11-10 11:47:46,409 - sqlalchemy.engine.Engine - INFO - [cached since 59.99s ago] {'execution_id_1': 'exec_RBPLCD-8889_20251110_114644', 'param_1': 1}
2025-11-10 11:47:46,412 - sqlalchemy.engine.Engine - INFO - ROLLBACK
2025-11-10 11:47:48,404 - sqlalchemy.engine.Engine - INFO - BEGIN (implicit)
2025-11-10 11:47:48,405 - sqlalchemy.engine.Engine - INFO - SELECT test_executions.id AS test_executions_id, test_executions.execution_id AS test_executions_execution_id, test_executions.ticket_id AS test_executions_ticket_id, test_executions.project_id AS test_executions_project_id, test_executions.status AS test_executions_status, test_executions.overall_status AS test_executions_overall_status, test_executions.started_at AS test_executions_started_at, test_executions.completed_at AS test_executions_completed_at, test_executions.total_execution_time AS test_executions_total_execution_time, test_executions.report_path AS test_executions_report_path, test_executions.script_path AS test_executions_script_path, test_executions.video_path AS test_executions_video_path, test_executions.error_message AS test_executions_error_message 
FROM test_executions 
WHERE test_executions.execution_id = %(execution_id_1)s 
 LIMIT %(param_1)s
2025-11-10 11:47:48,406 - sqlalchemy.engine.Engine - INFO - [cached since 61.99s ago] {'execution_id_1': 'exec_RBPLCD-8889_20251110_114644', 'param_1': 1}
2025-11-10 11:47:48,408 - sqlalchemy.engine.Engine - INFO - ROLLBACK
2025-11-10 11:47:50,401 - sqlalchemy.engine.Engine - INFO - BEGIN (implicit)
2025-11-10 11:47:50,402 - sqlalchemy.engine.Engine - INFO - SELECT test_executions.id AS test_executions_id, test_executions.execution_id AS test_executions_execution_id, test_executions.ticket_id AS test_executions_ticket_id, test_executions.project_id AS test_executions_project_id, test_executions.status AS test_executions_status, test_executions.overall_status AS test_executions_overall_status, test_executions.started_at AS test_executions_started_at, test_executions.completed_at AS test_executions_completed_at, test_executions.total_execution_time AS test_executions_total_execution_time, test_executions.report_path AS test_executions_report_path, test_executions.script_path AS test_executions_script_path, test_executions.video_path AS test_executions_video_path, test_executions.error_message AS test_executions_error_message 
FROM test_executions 
WHERE test_executions.execution_id = %(execution_id_1)s 
 LIMIT %(param_1)s
2025-11-10 11:47:50,403 - sqlalchemy.engine.Engine - INFO - [cached since 63.99s ago] {'execution_id_1': 'exec_RBPLCD-8889_20251110_114644', 'param_1': 1}
2025-11-10 11:47:50,405 - sqlalchemy.engine.Engine - INFO - ROLLBACK
2025-11-10 11:47:52,401 - sqlalchemy.engine.Engine - INFO - BEGIN (implicit)
2025-11-10 11:47:52,401 - sqlalchemy.engine.Engine - INFO - SELECT test_executions.id AS test_executions_id, test_executions.execution_id AS test_executions_execution_id, test_executions.ticket_id AS test_executions_ticket_id, test_executions.project_id AS test_executions_project_id, test_executions.status AS test_executions_status, test_executions.overall_status AS test_executions_overall_status, test_executions.started_at AS test_executions_started_at, test_executions.completed_at AS test_executions_completed_at, test_executions.total_execution_time AS test_executions_total_execution_time, test_executions.report_path AS test_executions_report_path, test_executions.script_path AS test_executions_script_path, test_executions.video_path AS test_executions_video_path, test_executions.error_message AS test_executions_error_message 
FROM test_executions 
WHERE test_executions.execution_id = %(execution_id_1)s 
 LIMIT %(param_1)s
2025-11-10 11:47:52,402 - sqlalchemy.engine.Engine - INFO - [cached since 65.99s ago] {'execution_id_1': 'exec_RBPLCD-8889_20251110_114644', 'param_1': 1}
2025-11-10 11:47:52,406 - sqlalchemy.engine.Engine - INFO - ROLLBACK
2025-11-10 11:47:54,713 - sqlalchemy.engine.Engine - INFO - BEGIN (implicit)
2025-11-10 11:47:54,714 - sqlalchemy.engine.Engine - INFO - SELECT test_executions.id AS test_executions_id, test_executions.execution_id AS test_executions_execution_id, test_executions.ticket_id AS test_executions_ticket_id, test_executions.project_id AS test_executions_project_id, test_executions.status AS test_executions_status, test_executions.overall_status AS test_executions_overall_status, test_executions.started_at AS test_executions_started_at, test_executions.completed_at AS test_executions_completed_at, test_executions.total_execution_time AS test_executions_total_execution_time, test_executions.report_path AS test_executions_report_path, test_executions.script_path AS test_executions_script_path, test_executions.video_path AS test_executions_video_path, test_executions.error_message AS test_executions_error_message 
FROM test_executions 
WHERE test_executions.execution_id = %(execution_id_1)s 
 LIMIT %(param_1)s
2025-11-10 11:47:54,714 - sqlalchemy.engine.Engine - INFO - [cached since 68.3s ago] {'execution_id_1': 'exec_RBPLCD-8889_20251110_114644', 'param_1': 1}
2025-11-10 11:47:54,717 - sqlalchemy.engine.Engine - INFO - ROLLBACK
2025-11-10 11:47:56,398 - sqlalchemy.engine.Engine - INFO - BEGIN (implicit)
2025-11-10 11:47:56,399 - sqlalchemy.engine.Engine - INFO - SELECT test_executions.id AS test_executions_id, test_executions.execution_id AS test_executions_execution_id, test_executions.ticket_id AS test_executions_ticket_id, test_executions.project_id AS test_executions_project_id, test_executions.status AS test_executions_status, test_executions.overall_status AS test_executions_overall_status, test_executions.started_at AS test_executions_started_at, test_executions.completed_at AS test_executions_completed_at, test_executions.total_execution_time AS test_executions_total_execution_time, test_executions.report_path AS test_executions_report_path, test_executions.script_path AS test_executions_script_path, test_executions.video_path AS test_executions_video_path, test_executions.error_message AS test_executions_error_message 
FROM test_executions 
WHERE test_executions.execution_id = %(execution_id_1)s 
 LIMIT %(param_1)s
2025-11-10 11:47:56,400 - sqlalchemy.engine.Engine - INFO - [cached since 69.98s ago] {'execution_id_1': 'exec_RBPLCD-8889_20251110_114644', 'param_1': 1}
2025-11-10 11:47:56,402 - sqlalchemy.engine.Engine - INFO - ROLLBACK
2025-11-10 11:47:58,411 - sqlalchemy.engine.Engine - INFO - BEGIN (implicit)
2025-11-10 11:47:58,412 - sqlalchemy.engine.Engine - INFO - SELECT test_executions.id AS test_executions_id, test_executions.execution_id AS test_executions_execution_id, test_executions.ticket_id AS test_executions_ticket_id, test_executions.project_id AS test_executions_project_id, test_executions.status AS test_executions_status, test_executions.overall_status AS test_executions_overall_status, test_executions.started_at AS test_executions_started_at, test_executions.completed_at AS test_executions_completed_at, test_executions.total_execution_time AS test_executions_total_execution_time, test_executions.report_path AS test_executions_report_path, test_executions.script_path AS test_executions_script_path, test_executions.video_path AS test_executions_video_path, test_executions.error_message AS test_executions_error_message 
FROM test_executions 
WHERE test_executions.execution_id = %(execution_id_1)s 
 LIMIT %(param_1)s
2025-11-10 11:47:58,413 - sqlalchemy.engine.Engine - INFO - [cached since 72s ago] {'execution_id_1': 'exec_RBPLCD-8889_20251110_114644', 'param_1': 1}
2025-11-10 11:47:58,417 - sqlalchemy.engine.Engine - INFO - ROLLBACK
2025-11-10 11:48:00,404 - sqlalchemy.engine.Engine - INFO - BEGIN (implicit)
2025-11-10 11:48:00,404 - sqlalchemy.engine.Engine - INFO - SELECT test_executions.id AS test_executions_id, test_executions.execution_id AS test_executions_execution_id, test_executions.ticket_id AS test_executions_ticket_id, test_executions.project_id AS test_executions_project_id, test_executions.status AS test_executions_status, test_executions.overall_status AS test_executions_overall_status, test_executions.started_at AS test_executions_started_at, test_executions.completed_at AS test_executions_completed_at, test_executions.total_execution_time AS test_executions_total_execution_time, test_executions.report_path AS test_executions_report_path, test_executions.script_path AS test_executions_script_path, test_executions.video_path AS test_executions_video_path, test_executions.error_message AS test_executions_error_message 
FROM test_executions 
WHERE test_executions.execution_id = %(execution_id_1)s 
 LIMIT %(param_1)s
2025-11-10 11:48:00,407 - sqlalchemy.engine.Engine - INFO - [cached since 73.99s ago] {'execution_id_1': 'exec_RBPLCD-8889_20251110_114644', 'param_1': 1}
2025-11-10 11:48:00,409 - sqlalchemy.engine.Engine - INFO - ROLLBACK
2025-11-10 11:48:02,410 - sqlalchemy.engine.Engine - INFO - BEGIN (implicit)
2025-11-10 11:48:02,411 - sqlalchemy.engine.Engine - INFO - SELECT test_executions.id AS test_executions_id, test_executions.execution_id AS test_executions_execution_id, test_executions.ticket_id AS test_executions_ticket_id, test_executions.project_id AS test_executions_project_id, test_executions.status AS test_executions_status, test_executions.overall_status AS test_executions_overall_status, test_executions.started_at AS test_executions_started_at, test_executions.completed_at AS test_executions_completed_at, test_executions.total_execution_time AS test_executions_total_execution_time, test_executions.report_path AS test_executions_report_path, test_executions.script_path AS test_executions_script_path, test_executions.video_path AS test_executions_video_path, test_executions.error_message AS test_executions_error_message 
FROM test_executions 
WHERE test_executions.execution_id = %(execution_id_1)s 
 LIMIT %(param_1)s
2025-11-10 11:48:02,412 - sqlalchemy.engine.Engine - INFO - [cached since 76s ago] {'execution_id_1': 'exec_RBPLCD-8889_20251110_114644', 'param_1': 1}
2025-11-10 11:48:02,415 - sqlalchemy.engine.Engine - INFO - ROLLBACK
2025-11-10 11:48:04,398 - sqlalchemy.engine.Engine - INFO - BEGIN (implicit)
2025-11-10 11:48:04,399 - sqlalchemy.engine.Engine - INFO - SELECT test_executions.id AS test_executions_id, test_executions.execution_id AS test_executions_execution_id, test_executions.ticket_id AS test_executions_ticket_id, test_executions.project_id AS test_executions_project_id, test_executions.status AS test_executions_status, test_executions.overall_status AS test_executions_overall_status, test_executions.started_at AS test_executions_started_at, test_executions.completed_at AS test_executions_completed_at, test_executions.total_execution_time AS test_executions_total_execution_time, test_executions.report_path AS test_executions_report_path, test_executions.script_path AS test_executions_script_path, test_executions.video_path AS test_executions_video_path, test_executions.error_message AS test_executions_error_message 
FROM test_executions 
WHERE test_executions.execution_id = %(execution_id_1)s 
 LIMIT %(param_1)s
2025-11-10 11:48:04,400 - sqlalchemy.engine.Engine - INFO - [cached since 77.98s ago] {'execution_id_1': 'exec_RBPLCD-8889_20251110_114644', 'param_1': 1}
2025-11-10 11:48:04,404 - sqlalchemy.engine.Engine - INFO - ROLLBACK
2025-11-10 11:48:06,409 - sqlalchemy.engine.Engine - INFO - BEGIN (implicit)
2025-11-10 11:48:06,410 - sqlalchemy.engine.Engine - INFO - SELECT test_executions.id AS test_executions_id, test_executions.execution_id AS test_executions_execution_id, test_executions.ticket_id AS test_executions_ticket_id, test_executions.project_id AS test_executions_project_id, test_executions.status AS test_executions_status, test_executions.overall_status AS test_executions_overall_status, test_executions.started_at AS test_executions_started_at, test_executions.completed_at AS test_executions_completed_at, test_executions.total_execution_time AS test_executions_total_execution_time, test_executions.report_path AS test_executions_report_path, test_executions.script_path AS test_executions_script_path, test_executions.video_path AS test_executions_video_path, test_executions.error_message AS test_executions_error_message 
FROM test_executions 
WHERE test_executions.execution_id = %(execution_id_1)s 
 LIMIT %(param_1)s
2025-11-10 11:48:06,410 - sqlalchemy.engine.Engine - INFO - [cached since 80s ago] {'execution_id_1': 'exec_RBPLCD-8889_20251110_114644', 'param_1': 1}
2025-11-10 11:48:06,413 - sqlalchemy.engine.Engine - INFO - ROLLBACK
2025-11-10 11:48:08,405 - sqlalchemy.engine.Engine - INFO - BEGIN (implicit)
2025-11-10 11:48:08,406 - sqlalchemy.engine.Engine - INFO - SELECT test_executions.id AS test_executions_id, test_executions.execution_id AS test_executions_execution_id, test_executions.ticket_id AS test_executions_ticket_id, test_executions.project_id AS test_executions_project_id, test_executions.status AS test_executions_status, test_executions.overall_status AS test_executions_overall_status, test_executions.started_at AS test_executions_started_at, test_executions.completed_at AS test_executions_completed_at, test_executions.total_execution_time AS test_executions_total_execution_time, test_executions.report_path AS test_executions_report_path, test_executions.script_path AS test_executions_script_path, test_executions.video_path AS test_executions_video_path, test_executions.error_message AS test_executions_error_message 
FROM test_executions 
WHERE test_executions.execution_id = %(execution_id_1)s 
 LIMIT %(param_1)s
2025-11-10 11:48:08,407 - sqlalchemy.engine.Engine - INFO - [cached since 81.99s ago] {'execution_id_1': 'exec_RBPLCD-8889_20251110_114644', 'param_1': 1}
2025-11-10 11:48:08,409 - sqlalchemy.engine.Engine - INFO - ROLLBACK
2025-11-10 11:48:10,404 - sqlalchemy.engine.Engine - INFO - BEGIN (implicit)
2025-11-10 11:48:10,405 - sqlalchemy.engine.Engine - INFO - SELECT test_executions.id AS test_executions_id, test_executions.execution_id AS test_executions_execution_id, test_executions.ticket_id AS test_executions_ticket_id, test_executions.project_id AS test_executions_project_id, test_executions.status AS test_executions_status, test_executions.overall_status AS test_executions_overall_status, test_executions.started_at AS test_executions_started_at, test_executions.completed_at AS test_executions_completed_at, test_executions.total_execution_time AS test_executions_total_execution_time, test_executions.report_path AS test_executions_report_path, test_executions.script_path AS test_executions_script_path, test_executions.video_path AS test_executions_video_path, test_executions.error_message AS test_executions_error_message 
FROM test_executions 
WHERE test_executions.execution_id = %(execution_id_1)s 
 LIMIT %(param_1)s
2025-11-10 11:48:10,405 - sqlalchemy.engine.Engine - INFO - [cached since 83.99s ago] {'execution_id_1': 'exec_RBPLCD-8889_20251110_114644', 'param_1': 1}
2025-11-10 11:48:10,407 - sqlalchemy.engine.Engine - INFO - ROLLBACK
2025-11-10 11:48:12,402 - sqlalchemy.engine.Engine - INFO - BEGIN (implicit)
2025-11-10 11:48:12,404 - sqlalchemy.engine.Engine - INFO - SELECT test_executions.id AS test_executions_id, test_executions.execution_id AS test_executions_execution_id, test_executions.ticket_id AS test_executions_ticket_id, test_executions.project_id AS test_executions_project_id, test_executions.status AS test_executions_status, test_executions.overall_status AS test_executions_overall_status, test_executions.started_at AS test_executions_started_at, test_executions.completed_at AS test_executions_completed_at, test_executions.total_execution_time AS test_executions_total_execution_time, test_executions.report_path AS test_executions_report_path, test_executions.script_path AS test_executions_script_path, test_executions.video_path AS test_executions_video_path, test_executions.error_message AS test_executions_error_message 
FROM test_executions 
WHERE test_executions.execution_id = %(execution_id_1)s 
 LIMIT %(param_1)s
2025-11-10 11:48:12,405 - sqlalchemy.engine.Engine - INFO - [cached since 85.99s ago] {'execution_id_1': 'exec_RBPLCD-8889_20251110_114644', 'param_1': 1}
2025-11-10 11:48:12,409 - sqlalchemy.engine.Engine - INFO - ROLLBACK
2025-11-10 11:48:14,403 - sqlalchemy.engine.Engine - INFO - BEGIN (implicit)
2025-11-10 11:48:14,404 - sqlalchemy.engine.Engine - INFO - SELECT test_executions.id AS test_executions_id, test_executions.execution_id AS test_executions_execution_id, test_executions.ticket_id AS test_executions_ticket_id, test_executions.project_id AS test_executions_project_id, test_executions.status AS test_executions_status, test_executions.overall_status AS test_executions_overall_status, test_executions.started_at AS test_executions_started_at, test_executions.completed_at AS test_executions_completed_at, test_executions.total_execution_time AS test_executions_total_execution_time, test_executions.report_path AS test_executions_report_path, test_executions.script_path AS test_executions_script_path, test_executions.video_path AS test_executions_video_path, test_executions.error_message AS test_executions_error_message 
FROM test_executions 
WHERE test_executions.execution_id = %(execution_id_1)s 
 LIMIT %(param_1)s
2025-11-10 11:48:14,405 - sqlalchemy.engine.Engine - INFO - [cached since 87.99s ago] {'execution_id_1': 'exec_RBPLCD-8889_20251110_114644', 'param_1': 1}
2025-11-10 11:48:14,408 - sqlalchemy.engine.Engine - INFO - ROLLBACK
2025-11-10 11:48:16,400 - sqlalchemy.engine.Engine - INFO - BEGIN (implicit)
2025-11-10 11:48:16,401 - sqlalchemy.engine.Engine - INFO - SELECT test_executions.id AS test_executions_id, test_executions.execution_id AS test_executions_execution_id, test_executions.ticket_id AS test_executions_ticket_id, test_executions.project_id AS test_executions_project_id, test_executions.status AS test_executions_status, test_executions.overall_status AS test_executions_overall_status, test_executions.started_at AS test_executions_started_at, test_executions.completed_at AS test_executions_completed_at, test_executions.total_execution_time AS test_executions_total_execution_time, test_executions.report_path AS test_executions_report_path, test_executions.script_path AS test_executions_script_path, test_executions.video_path AS test_executions_video_path, test_executions.error_message AS test_executions_error_message 
FROM test_executions 
WHERE test_executions.execution_id = %(execution_id_1)s 
 LIMIT %(param_1)s
2025-11-10 11:48:16,402 - sqlalchemy.engine.Engine - INFO - [cached since 89.99s ago] {'execution_id_1': 'exec_RBPLCD-8889_20251110_114644', 'param_1': 1}
2025-11-10 11:48:16,405 - sqlalchemy.engine.Engine - INFO - ROLLBACK
2025-11-10 11:48:18,412 - sqlalchemy.engine.Engine - INFO - BEGIN (implicit)
2025-11-10 11:48:18,412 - sqlalchemy.engine.Engine - INFO - SELECT test_executions.id AS test_executions_id, test_executions.execution_id AS test_executions_execution_id, test_executions.ticket_id AS test_executions_ticket_id, test_executions.project_id AS test_executions_project_id, test_executions.status AS test_executions_status, test_executions.overall_status AS test_executions_overall_status, test_executions.started_at AS test_executions_started_at, test_executions.completed_at AS test_executions_completed_at, test_executions.total_execution_time AS test_executions_total_execution_time, test_executions.report_path AS test_executions_report_path, test_executions.script_path AS test_executions_script_path, test_executions.video_path AS test_executions_video_path, test_executions.error_message AS test_executions_error_message 
FROM test_executions 
WHERE test_executions.execution_id = %(execution_id_1)s 
 LIMIT %(param_1)s
2025-11-10 11:48:18,413 - sqlalchemy.engine.Engine - INFO - [cached since 92s ago] {'execution_id_1': 'exec_RBPLCD-8889_20251110_114644', 'param_1': 1}
2025-11-10 11:48:18,416 - sqlalchemy.engine.Engine - INFO - ROLLBACK
2025-11-10 11:48:20,411 - sqlalchemy.engine.Engine - INFO - BEGIN (implicit)
2025-11-10 11:48:20,412 - sqlalchemy.engine.Engine - INFO - SELECT test_executions.id AS test_executions_id, test_executions.execution_id AS test_executions_execution_id, test_executions.ticket_id AS test_executions_ticket_id, test_executions.project_id AS test_executions_project_id, test_executions.status AS test_executions_status, test_executions.overall_status AS test_executions_overall_status, test_executions.started_at AS test_executions_started_at, test_executions.completed_at AS test_executions_completed_at, test_executions.total_execution_time AS test_executions_total_execution_time, test_executions.report_path AS test_executions_report_path, test_executions.script_path AS test_executions_script_path, test_executions.video_path AS test_executions_video_path, test_executions.error_message AS test_executions_error_message 
FROM test_executions 
WHERE test_executions.execution_id = %(execution_id_1)s 
 LIMIT %(param_1)s
2025-11-10 11:48:20,412 - sqlalchemy.engine.Engine - INFO - [cached since 94s ago] {'execution_id_1': 'exec_RBPLCD-8889_20251110_114644', 'param_1': 1}
2025-11-10 11:48:20,415 - sqlalchemy.engine.Engine - INFO - ROLLBACK
2025-11-10 11:48:22,400 - sqlalchemy.engine.Engine - INFO - BEGIN (implicit)
2025-11-10 11:48:22,401 - sqlalchemy.engine.Engine - INFO - SELECT test_executions.id AS test_executions_id, test_executions.execution_id AS test_executions_execution_id, test_executions.ticket_id AS test_executions_ticket_id, test_executions.project_id AS test_executions_project_id, test_executions.status AS test_executions_status, test_executions.overall_status AS test_executions_overall_status, test_executions.started_at AS test_executions_started_at, test_executions.completed_at AS test_executions_completed_at, test_executions.total_execution_time AS test_executions_total_execution_time, test_executions.report_path AS test_executions_report_path, test_executions.script_path AS test_executions_script_path, test_executions.video_path AS test_executions_video_path, test_executions.error_message AS test_executions_error_message 
FROM test_executions 
WHERE test_executions.execution_id = %(execution_id_1)s 
 LIMIT %(param_1)s
2025-11-10 11:48:22,402 - sqlalchemy.engine.Engine - INFO - [cached since 95.99s ago] {'execution_id_1': 'exec_RBPLCD-8889_20251110_114644', 'param_1': 1}
2025-11-10 11:48:22,405 - sqlalchemy.engine.Engine - INFO - ROLLBACK
2025-11-10 11:48:24,401 - sqlalchemy.engine.Engine - INFO - BEGIN (implicit)
2025-11-10 11:48:24,402 - sqlalchemy.engine.Engine - INFO - SELECT test_executions.id AS test_executions_id, test_executions.execution_id AS test_executions_execution_id, test_executions.ticket_id AS test_executions_ticket_id, test_executions.project_id AS test_executions_project_id, test_executions.status AS test_executions_status, test_executions.overall_status AS test_executions_overall_status, test_executions.started_at AS test_executions_started_at, test_executions.completed_at AS test_executions_completed_at, test_executions.total_execution_time AS test_executions_total_execution_time, test_executions.report_path AS test_executions_report_path, test_executions.script_path AS test_executions_script_path, test_executions.video_path AS test_executions_video_path, test_executions.error_message AS test_executions_error_message 
FROM test_executions 
WHERE test_executions.execution_id = %(execution_id_1)s 
 LIMIT %(param_1)s
2025-11-10 11:48:24,403 - sqlalchemy.engine.Engine - INFO - [cached since 97.99s ago] {'execution_id_1': 'exec_RBPLCD-8889_20251110_114644', 'param_1': 1}
2025-11-10 11:48:24,406 - sqlalchemy.engine.Engine - INFO - ROLLBACK
2025-11-10 11:48:26,407 - sqlalchemy.engine.Engine - INFO - BEGIN (implicit)
2025-11-10 11:48:26,407 - sqlalchemy.engine.Engine - INFO - SELECT test_executions.id AS test_executions_id, test_executions.execution_id AS test_executions_execution_id, test_executions.ticket_id AS test_executions_ticket_id, test_executions.project_id AS test_executions_project_id, test_executions.status AS test_executions_status, test_executions.overall_status AS test_executions_overall_status, test_executions.started_at AS test_executions_started_at, test_executions.completed_at AS test_executions_completed_at, test_executions.total_execution_time AS test_executions_total_execution_time, test_executions.report_path AS test_executions_report_path, test_executions.script_path AS test_executions_script_path, test_executions.video_path AS test_executions_video_path, test_executions.error_message AS test_executions_error_message 
FROM test_executions 
WHERE test_executions.execution_id = %(execution_id_1)s 
 LIMIT %(param_1)s
2025-11-10 11:48:26,409 - sqlalchemy.engine.Engine - INFO - [cached since 99.99s ago] {'execution_id_1': 'exec_RBPLCD-8889_20251110_114644', 'param_1': 1}
2025-11-10 11:48:26,412 - sqlalchemy.engine.Engine - INFO - ROLLBACK
2025-11-10 11:48:28,404 - sqlalchemy.engine.Engine - INFO - BEGIN (implicit)
2025-11-10 11:48:28,404 - sqlalchemy.engine.Engine - INFO - SELECT test_executions.id AS test_executions_id, test_executions.execution_id AS test_executions_execution_id, test_executions.ticket_id AS test_executions_ticket_id, test_executions.project_id AS test_executions_project_id, test_executions.status AS test_executions_status, test_executions.overall_status AS test_executions_overall_status, test_executions.started_at AS test_executions_started_at, test_executions.completed_at AS test_executions_completed_at, test_executions.total_execution_time AS test_executions_total_execution_time, test_executions.report_path AS test_executions_report_path, test_executions.script_path AS test_executions_script_path, test_executions.video_path AS test_executions_video_path, test_executions.error_message AS test_executions_error_message 
FROM test_executions 
WHERE test_executions.execution_id = %(execution_id_1)s 
 LIMIT %(param_1)s
2025-11-10 11:48:28,405 - sqlalchemy.engine.Engine - INFO - [cached since 102s ago] {'execution_id_1': 'exec_RBPLCD-8889_20251110_114644', 'param_1': 1}
2025-11-10 11:48:28,407 - sqlalchemy.engine.Engine - INFO - ROLLBACK
2025-11-10 11:48:30,403 - sqlalchemy.engine.Engine - INFO - BEGIN (implicit)
2025-11-10 11:48:30,404 - sqlalchemy.engine.Engine - INFO - SELECT test_executions.id AS test_executions_id, test_executions.execution_id AS test_executions_execution_id, test_executions.ticket_id AS test_executions_ticket_id, test_executions.project_id AS test_executions_project_id, test_executions.status AS test_executions_status, test_executions.overall_status AS test_executions_overall_status, test_executions.started_at AS test_executions_started_at, test_executions.completed_at AS test_executions_completed_at, test_executions.total_execution_time AS test_executions_total_execution_time, test_executions.report_path AS test_executions_report_path, test_executions.script_path AS test_executions_script_path, test_executions.video_path AS test_executions_video_path, test_executions.error_message AS test_executions_error_message 
FROM test_executions 
WHERE test_executions.execution_id = %(execution_id_1)s 
 LIMIT %(param_1)s
2025-11-10 11:48:30,405 - sqlalchemy.engine.Engine - INFO - [cached since 104s ago] {'execution_id_1': 'exec_RBPLCD-8889_20251110_114644', 'param_1': 1}
2025-11-10 11:48:30,407 - sqlalchemy.engine.Engine - INFO - ROLLBACK
2025-11-10 11:48:32,400 - sqlalchemy.engine.Engine - INFO - BEGIN (implicit)
2025-11-10 11:48:32,400 - sqlalchemy.engine.Engine - INFO - SELECT test_executions.id AS test_executions_id, test_executions.execution_id AS test_executions_execution_id, test_executions.ticket_id AS test_executions_ticket_id, test_executions.project_id AS test_executions_project_id, test_executions.status AS test_executions_status, test_executions.overall_status AS test_executions_overall_status, test_executions.started_at AS test_executions_started_at, test_executions.completed_at AS test_executions_completed_at, test_executions.total_execution_time AS test_executions_total_execution_time, test_executions.report_path AS test_executions_report_path, test_executions.script_path AS test_executions_script_path, test_executions.video_path AS test_executions_video_path, test_executions.error_message AS test_executions_error_message 
FROM test_executions 
WHERE test_executions.execution_id = %(execution_id_1)s 
 LIMIT %(param_1)s
2025-11-10 11:48:32,401 - sqlalchemy.engine.Engine - INFO - [cached since 106s ago] {'execution_id_1': 'exec_RBPLCD-8889_20251110_114644', 'param_1': 1}
2025-11-10 11:48:32,404 - sqlalchemy.engine.Engine - INFO - ROLLBACK
2025-11-10 11:48:34,402 - sqlalchemy.engine.Engine - INFO - BEGIN (implicit)
2025-11-10 11:48:34,403 - sqlalchemy.engine.Engine - INFO - SELECT test_executions.id AS test_executions_id, test_executions.execution_id AS test_executions_execution_id, test_executions.ticket_id AS test_executions_ticket_id, test_executions.project_id AS test_executions_project_id, test_executions.status AS test_executions_status, test_executions.overall_status AS test_executions_overall_status, test_executions.started_at AS test_executions_started_at, test_executions.completed_at AS test_executions_completed_at, test_executions.total_execution_time AS test_executions_total_execution_time, test_executions.report_path AS test_executions_report_path, test_executions.script_path AS test_executions_script_path, test_executions.video_path AS test_executions_video_path, test_executions.error_message AS test_executions_error_message 
FROM test_executions 
WHERE test_executions.execution_id = %(execution_id_1)s 
 LIMIT %(param_1)s
2025-11-10 11:48:34,404 - sqlalchemy.engine.Engine - INFO - [cached since 108s ago] {'execution_id_1': 'exec_RBPLCD-8889_20251110_114644', 'param_1': 1}
2025-11-10 11:48:34,407 - sqlalchemy.engine.Engine - INFO - ROLLBACK
2025-11-10 11:48:36,399 - sqlalchemy.engine.Engine - INFO - BEGIN (implicit)
2025-11-10 11:48:36,400 - sqlalchemy.engine.Engine - INFO - SELECT test_executions.id AS test_executions_id, test_executions.execution_id AS test_executions_execution_id, test_executions.ticket_id AS test_executions_ticket_id, test_executions.project_id AS test_executions_project_id, test_executions.status AS test_executions_status, test_executions.overall_status AS test_executions_overall_status, test_executions.started_at AS test_executions_started_at, test_executions.completed_at AS test_executions_completed_at, test_executions.total_execution_time AS test_executions_total_execution_time, test_executions.report_path AS test_executions_report_path, test_executions.script_path AS test_executions_script_path, test_executions.video_path AS test_executions_video_path, test_executions.error_message AS test_executions_error_message 
FROM test_executions 
WHERE test_executions.execution_id = %(execution_id_1)s 
 LIMIT %(param_1)s
2025-11-10 11:48:36,400 - sqlalchemy.engine.Engine - INFO - [cached since 110s ago] {'execution_id_1': 'exec_RBPLCD-8889_20251110_114644', 'param_1': 1}
2025-11-10 11:48:36,403 - sqlalchemy.engine.Engine - INFO - ROLLBACK
2025-11-10 11:48:38,410 - sqlalchemy.engine.Engine - INFO - BEGIN (implicit)
2025-11-10 11:48:38,411 - sqlalchemy.engine.Engine - INFO - SELECT test_executions.id AS test_executions_id, test_executions.execution_id AS test_executions_execution_id, test_executions.ticket_id AS test_executions_ticket_id, test_executions.project_id AS test_executions_project_id, test_executions.status AS test_executions_status, test_executions.overall_status AS test_executions_overall_status, test_executions.started_at AS test_executions_started_at, test_executions.completed_at AS test_executions_completed_at, test_executions.total_execution_time AS test_executions_total_execution_time, test_executions.report_path AS test_executions_report_path, test_executions.script_path AS test_executions_script_path, test_executions.video_path AS test_executions_video_path, test_executions.error_message AS test_executions_error_message 
FROM test_executions 
WHERE test_executions.execution_id = %(execution_id_1)s 
 LIMIT %(param_1)s
2025-11-10 11:48:38,412 - sqlalchemy.engine.Engine - INFO - [cached since 112s ago] {'execution_id_1': 'exec_RBPLCD-8889_20251110_114644', 'param_1': 1}
2025-11-10 11:48:38,414 - sqlalchemy.engine.Engine - INFO - ROLLBACK
2025-11-10 11:48:40,404 - sqlalchemy.engine.Engine - INFO - BEGIN (implicit)
2025-11-10 11:48:40,405 - sqlalchemy.engine.Engine - INFO - SELECT test_executions.id AS test_executions_id, test_executions.execution_id AS test_executions_execution_id, test_executions.ticket_id AS test_executions_ticket_id, test_executions.project_id AS test_executions_project_id, test_executions.status AS test_executions_status, test_executions.overall_status AS test_executions_overall_status, test_executions.started_at AS test_executions_started_at, test_executions.completed_at AS test_executions_completed_at, test_executions.total_execution_time AS test_executions_total_execution_time, test_executions.report_path AS test_executions_report_path, test_executions.script_path AS test_executions_script_path, test_executions.video_path AS test_executions_video_path, test_executions.error_message AS test_executions_error_message 
FROM test_executions 
WHERE test_executions.execution_id = %(execution_id_1)s 
 LIMIT %(param_1)s
2025-11-10 11:48:40,406 - sqlalchemy.engine.Engine - INFO - [cached since 114s ago] {'execution_id_1': 'exec_RBPLCD-8889_20251110_114644', 'param_1': 1}
2025-11-10 11:48:40,409 - sqlalchemy.engine.Engine - INFO - ROLLBACK
2025-11-10 11:48:42,412 - sqlalchemy.engine.Engine - INFO - BEGIN (implicit)
2025-11-10 11:48:42,413 - sqlalchemy.engine.Engine - INFO - SELECT test_executions.id AS test_executions_id, test_executions.execution_id AS test_executions_execution_id, test_executions.ticket_id AS test_executions_ticket_id, test_executions.project_id AS test_executions_project_id, test_executions.status AS test_executions_status, test_executions.overall_status AS test_executions_overall_status, test_executions.started_at AS test_executions_started_at, test_executions.completed_at AS test_executions_completed_at, test_executions.total_execution_time AS test_executions_total_execution_time, test_executions.report_path AS test_executions_report_path, test_executions.script_path AS test_executions_script_path, test_executions.video_path AS test_executions_video_path, test_executions.error_message AS test_executions_error_message 
FROM test_executions 
WHERE test_executions.execution_id = %(execution_id_1)s 
 LIMIT %(param_1)s
2025-11-10 11:48:42,414 - sqlalchemy.engine.Engine - INFO - [cached since 116s ago] {'execution_id_1': 'exec_RBPLCD-8889_20251110_114644', 'param_1': 1}
2025-11-10 11:48:42,418 - sqlalchemy.engine.Engine - INFO - ROLLBACK
2025-11-10 11:48:44,401 - sqlalchemy.engine.Engine - INFO - BEGIN (implicit)
2025-11-10 11:48:44,402 - sqlalchemy.engine.Engine - INFO - SELECT test_executions.id AS test_executions_id, test_executions.execution_id AS test_executions_execution_id, test_executions.ticket_id AS test_executions_ticket_id, test_executions.project_id AS test_executions_project_id, test_executions.status AS test_executions_status, test_executions.overall_status AS test_executions_overall_status, test_executions.started_at AS test_executions_started_at, test_executions.completed_at AS test_executions_completed_at, test_executions.total_execution_time AS test_executions_total_execution_time, test_executions.report_path AS test_executions_report_path, test_executions.script_path AS test_executions_script_path, test_executions.video_path AS test_executions_video_path, test_executions.error_message AS test_executions_error_message 
FROM test_executions 
WHERE test_executions.execution_id = %(execution_id_1)s 
 LIMIT %(param_1)s
2025-11-10 11:48:44,403 - sqlalchemy.engine.Engine - INFO - [cached since 118s ago] {'execution_id_1': 'exec_RBPLCD-8889_20251110_114644', 'param_1': 1}
2025-11-10 11:48:44,406 - sqlalchemy.engine.Engine - INFO - ROLLBACK
2025-11-10 11:48:46,408 - sqlalchemy.engine.Engine - INFO - BEGIN (implicit)
2025-11-10 11:48:46,409 - sqlalchemy.engine.Engine - INFO - SELECT test_executions.id AS test_executions_id, test_executions.execution_id AS test_executions_execution_id, test_executions.ticket_id AS test_executions_ticket_id, test_executions.project_id AS test_executions_project_id, test_executions.status AS test_executions_status, test_executions.overall_status AS test_executions_overall_status, test_executions.started_at AS test_executions_started_at, test_executions.completed_at AS test_executions_completed_at, test_executions.total_execution_time AS test_executions_total_execution_time, test_executions.report_path AS test_executions_report_path, test_executions.script_path AS test_executions_script_path, test_executions.video_path AS test_executions_video_path, test_executions.error_message AS test_executions_error_message 
FROM test_executions 
WHERE test_executions.execution_id = %(execution_id_1)s 
 LIMIT %(param_1)s
2025-11-10 11:48:46,409 - sqlalchemy.engine.Engine - INFO - [cached since 120s ago] {'execution_id_1': 'exec_RBPLCD-8889_20251110_114644', 'param_1': 1}
2025-11-10 11:48:46,413 - sqlalchemy.engine.Engine - INFO - ROLLBACK
2025-11-10 11:48:48,403 - sqlalchemy.engine.Engine - INFO - BEGIN (implicit)
2025-11-10 11:48:48,404 - sqlalchemy.engine.Engine - INFO - SELECT test_executions.id AS test_executions_id, test_executions.execution_id AS test_executions_execution_id, test_executions.ticket_id AS test_executions_ticket_id, test_executions.project_id AS test_executions_project_id, test_executions.status AS test_executions_status, test_executions.overall_status AS test_executions_overall_status, test_executions.started_at AS test_executions_started_at, test_executions.completed_at AS test_executions_completed_at, test_executions.total_execution_time AS test_executions_total_execution_time, test_executions.report_path AS test_executions_report_path, test_executions.script_path AS test_executions_script_path, test_executions.video_path AS test_executions_video_path, test_executions.error_message AS test_executions_error_message 
FROM test_executions 
WHERE test_executions.execution_id = %(execution_id_1)s 
 LIMIT %(param_1)s
2025-11-10 11:48:48,405 - sqlalchemy.engine.Engine - INFO - [cached since 122s ago] {'execution_id_1': 'exec_RBPLCD-8889_20251110_114644', 'param_1': 1}
2025-11-10 11:48:48,408 - sqlalchemy.engine.Engine - INFO - ROLLBACK
2025-11-10 11:48:50,403 - sqlalchemy.engine.Engine - INFO - BEGIN (implicit)
2025-11-10 11:48:50,404 - sqlalchemy.engine.Engine - INFO - SELECT test_executions.id AS test_executions_id, test_executions.execution_id AS test_executions_execution_id, test_executions.ticket_id AS test_executions_ticket_id, test_executions.project_id AS test_executions_project_id, test_executions.status AS test_executions_status, test_executions.overall_status AS test_executions_overall_status, test_executions.started_at AS test_executions_started_at, test_executions.completed_at AS test_executions_completed_at, test_executions.total_execution_time AS test_executions_total_execution_time, test_executions.report_path AS test_executions_report_path, test_executions.script_path AS test_executions_script_path, test_executions.video_path AS test_executions_video_path, test_executions.error_message AS test_executions_error_message 
FROM test_executions 
WHERE test_executions.execution_id = %(execution_id_1)s 
 LIMIT %(param_1)s
2025-11-10 11:48:50,405 - sqlalchemy.engine.Engine - INFO - [cached since 124s ago] {'execution_id_1': 'exec_RBPLCD-8889_20251110_114644', 'param_1': 1}
2025-11-10 11:48:50,408 - sqlalchemy.engine.Engine - INFO - ROLLBACK
2025-11-10 11:48:52,399 - sqlalchemy.engine.Engine - INFO - BEGIN (implicit)
2025-11-10 11:48:52,401 - sqlalchemy.engine.Engine - INFO - SELECT test_executions.id AS test_executions_id, test_executions.execution_id AS test_executions_execution_id, test_executions.ticket_id AS test_executions_ticket_id, test_executions.project_id AS test_executions_project_id, test_executions.status AS test_executions_status, test_executions.overall_status AS test_executions_overall_status, test_executions.started_at AS test_executions_started_at, test_executions.completed_at AS test_executions_completed_at, test_executions.total_execution_time AS test_executions_total_execution_time, test_executions.report_path AS test_executions_report_path, test_executions.script_path AS test_executions_script_path, test_executions.video_path AS test_executions_video_path, test_executions.error_message AS test_executions_error_message 
FROM test_executions 
WHERE test_executions.execution_id = %(execution_id_1)s 
 LIMIT %(param_1)s
2025-11-10 11:48:52,401 - sqlalchemy.engine.Engine - INFO - [cached since 126s ago] {'execution_id_1': 'exec_RBPLCD-8889_20251110_114644', 'param_1': 1}
2025-11-10 11:48:52,404 - sqlalchemy.engine.Engine - INFO - ROLLBACK
2025-11-10 11:48:54,404 - sqlalchemy.engine.Engine - INFO - BEGIN (implicit)
2025-11-10 11:48:54,405 - sqlalchemy.engine.Engine - INFO - SELECT test_executions.id AS test_executions_id, test_executions.execution_id AS test_executions_execution_id, test_executions.ticket_id AS test_executions_ticket_id, test_executions.project_id AS test_executions_project_id, test_executions.status AS test_executions_status, test_executions.overall_status AS test_executions_overall_status, test_executions.started_at AS test_executions_started_at, test_executions.completed_at AS test_executions_completed_at, test_executions.total_execution_time AS test_executions_total_execution_time, test_executions.report_path AS test_executions_report_path, test_executions.script_path AS test_executions_script_path, test_executions.video_path AS test_executions_video_path, test_executions.error_message AS test_executions_error_message 
FROM test_executions 
WHERE test_executions.execution_id = %(execution_id_1)s 
 LIMIT %(param_1)s
2025-11-10 11:48:54,405 - sqlalchemy.engine.Engine - INFO - [cached since 128s ago] {'execution_id_1': 'exec_RBPLCD-8889_20251110_114644', 'param_1': 1}
2025-11-10 11:48:54,409 - sqlalchemy.engine.Engine - INFO - ROLLBACK
2025-11-10 11:48:56,399 - sqlalchemy.engine.Engine - INFO - BEGIN (implicit)
2025-11-10 11:48:56,400 - sqlalchemy.engine.Engine - INFO - SELECT test_executions.id AS test_executions_id, test_executions.execution_id AS test_executions_execution_id, test_executions.ticket_id AS test_executions_ticket_id, test_executions.project_id AS test_executions_project_id, test_executions.status AS test_executions_status, test_executions.overall_status AS test_executions_overall_status, test_executions.started_at AS test_executions_started_at, test_executions.completed_at AS test_executions_completed_at, test_executions.total_execution_time AS test_executions_total_execution_time, test_executions.report_path AS test_executions_report_path, test_executions.script_path AS test_executions_script_path, test_executions.video_path AS test_executions_video_path, test_executions.error_message AS test_executions_error_message 
FROM test_executions 
WHERE test_executions.execution_id = %(execution_id_1)s 
 LIMIT %(param_1)s
2025-11-10 11:48:56,401 - sqlalchemy.engine.Engine - INFO - [cached since 130s ago] {'execution_id_1': 'exec_RBPLCD-8889_20251110_114644', 'param_1': 1}
2025-11-10 11:48:56,403 - sqlalchemy.engine.Engine - INFO - ROLLBACK
2025-11-10 11:48:58,414 - sqlalchemy.engine.Engine - INFO - BEGIN (implicit)
2025-11-10 11:48:58,416 - sqlalchemy.engine.Engine - INFO - SELECT test_executions.id AS test_executions_id, test_executions.execution_id AS test_executions_execution_id, test_executions.ticket_id AS test_executions_ticket_id, test_executions.project_id AS test_executions_project_id, test_executions.status AS test_executions_status, test_executions.overall_status AS test_executions_overall_status, test_executions.started_at AS test_executions_started_at, test_executions.completed_at AS test_executions_completed_at, test_executions.total_execution_time AS test_executions_total_execution_time, test_executions.report_path AS test_executions_report_path, test_executions.script_path AS test_executions_script_path, test_executions.video_path AS test_executions_video_path, test_executions.error_message AS test_executions_error_message 
FROM test_executions 
WHERE test_executions.execution_id = %(execution_id_1)s 
 LIMIT %(param_1)s
2025-11-10 11:48:58,418 - sqlalchemy.engine.Engine - INFO - [cached since 132s ago] {'execution_id_1': 'exec_RBPLCD-8889_20251110_114644', 'param_1': 1}
2025-11-10 11:48:58,422 - sqlalchemy.engine.Engine - INFO - ROLLBACK
2025-11-10 11:49:00,401 - sqlalchemy.engine.Engine - INFO - BEGIN (implicit)
2025-11-10 11:49:00,401 - sqlalchemy.engine.Engine - INFO - SELECT test_executions.id AS test_executions_id, test_executions.execution_id AS test_executions_execution_id, test_executions.ticket_id AS test_executions_ticket_id, test_executions.project_id AS test_executions_project_id, test_executions.status AS test_executions_status, test_executions.overall_status AS test_executions_overall_status, test_executions.started_at AS test_executions_started_at, test_executions.completed_at AS test_executions_completed_at, test_executions.total_execution_time AS test_executions_total_execution_time, test_executions.report_path AS test_executions_report_path, test_executions.script_path AS test_executions_script_path, test_executions.video_path AS test_executions_video_path, test_executions.error_message AS test_executions_error_message 
FROM test_executions 
WHERE test_executions.execution_id = %(execution_id_1)s 
 LIMIT %(param_1)s
2025-11-10 11:49:00,402 - sqlalchemy.engine.Engine - INFO - [cached since 134s ago] {'execution_id_1': 'exec_RBPLCD-8889_20251110_114644', 'param_1': 1}
2025-11-10 11:49:00,405 - sqlalchemy.engine.Engine - INFO - ROLLBACK
2025-11-10 11:49:02,410 - sqlalchemy.engine.Engine - INFO - BEGIN (implicit)
2025-11-10 11:49:02,410 - sqlalchemy.engine.Engine - INFO - SELECT test_executions.id AS test_executions_id, test_executions.execution_id AS test_executions_execution_id, test_executions.ticket_id AS test_executions_ticket_id, test_executions.project_id AS test_executions_project_id, test_executions.status AS test_executions_status, test_executions.overall_status AS test_executions_overall_status, test_executions.started_at AS test_executions_started_at, test_executions.completed_at AS test_executions_completed_at, test_executions.total_execution_time AS test_executions_total_execution_time, test_executions.report_path AS test_executions_report_path, test_executions.script_path AS test_executions_script_path, test_executions.video_path AS test_executions_video_path, test_executions.error_message AS test_executions_error_message 
FROM test_executions 
WHERE test_executions.execution_id = %(execution_id_1)s 
 LIMIT %(param_1)s
2025-11-10 11:49:02,411 - sqlalchemy.engine.Engine - INFO - [cached since 136s ago] {'execution_id_1': 'exec_RBPLCD-8889_20251110_114644', 'param_1': 1}
2025-11-10 11:49:02,414 - sqlalchemy.engine.Engine - INFO - ROLLBACK
2025-11-10 11:49:04,401 - sqlalchemy.engine.Engine - INFO - BEGIN (implicit)
2025-11-10 11:49:04,402 - sqlalchemy.engine.Engine - INFO - SELECT test_executions.id AS test_executions_id, test_executions.execution_id AS test_executions_execution_id, test_executions.ticket_id AS test_executions_ticket_id, test_executions.project_id AS test_executions_project_id, test_executions.status AS test_executions_status, test_executions.overall_status AS test_executions_overall_status, test_executions.started_at AS test_executions_started_at, test_executions.completed_at AS test_executions_completed_at, test_executions.total_execution_time AS test_executions_total_execution_time, test_executions.report_path AS test_executions_report_path, test_executions.script_path AS test_executions_script_path, test_executions.video_path AS test_executions_video_path, test_executions.error_message AS test_executions_error_message 
FROM test_executions 
WHERE test_executions.execution_id = %(execution_id_1)s 
 LIMIT %(param_1)s
2025-11-10 11:49:04,402 - sqlalchemy.engine.Engine - INFO - [cached since 138s ago] {'execution_id_1': 'exec_RBPLCD-8889_20251110_114644', 'param_1': 1}
2025-11-10 11:49:04,405 - sqlalchemy.engine.Engine - INFO - ROLLBACK
2025-11-10 11:49:06,407 - sqlalchemy.engine.Engine - INFO - BEGIN (implicit)
2025-11-10 11:49:06,408 - sqlalchemy.engine.Engine - INFO - SELECT test_executions.id AS test_executions_id, test_executions.execution_id AS test_executions_execution_id, test_executions.ticket_id AS test_executions_ticket_id, test_executions.project_id AS test_executions_project_id, test_executions.status AS test_executions_status, test_executions.overall_status AS test_executions_overall_status, test_executions.started_at AS test_executions_started_at, test_executions.completed_at AS test_executions_completed_at, test_executions.total_execution_time AS test_executions_total_execution_time, test_executions.report_path AS test_executions_report_path, test_executions.script_path AS test_executions_script_path, test_executions.video_path AS test_executions_video_path, test_executions.error_message AS test_executions_error_message 
FROM test_executions 
WHERE test_executions.execution_id = %(execution_id_1)s 
 LIMIT %(param_1)s
2025-11-10 11:49:06,408 - sqlalchemy.engine.Engine - INFO - [cached since 140s ago] {'execution_id_1': 'exec_RBPLCD-8889_20251110_114644', 'param_1': 1}
2025-11-10 11:49:06,411 - sqlalchemy.engine.Engine - INFO - ROLLBACK
2025-11-10 11:49:08,410 - sqlalchemy.engine.Engine - INFO - BEGIN (implicit)
2025-11-10 11:49:08,411 - sqlalchemy.engine.Engine - INFO - SELECT test_executions.id AS test_executions_id, test_executions.execution_id AS test_executions_execution_id, test_executions.ticket_id AS test_executions_ticket_id, test_executions.project_id AS test_executions_project_id, test_executions.status AS test_executions_status, test_executions.overall_status AS test_executions_overall_status, test_executions.started_at AS test_executions_started_at, test_executions.completed_at AS test_executions_completed_at, test_executions.total_execution_time AS test_executions_total_execution_time, test_executions.report_path AS test_executions_report_path, test_executions.script_path AS test_executions_script_path, test_executions.video_path AS test_executions_video_path, test_executions.error_message AS test_executions_error_message 
FROM test_executions 
WHERE test_executions.execution_id = %(execution_id_1)s 
 LIMIT %(param_1)s
2025-11-10 11:49:08,412 - sqlalchemy.engine.Engine - INFO - [cached since 142s ago] {'execution_id_1': 'exec_RBPLCD-8889_20251110_114644', 'param_1': 1}
2025-11-10 11:49:08,415 - sqlalchemy.engine.Engine - INFO - ROLLBACK
2025-11-10 11:49:10,406 - sqlalchemy.engine.Engine - INFO - BEGIN (implicit)
2025-11-10 11:49:10,408 - sqlalchemy.engine.Engine - INFO - SELECT test_executions.id AS test_executions_id, test_executions.execution_id AS test_executions_execution_id, test_executions.ticket_id AS test_executions_ticket_id, test_executions.project_id AS test_executions_project_id, test_executions.status AS test_executions_status, test_executions.overall_status AS test_executions_overall_status, test_executions.started_at AS test_executions_started_at, test_executions.completed_at AS test_executions_completed_at, test_executions.total_execution_time AS test_executions_total_execution_time, test_executions.report_path AS test_executions_report_path, test_executions.script_path AS test_executions_script_path, test_executions.video_path AS test_executions_video_path, test_executions.error_message AS test_executions_error_message 
FROM test_executions 
WHERE test_executions.execution_id = %(execution_id_1)s 
 LIMIT %(param_1)s
2025-11-10 11:49:10,411 - sqlalchemy.engine.Engine - INFO - [cached since 144s ago] {'execution_id_1': 'exec_RBPLCD-8889_20251110_114644', 'param_1': 1}
2025-11-10 11:49:10,415 - sqlalchemy.engine.Engine - INFO - ROLLBACK
2025-11-10 11:49:12,400 - sqlalchemy.engine.Engine - INFO - BEGIN (implicit)
2025-11-10 11:49:12,401 - sqlalchemy.engine.Engine - INFO - SELECT test_executions.id AS test_executions_id, test_executions.execution_id AS test_executions_execution_id, test_executions.ticket_id AS test_executions_ticket_id, test_executions.project_id AS test_executions_project_id, test_executions.status AS test_executions_status, test_executions.overall_status AS test_executions_overall_status, test_executions.started_at AS test_executions_started_at, test_executions.completed_at AS test_executions_completed_at, test_executions.total_execution_time AS test_executions_total_execution_time, test_executions.report_path AS test_executions_report_path, test_executions.script_path AS test_executions_script_path, test_executions.video_path AS test_executions_video_path, test_executions.error_message AS test_executions_error_message 
FROM test_executions 
WHERE test_executions.execution_id = %(execution_id_1)s 
 LIMIT %(param_1)s
2025-11-10 11:49:12,402 - sqlalchemy.engine.Engine - INFO - [cached since 146s ago] {'execution_id_1': 'exec_RBPLCD-8889_20251110_114644', 'param_1': 1}
2025-11-10 11:49:12,404 - sqlalchemy.engine.Engine - INFO - ROLLBACK
2025-11-10 11:49:14,401 - sqlalchemy.engine.Engine - INFO - BEGIN (implicit)
2025-11-10 11:49:14,402 - sqlalchemy.engine.Engine - INFO - SELECT test_executions.id AS test_executions_id, test_executions.execution_id AS test_executions_execution_id, test_executions.ticket_id AS test_executions_ticket_id, test_executions.project_id AS test_executions_project_id, test_executions.status AS test_executions_status, test_executions.overall_status AS test_executions_overall_status, test_executions.started_at AS test_executions_started_at, test_executions.completed_at AS test_executions_completed_at, test_executions.total_execution_time AS test_executions_total_execution_time, test_executions.report_path AS test_executions_report_path, test_executions.script_path AS test_executions_script_path, test_executions.video_path AS test_executions_video_path, test_executions.error_message AS test_executions_error_message 
FROM test_executions 
WHERE test_executions.execution_id = %(execution_id_1)s 
 LIMIT %(param_1)s
2025-11-10 11:49:14,402 - sqlalchemy.engine.Engine - INFO - [cached since 148s ago] {'execution_id_1': 'exec_RBPLCD-8889_20251110_114644', 'param_1': 1}
2025-11-10 11:49:14,405 - sqlalchemy.engine.Engine - INFO - ROLLBACK
2025-11-10 11:49:16,401 - sqlalchemy.engine.Engine - INFO - BEGIN (implicit)
2025-11-10 11:49:16,402 - sqlalchemy.engine.Engine - INFO - SELECT test_executions.id AS test_executions_id, test_executions.execution_id AS test_executions_execution_id, test_executions.ticket_id AS test_executions_ticket_id, test_executions.project_id AS test_executions_project_id, test_executions.status AS test_executions_status, test_executions.overall_status AS test_executions_overall_status, test_executions.started_at AS test_executions_started_at, test_executions.completed_at AS test_executions_completed_at, test_executions.total_execution_time AS test_executions_total_execution_time, test_executions.report_path AS test_executions_report_path, test_executions.script_path AS test_executions_script_path, test_executions.video_path AS test_executions_video_path, test_executions.error_message AS test_executions_error_message 
FROM test_executions 
WHERE test_executions.execution_id = %(execution_id_1)s 
 LIMIT %(param_1)s
2025-11-10 11:49:16,404 - sqlalchemy.engine.Engine - INFO - [cached since 150s ago] {'execution_id_1': 'exec_RBPLCD-8889_20251110_114644', 'param_1': 1}
2025-11-10 11:49:16,410 - sqlalchemy.engine.Engine - INFO - ROLLBACK
2025-11-10 11:49:18,402 - sqlalchemy.engine.Engine - INFO - BEGIN (implicit)
2025-11-10 11:49:18,403 - sqlalchemy.engine.Engine - INFO - SELECT test_executions.id AS test_executions_id, test_executions.execution_id AS test_executions_execution_id, test_executions.ticket_id AS test_executions_ticket_id, test_executions.project_id AS test_executions_project_id, test_executions.status AS test_executions_status, test_executions.overall_status AS test_executions_overall_status, test_executions.started_at AS test_executions_started_at, test_executions.completed_at AS test_executions_completed_at, test_executions.total_execution_time AS test_executions_total_execution_time, test_executions.report_path AS test_executions_report_path, test_executions.script_path AS test_executions_script_path, test_executions.video_path AS test_executions_video_path, test_executions.error_message AS test_executions_error_message 
FROM test_executions 
WHERE test_executions.execution_id = %(execution_id_1)s 
 LIMIT %(param_1)s
2025-11-10 11:49:18,403 - sqlalchemy.engine.Engine - INFO - [cached since 152s ago] {'execution_id_1': 'exec_RBPLCD-8889_20251110_114644', 'param_1': 1}
2025-11-10 11:49:18,406 - sqlalchemy.engine.Engine - INFO - ROLLBACK
2025-11-10 11:49:20,415 - sqlalchemy.engine.Engine - INFO - BEGIN (implicit)
2025-11-10 11:49:20,416 - sqlalchemy.engine.Engine - INFO - SELECT test_executions.id AS test_executions_id, test_executions.execution_id AS test_executions_execution_id, test_executions.ticket_id AS test_executions_ticket_id, test_executions.project_id AS test_executions_project_id, test_executions.status AS test_executions_status, test_executions.overall_status AS test_executions_overall_status, test_executions.started_at AS test_executions_started_at, test_executions.completed_at AS test_executions_completed_at, test_executions.total_execution_time AS test_executions_total_execution_time, test_executions.report_path AS test_executions_report_path, test_executions.script_path AS test_executions_script_path, test_executions.video_path AS test_executions_video_path, test_executions.error_message AS test_executions_error_message 
FROM test_executions 
WHERE test_executions.execution_id = %(execution_id_1)s 
 LIMIT %(param_1)s
2025-11-10 11:49:20,418 - sqlalchemy.engine.Engine - INFO - [cached since 154s ago] {'execution_id_1': 'exec_RBPLCD-8889_20251110_114644', 'param_1': 1}
2025-11-10 11:49:20,422 - sqlalchemy.engine.Engine - INFO - ROLLBACK
2025-11-10 11:49:22,401 - sqlalchemy.engine.Engine - INFO - BEGIN (implicit)
2025-11-10 11:49:22,401 - sqlalchemy.engine.Engine - INFO - SELECT test_executions.id AS test_executions_id, test_executions.execution_id AS test_executions_execution_id, test_executions.ticket_id AS test_executions_ticket_id, test_executions.project_id AS test_executions_project_id, test_executions.status AS test_executions_status, test_executions.overall_status AS test_executions_overall_status, test_executions.started_at AS test_executions_started_at, test_executions.completed_at AS test_executions_completed_at, test_executions.total_execution_time AS test_executions_total_execution_time, test_executions.report_path AS test_executions_report_path, test_executions.script_path AS test_executions_script_path, test_executions.video_path AS test_executions_video_path, test_executions.error_message AS test_executions_error_message 
FROM test_executions 
WHERE test_executions.execution_id = %(execution_id_1)s 
 LIMIT %(param_1)s
2025-11-10 11:49:22,402 - sqlalchemy.engine.Engine - INFO - [cached since 156s ago] {'execution_id_1': 'exec_RBPLCD-8889_20251110_114644', 'param_1': 1}
2025-11-10 11:49:22,406 - sqlalchemy.engine.Engine - INFO - ROLLBACK
2025-11-10 11:49:24,409 - sqlalchemy.engine.Engine - INFO - BEGIN (implicit)
2025-11-10 11:49:24,410 - sqlalchemy.engine.Engine - INFO - SELECT test_executions.id AS test_executions_id, test_executions.execution_id AS test_executions_execution_id, test_executions.ticket_id AS test_executions_ticket_id, test_executions.project_id AS test_executions_project_id, test_executions.status AS test_executions_status, test_executions.overall_status AS test_executions_overall_status, test_executions.started_at AS test_executions_started_at, test_executions.completed_at AS test_executions_completed_at, test_executions.total_execution_time AS test_executions_total_execution_time, test_executions.report_path AS test_executions_report_path, test_executions.script_path AS test_executions_script_path, test_executions.video_path AS test_executions_video_path, test_executions.error_message AS test_executions_error_message 
FROM test_executions 
WHERE test_executions.execution_id = %(execution_id_1)s 
 LIMIT %(param_1)s
2025-11-10 11:49:24,410 - sqlalchemy.engine.Engine - INFO - [cached since 158s ago] {'execution_id_1': 'exec_RBPLCD-8889_20251110_114644', 'param_1': 1}
2025-11-10 11:49:24,414 - sqlalchemy.engine.Engine - INFO - ROLLBACK
2025-11-10 11:49:26,408 - sqlalchemy.engine.Engine - INFO - BEGIN (implicit)
2025-11-10 11:49:26,408 - sqlalchemy.engine.Engine - INFO - SELECT test_executions.id AS test_executions_id, test_executions.execution_id AS test_executions_execution_id, test_executions.ticket_id AS test_executions_ticket_id, test_executions.project_id AS test_executions_project_id, test_executions.status AS test_executions_status, test_executions.overall_status AS test_executions_overall_status, test_executions.started_at AS test_executions_started_at, test_executions.completed_at AS test_executions_completed_at, test_executions.total_execution_time AS test_executions_total_execution_time, test_executions.report_path AS test_executions_report_path, test_executions.script_path AS test_executions_script_path, test_executions.video_path AS test_executions_video_path, test_executions.error_message AS test_executions_error_message 
FROM test_executions 
WHERE test_executions.execution_id = %(execution_id_1)s 
 LIMIT %(param_1)s
2025-11-10 11:49:26,410 - sqlalchemy.engine.Engine - INFO - [cached since 160s ago] {'execution_id_1': 'exec_RBPLCD-8889_20251110_114644', 'param_1': 1}
2025-11-10 11:49:26,413 - sqlalchemy.engine.Engine - INFO - ROLLBACK
2025-11-10 11:49:28,406 - sqlalchemy.engine.Engine - INFO - BEGIN (implicit)
2025-11-10 11:49:28,407 - sqlalchemy.engine.Engine - INFO - SELECT test_executions.id AS test_executions_id, test_executions.execution_id AS test_executions_execution_id, test_executions.ticket_id AS test_executions_ticket_id, test_executions.project_id AS test_executions_project_id, test_executions.status AS test_executions_status, test_executions.overall_status AS test_executions_overall_status, test_executions.started_at AS test_executions_started_at, test_executions.completed_at AS test_executions_completed_at, test_executions.total_execution_time AS test_executions_total_execution_time, test_executions.report_path AS test_executions_report_path, test_executions.script_path AS test_executions_script_path, test_executions.video_path AS test_executions_video_path, test_executions.error_message AS test_executions_error_message 
FROM test_executions 
WHERE test_executions.execution_id = %(execution_id_1)s 
 LIMIT %(param_1)s
2025-11-10 11:49:28,408 - sqlalchemy.engine.Engine - INFO - [cached since 162s ago] {'execution_id_1': 'exec_RBPLCD-8889_20251110_114644', 'param_1': 1}
2025-11-10 11:49:28,410 - sqlalchemy.engine.Engine - INFO - ROLLBACK
2025-11-10 11:49:30,404 - sqlalchemy.engine.Engine - INFO - BEGIN (implicit)
2025-11-10 11:49:30,405 - sqlalchemy.engine.Engine - INFO - SELECT test_executions.id AS test_executions_id, test_executions.execution_id AS test_executions_execution_id, test_executions.ticket_id AS test_executions_ticket_id, test_executions.project_id AS test_executions_project_id, test_executions.status AS test_executions_status, test_executions.overall_status AS test_executions_overall_status, test_executions.started_at AS test_executions_started_at, test_executions.completed_at AS test_executions_completed_at, test_executions.total_execution_time AS test_executions_total_execution_time, test_executions.report_path AS test_executions_report_path, test_executions.script_path AS test_executions_script_path, test_executions.video_path AS test_executions_video_path, test_executions.error_message AS test_executions_error_message 
FROM test_executions 
WHERE test_executions.execution_id = %(execution_id_1)s 
 LIMIT %(param_1)s
2025-11-10 11:49:30,406 - sqlalchemy.engine.Engine - INFO - [cached since 164s ago] {'execution_id_1': 'exec_RBPLCD-8889_20251110_114644', 'param_1': 1}
2025-11-10 11:49:30,409 - sqlalchemy.engine.Engine - INFO - ROLLBACK
2025-11-10 11:49:32,403 - sqlalchemy.engine.Engine - INFO - BEGIN (implicit)
2025-11-10 11:49:32,403 - sqlalchemy.engine.Engine - INFO - SELECT test_executions.id AS test_executions_id, test_executions.execution_id AS test_executions_execution_id, test_executions.ticket_id AS test_executions_ticket_id, test_executions.project_id AS test_executions_project_id, test_executions.status AS test_executions_status, test_executions.overall_status AS test_executions_overall_status, test_executions.started_at AS test_executions_started_at, test_executions.completed_at AS test_executions_completed_at, test_executions.total_execution_time AS test_executions_total_execution_time, test_executions.report_path AS test_executions_report_path, test_executions.script_path AS test_executions_script_path, test_executions.video_path AS test_executions_video_path, test_executions.error_message AS test_executions_error_message 
FROM test_executions 
WHERE test_executions.execution_id = %(execution_id_1)s 
 LIMIT %(param_1)s
2025-11-10 11:49:32,404 - sqlalchemy.engine.Engine - INFO - [cached since 166s ago] {'execution_id_1': 'exec_RBPLCD-8889_20251110_114644', 'param_1': 1}
2025-11-10 11:49:32,407 - sqlalchemy.engine.Engine - INFO - ROLLBACK
2025-11-10 11:49:34,402 - sqlalchemy.engine.Engine - INFO - BEGIN (implicit)
2025-11-10 11:49:34,403 - sqlalchemy.engine.Engine - INFO - SELECT test_executions.id AS test_executions_id, test_executions.execution_id AS test_executions_execution_id, test_executions.ticket_id AS test_executions_ticket_id, test_executions.project_id AS test_executions_project_id, test_executions.status AS test_executions_status, test_executions.overall_status AS test_executions_overall_status, test_executions.started_at AS test_executions_started_at, test_executions.completed_at AS test_executions_completed_at, test_executions.total_execution_time AS test_executions_total_execution_time, test_executions.report_path AS test_executions_report_path, test_executions.script_path AS test_executions_script_path, test_executions.video_path AS test_executions_video_path, test_executions.error_message AS test_executions_error_message 
FROM test_executions 
WHERE test_executions.execution_id = %(execution_id_1)s 
 LIMIT %(param_1)s
2025-11-10 11:49:34,407 - sqlalchemy.engine.Engine - INFO - [cached since 168s ago] {'execution_id_1': 'exec_RBPLCD-8889_20251110_114644', 'param_1': 1}
2025-11-10 11:49:34,417 - sqlalchemy.engine.Engine - INFO - ROLLBACK
2025-11-10 11:49:36,402 - sqlalchemy.engine.Engine - INFO - BEGIN (implicit)
2025-11-10 11:49:36,402 - sqlalchemy.engine.Engine - INFO - SELECT test_executions.id AS test_executions_id, test_executions.execution_id AS test_executions_execution_id, test_executions.ticket_id AS test_executions_ticket_id, test_executions.project_id AS test_executions_project_id, test_executions.status AS test_executions_status, test_executions.overall_status AS test_executions_overall_status, test_executions.started_at AS test_executions_started_at, test_executions.completed_at AS test_executions_completed_at, test_executions.total_execution_time AS test_executions_total_execution_time, test_executions.report_path AS test_executions_report_path, test_executions.script_path AS test_executions_script_path, test_executions.video_path AS test_executions_video_path, test_executions.error_message AS test_executions_error_message 
FROM test_executions 
WHERE test_executions.execution_id = %(execution_id_1)s 
 LIMIT %(param_1)s
2025-11-10 11:49:36,403 - sqlalchemy.engine.Engine - INFO - [cached since 170s ago] {'execution_id_1': 'exec_RBPLCD-8889_20251110_114644', 'param_1': 1}
2025-11-10 11:49:36,406 - sqlalchemy.engine.Engine - INFO - ROLLBACK
2025-11-10 11:49:38,402 - sqlalchemy.engine.Engine - INFO - BEGIN (implicit)
2025-11-10 11:49:38,402 - sqlalchemy.engine.Engine - INFO - SELECT test_executions.id AS test_executions_id, test_executions.execution_id AS test_executions_execution_id, test_executions.ticket_id AS test_executions_ticket_id, test_executions.project_id AS test_executions_project_id, test_executions.status AS test_executions_status, test_executions.overall_status AS test_executions_overall_status, test_executions.started_at AS test_executions_started_at, test_executions.completed_at AS test_executions_completed_at, test_executions.total_execution_time AS test_executions_total_execution_time, test_executions.report_path AS test_executions_report_path, test_executions.script_path AS test_executions_script_path, test_executions.video_path AS test_executions_video_path, test_executions.error_message AS test_executions_error_message 
FROM test_executions 
WHERE test_executions.execution_id = %(execution_id_1)s 
 LIMIT %(param_1)s
2025-11-10 11:49:38,403 - sqlalchemy.engine.Engine - INFO - [cached since 172s ago] {'execution_id_1': 'exec_RBPLCD-8889_20251110_114644', 'param_1': 1}
2025-11-10 11:49:38,406 - sqlalchemy.engine.Engine - INFO - ROLLBACK
2025-11-10 11:49:40,399 - sqlalchemy.engine.Engine - INFO - BEGIN (implicit)
2025-11-10 11:49:40,400 - sqlalchemy.engine.Engine - INFO - SELECT test_executions.id AS test_executions_id, test_executions.execution_id AS test_executions_execution_id, test_executions.ticket_id AS test_executions_ticket_id, test_executions.project_id AS test_executions_project_id, test_executions.status AS test_executions_status, test_executions.overall_status AS test_executions_overall_status, test_executions.started_at AS test_executions_started_at, test_executions.completed_at AS test_executions_completed_at, test_executions.total_execution_time AS test_executions_total_execution_time, test_executions.report_path AS test_executions_report_path, test_executions.script_path AS test_executions_script_path, test_executions.video_path AS test_executions_video_path, test_executions.error_message AS test_executions_error_message 
FROM test_executions 
WHERE test_executions.execution_id = %(execution_id_1)s 
 LIMIT %(param_1)s
2025-11-10 11:49:40,401 - sqlalchemy.engine.Engine - INFO - [cached since 174s ago] {'execution_id_1': 'exec_RBPLCD-8889_20251110_114644', 'param_1': 1}
2025-11-10 11:49:40,403 - sqlalchemy.engine.Engine - INFO - ROLLBACK
2025-11-10 11:49:42,419 - sqlalchemy.engine.Engine - INFO - BEGIN (implicit)
2025-11-10 11:49:42,420 - sqlalchemy.engine.Engine - INFO - SELECT test_executions.id AS test_executions_id, test_executions.execution_id AS test_executions_execution_id, test_executions.ticket_id AS test_executions_ticket_id, test_executions.project_id AS test_executions_project_id, test_executions.status AS test_executions_status, test_executions.overall_status AS test_executions_overall_status, test_executions.started_at AS test_executions_started_at, test_executions.completed_at AS test_executions_completed_at, test_executions.total_execution_time AS test_executions_total_execution_time, test_executions.report_path AS test_executions_report_path, test_executions.script_path AS test_executions_script_path, test_executions.video_path AS test_executions_video_path, test_executions.error_message AS test_executions_error_message 
FROM test_executions 
WHERE test_executions.execution_id = %(execution_id_1)s 
 LIMIT %(param_1)s
2025-11-10 11:49:42,425 - sqlalchemy.engine.Engine - INFO - [cached since 176s ago] {'execution_id_1': 'exec_RBPLCD-8889_20251110_114644', 'param_1': 1}
2025-11-10 11:49:42,432 - sqlalchemy.engine.Engine - INFO - ROLLBACK
2025-11-10 11:49:44,400 - sqlalchemy.engine.Engine - INFO - BEGIN (implicit)
2025-11-10 11:49:44,401 - sqlalchemy.engine.Engine - INFO - SELECT test_executions.id AS test_executions_id, test_executions.execution_id AS test_executions_execution_id, test_executions.ticket_id AS test_executions_ticket_id, test_executions.project_id AS test_executions_project_id, test_executions.status AS test_executions_status, test_executions.overall_status AS test_executions_overall_status, test_executions.started_at AS test_executions_started_at, test_executions.completed_at AS test_executions_completed_at, test_executions.total_execution_time AS test_executions_total_execution_time, test_executions.report_path AS test_executions_report_path, test_executions.script_path AS test_executions_script_path, test_executions.video_path AS test_executions_video_path, test_executions.error_message AS test_executions_error_message 
FROM test_executions 
WHERE test_executions.execution_id = %(execution_id_1)s 
 LIMIT %(param_1)s
2025-11-10 11:49:44,402 - sqlalchemy.engine.Engine - INFO - [cached since 178s ago] {'execution_id_1': 'exec_RBPLCD-8889_20251110_114644', 'param_1': 1}
2025-11-10 11:49:44,404 - sqlalchemy.engine.Engine - INFO - ROLLBACK
2025-11-10 11:49:46,402 - sqlalchemy.engine.Engine - INFO - BEGIN (implicit)
2025-11-10 11:49:46,404 - sqlalchemy.engine.Engine - INFO - SELECT test_executions.id AS test_executions_id, test_executions.execution_id AS test_executions_execution_id, test_executions.ticket_id AS test_executions_ticket_id, test_executions.project_id AS test_executions_project_id, test_executions.status AS test_executions_status, test_executions.overall_status AS test_executions_overall_status, test_executions.started_at AS test_executions_started_at, test_executions.completed_at AS test_executions_completed_at, test_executions.total_execution_time AS test_executions_total_execution_time, test_executions.report_path AS test_executions_report_path, test_executions.script_path AS test_executions_script_path, test_executions.video_path AS test_executions_video_path, test_executions.error_message AS test_executions_error_message 
FROM test_executions 
WHERE test_executions.execution_id = %(execution_id_1)s 
 LIMIT %(param_1)s
2025-11-10 11:49:46,405 - sqlalchemy.engine.Engine - INFO - [cached since 180s ago] {'execution_id_1': 'exec_RBPLCD-8889_20251110_114644', 'param_1': 1}
2025-11-10 11:49:46,408 - sqlalchemy.engine.Engine - INFO - ROLLBACK
2025-11-10 11:49:48,407 - sqlalchemy.engine.Engine - INFO - BEGIN (implicit)
2025-11-10 11:49:48,408 - sqlalchemy.engine.Engine - INFO - SELECT test_executions.id AS test_executions_id, test_executions.execution_id AS test_executions_execution_id, test_executions.ticket_id AS test_executions_ticket_id, test_executions.project_id AS test_executions_project_id, test_executions.status AS test_executions_status, test_executions.overall_status AS test_executions_overall_status, test_executions.started_at AS test_executions_started_at, test_executions.completed_at AS test_executions_completed_at, test_executions.total_execution_time AS test_executions_total_execution_time, test_executions.report_path AS test_executions_report_path, test_executions.script_path AS test_executions_script_path, test_executions.video_path AS test_executions_video_path, test_executions.error_message AS test_executions_error_message 
FROM test_executions 
WHERE test_executions.execution_id = %(execution_id_1)s 
 LIMIT %(param_1)s
2025-11-10 11:49:48,408 - sqlalchemy.engine.Engine - INFO - [cached since 182s ago] {'execution_id_1': 'exec_RBPLCD-8889_20251110_114644', 'param_1': 1}
2025-11-10 11:49:48,412 - sqlalchemy.engine.Engine - INFO - ROLLBACK
2025-11-10 11:49:50,406 - sqlalchemy.engine.Engine - INFO - BEGIN (implicit)
2025-11-10 11:49:50,406 - sqlalchemy.engine.Engine - INFO - SELECT test_executions.id AS test_executions_id, test_executions.execution_id AS test_executions_execution_id, test_executions.ticket_id AS test_executions_ticket_id, test_executions.project_id AS test_executions_project_id, test_executions.status AS test_executions_status, test_executions.overall_status AS test_executions_overall_status, test_executions.started_at AS test_executions_started_at, test_executions.completed_at AS test_executions_completed_at, test_executions.total_execution_time AS test_executions_total_execution_time, test_executions.report_path AS test_executions_report_path, test_executions.script_path AS test_executions_script_path, test_executions.video_path AS test_executions_video_path, test_executions.error_message AS test_executions_error_message 
FROM test_executions 
WHERE test_executions.execution_id = %(execution_id_1)s 
 LIMIT %(param_1)s
2025-11-10 11:49:50,407 - sqlalchemy.engine.Engine - INFO - [cached since 184s ago] {'execution_id_1': 'exec_RBPLCD-8889_20251110_114644', 'param_1': 1}
2025-11-10 11:49:50,410 - sqlalchemy.engine.Engine - INFO - ROLLBACK
2025-11-10 11:49:52,404 - sqlalchemy.engine.Engine - INFO - BEGIN (implicit)
2025-11-10 11:49:52,405 - sqlalchemy.engine.Engine - INFO - SELECT test_executions.id AS test_executions_id, test_executions.execution_id AS test_executions_execution_id, test_executions.ticket_id AS test_executions_ticket_id, test_executions.project_id AS test_executions_project_id, test_executions.status AS test_executions_status, test_executions.overall_status AS test_executions_overall_status, test_executions.started_at AS test_executions_started_at, test_executions.completed_at AS test_executions_completed_at, test_executions.total_execution_time AS test_executions_total_execution_time, test_executions.report_path AS test_executions_report_path, test_executions.script_path AS test_executions_script_path, test_executions.video_path AS test_executions_video_path, test_executions.error_message AS test_executions_error_message 
FROM test_executions 
WHERE test_executions.execution_id = %(execution_id_1)s 
 LIMIT %(param_1)s
2025-11-10 11:49:52,406 - sqlalchemy.engine.Engine - INFO - [cached since 186s ago] {'execution_id_1': 'exec_RBPLCD-8889_20251110_114644', 'param_1': 1}
2025-11-10 11:49:52,411 - sqlalchemy.engine.Engine - INFO - ROLLBACK
2025-11-10 11:49:54,401 - sqlalchemy.engine.Engine - INFO - BEGIN (implicit)
2025-11-10 11:49:54,402 - sqlalchemy.engine.Engine - INFO - SELECT test_executions.id AS test_executions_id, test_executions.execution_id AS test_executions_execution_id, test_executions.ticket_id AS test_executions_ticket_id, test_executions.project_id AS test_executions_project_id, test_executions.status AS test_executions_status, test_executions.overall_status AS test_executions_overall_status, test_executions.started_at AS test_executions_started_at, test_executions.completed_at AS test_executions_completed_at, test_executions.total_execution_time AS test_executions_total_execution_time, test_executions.report_path AS test_executions_report_path, test_executions.script_path AS test_executions_script_path, test_executions.video_path AS test_executions_video_path, test_executions.error_message AS test_executions_error_message 
FROM test_executions 
WHERE test_executions.execution_id = %(execution_id_1)s 
 LIMIT %(param_1)s
2025-11-10 11:49:54,403 - sqlalchemy.engine.Engine - INFO - [cached since 188s ago] {'execution_id_1': 'exec_RBPLCD-8889_20251110_114644', 'param_1': 1}
2025-11-10 11:49:54,406 - sqlalchemy.engine.Engine - INFO - ROLLBACK
2025-11-10 11:49:56,400 - sqlalchemy.engine.Engine - INFO - BEGIN (implicit)
2025-11-10 11:49:56,400 - sqlalchemy.engine.Engine - INFO - SELECT test_executions.id AS test_executions_id, test_executions.execution_id AS test_executions_execution_id, test_executions.ticket_id AS test_executions_ticket_id, test_executions.project_id AS test_executions_project_id, test_executions.status AS test_executions_status, test_executions.overall_status AS test_executions_overall_status, test_executions.started_at AS test_executions_started_at, test_executions.completed_at AS test_executions_completed_at, test_executions.total_execution_time AS test_executions_total_execution_time, test_executions.report_path AS test_executions_report_path, test_executions.script_path AS test_executions_script_path, test_executions.video_path AS test_executions_video_path, test_executions.error_message AS test_executions_error_message 
FROM test_executions 
WHERE test_executions.execution_id = %(execution_id_1)s 
 LIMIT %(param_1)s
2025-11-10 11:49:56,401 - sqlalchemy.engine.Engine - INFO - [cached since 190s ago] {'execution_id_1': 'exec_RBPLCD-8889_20251110_114644', 'param_1': 1}
2025-11-10 11:49:56,404 - sqlalchemy.engine.Engine - INFO - ROLLBACK
2025-11-10 11:50:47,020 - sqlalchemy.engine.Engine - INFO - BEGIN (implicit)
2025-11-10 11:50:47,021 - sqlalchemy.engine.Engine - INFO - SELECT tickets.id AS tickets_id, tickets.ticket_id AS tickets_ticket_id, tickets.project_id AS tickets_project_id, tickets.title AS tickets_title, tickets.module AS tickets_module, tickets.description AS tickets_description, tickets.acceptance_criteria AS tickets_acceptance_criteria, tickets.file_path AS tickets_file_path, tickets.created_at AS tickets_created_at 
FROM tickets 
WHERE tickets.ticket_id = %(ticket_id_1)s 
 LIMIT %(param_1)s
2025-11-10 11:50:47,021 - sqlalchemy.engine.Engine - INFO - [cached since 5555s ago] {'ticket_id_1': 'upload', 'param_1': 1}
2025-11-10 11:50:47,023 - sqlalchemy.engine.Engine - INFO - ROLLBACK
2025-11-10 11:50:53,237 - sqlalchemy.engine.Engine - INFO - BEGIN (implicit)
2025-11-10 11:50:53,238 - sqlalchemy.engine.Engine - INFO - SELECT projects.id AS projects_id, projects.name AS projects_name, projects.base_folder AS projects_base_folder, projects.web_url AS projects_web_url, projects.browser AS projects_browser, projects.created_at AS projects_created_at, projects.updated_at AS projects_updated_at 
FROM projects 
WHERE projects.id = %(id_1)s 
 LIMIT %(param_1)s
2025-11-10 11:50:53,239 - sqlalchemy.engine.Engine - INFO - [cached since 5561s ago] {'id_1': 1, 'param_1': 1}
2025-11-10 11:50:53,241 - sqlalchemy.engine.Engine - INFO - SELECT tickets.id AS tickets_id, tickets.ticket_id AS tickets_ticket_id, tickets.project_id AS tickets_project_id, tickets.title AS tickets_title, tickets.module AS tickets_module, tickets.description AS tickets_description, tickets.acceptance_criteria AS tickets_acceptance_criteria, tickets.file_path AS tickets_file_path, tickets.created_at AS tickets_created_at 
FROM tickets 
WHERE tickets.ticket_id = %(ticket_id_1)s 
 LIMIT %(param_1)s
2025-11-10 11:50:53,241 - sqlalchemy.engine.Engine - INFO - [cached since 5561s ago] {'ticket_id_1': 'RBPLCD-8835', 'param_1': 1}
2025-11-10 11:50:53,253 - sqlalchemy.engine.Engine - INFO - INSERT INTO tickets (ticket_id, project_id, title, module, description, acceptance_criteria, file_path) VALUES (%(ticket_id)s, %(project_id)s, %(title)s, %(module)s, %(description)s, %(acceptance_criteria)s, %(file_path)s) RETURNING tickets.id, tickets.created_at
2025-11-10 11:50:53,253 - sqlalchemy.engine.Engine - INFO - [generated in 0.00090s] {'ticket_id': 'RBPLCD-8835', 'project_id': 1, 'title': '[RBPLCD-8835] edit part details Created: 2025-09-16  Updated: 2025-09-24 ', 'module': 'Teststep', 'description': None, 'acceptance_criteria': None, 'file_path': 'Jira_Tickets\\RBPLCD-8835.txt'}
2025-11-10 11:50:53,255 - sqlalchemy.engine.Engine - INFO - COMMIT
2025-11-10 11:50:53,258 - sqlalchemy.engine.Engine - INFO - BEGIN (implicit)
2025-11-10 11:50:53,259 - sqlalchemy.engine.Engine - INFO - SELECT tickets.id, tickets.ticket_id, tickets.project_id, tickets.title, tickets.module, tickets.description, tickets.acceptance_criteria, tickets.file_path, tickets.created_at 
FROM tickets 
WHERE tickets.id = %(pk_1)s
2025-11-10 11:50:53,259 - sqlalchemy.engine.Engine - INFO - [generated in 0.00047s] {'pk_1': 2}
2025-11-10 11:50:53,263 - sqlalchemy.engine.Engine - INFO - ROLLBACK
2025-11-10 11:51:02,856 - sqlalchemy.engine.Engine - INFO - BEGIN (implicit)
2025-11-10 11:51:02,857 - sqlalchemy.engine.Engine - INFO - SELECT tickets.id AS tickets_id, tickets.ticket_id AS tickets_ticket_id, tickets.project_id AS tickets_project_id, tickets.title AS tickets_title, tickets.module AS tickets_module, tickets.description AS tickets_description, tickets.acceptance_criteria AS tickets_acceptance_criteria, tickets.file_path AS tickets_file_path, tickets.created_at AS tickets_created_at 
FROM tickets 
WHERE tickets.ticket_id = %(ticket_id_1)s 
 LIMIT %(param_1)s
2025-11-10 11:51:02,858 - sqlalchemy.engine.Engine - INFO - [cached since 5571s ago] {'ticket_id_1': 'RBPLCD-8835', 'param_1': 1}
2025-11-10 11:51:02,865 - sqlalchemy.engine.Engine - INFO - ROLLBACK
2025-11-10 11:51:21,078 - sqlalchemy.engine.Engine - INFO - BEGIN (implicit)
2025-11-10 11:51:21,079 - sqlalchemy.engine.Engine - INFO - SELECT tickets.id AS tickets_id, tickets.ticket_id AS tickets_ticket_id, tickets.project_id AS tickets_project_id, tickets.title AS tickets_title, tickets.module AS tickets_module, tickets.description AS tickets_description, tickets.acceptance_criteria AS tickets_acceptance_criteria, tickets.file_path AS tickets_file_path, tickets.created_at AS tickets_created_at 
FROM tickets 
WHERE tickets.ticket_id = %(ticket_id_1)s 
 LIMIT %(param_1)s
2025-11-10 11:51:21,080 - sqlalchemy.engine.Engine - INFO - [cached since 5589s ago] {'ticket_id_1': 'RBPLCD-8835', 'param_1': 1}
2025-11-10 11:51:21,082 - sqlalchemy.engine.Engine - INFO - INSERT INTO test_executions (execution_id, ticket_id, project_id, status, overall_status, started_at, completed_at, total_execution_time, report_path, script_path, video_path, error_message) VALUES (%(execution_id)s, %(ticket_id)s, %(project_id)s, %(status)s, %(overall_status)s, %(started_at)s, %(completed_at)s, %(total_execution_time)s, %(report_path)s, %(script_path)s, %(video_path)s, %(error_message)s) RETURNING test_executions.id
2025-11-10 11:51:21,083 - sqlalchemy.engine.Engine - INFO - [cached since 276.7s ago] {'execution_id': 'exec_RBPLCD-8835_20251110_115121', 'ticket_id': 'RBPLCD-8835', 'project_id': 1, 'status': 'running', 'overall_status': None, 'started_at': datetime.datetime(2025, 11, 10, 11, 51, 21, 81668), 'completed_at': None, 'total_execution_time': None, 'report_path': None, 'script_path': None, 'video_path': None, 'error_message': None}
2025-11-10 11:51:21,086 - sqlalchemy.engine.Engine - INFO - COMMIT
2025-11-10 11:51:21,088 - sqlalchemy.engine.Engine - INFO - BEGIN (implicit)
2025-11-10 11:51:21,090 - sqlalchemy.engine.Engine - INFO - SELECT test_executions.id, test_executions.execution_id, test_executions.ticket_id, test_executions.project_id, test_executions.status, test_executions.overall_status, test_executions.started_at, test_executions.completed_at, test_executions.total_execution_time, test_executions.report_path, test_executions.script_path, test_executions.video_path, test_executions.error_message 
FROM test_executions 
WHERE test_executions.id = %(pk_1)s
2025-11-10 11:51:21,092 - sqlalchemy.engine.Engine - INFO - [cached since 276.7s ago] {'pk_1': 3}
2025-11-10 11:51:21,094 - TestExecutionService - INFO - Created execution record: exec_RBPLCD-8835_20251110_115121
2025-11-10 11:51:21,095 - sqlalchemy.engine.Engine - INFO - SELECT tickets.id AS tickets_id, tickets.ticket_id AS tickets_ticket_id, tickets.project_id AS tickets_project_id, tickets.title AS tickets_title, tickets.module AS tickets_module, tickets.description AS tickets_description, tickets.acceptance_criteria AS tickets_acceptance_criteria, tickets.file_path AS tickets_file_path, tickets.created_at AS tickets_created_at 
FROM tickets 
WHERE tickets.id = %(pk_1)s
2025-11-10 11:51:21,096 - sqlalchemy.engine.Engine - INFO - [cached since 276.7s ago] {'pk_1': 2}
2025-11-10 11:51:21,098 - sqlalchemy.engine.Engine - INFO - ROLLBACK
2025-11-10 11:51:23,111 - sqlalchemy.engine.Engine - INFO - BEGIN (implicit)
2025-11-10 11:51:23,112 - sqlalchemy.engine.Engine - INFO - SELECT test_executions.id AS test_executions_id, test_executions.execution_id AS test_executions_execution_id, test_executions.ticket_id AS test_executions_ticket_id, test_executions.project_id AS test_executions_project_id, test_executions.status AS test_executions_status, test_executions.overall_status AS test_executions_overall_status, test_executions.started_at AS test_executions_started_at, test_executions.completed_at AS test_executions_completed_at, test_executions.total_execution_time AS test_executions_total_execution_time, test_executions.report_path AS test_executions_report_path, test_executions.script_path AS test_executions_script_path, test_executions.video_path AS test_executions_video_path, test_executions.error_message AS test_executions_error_message 
FROM test_executions 
WHERE test_executions.execution_id = %(execution_id_1)s 
 LIMIT %(param_1)s
2025-11-10 11:51:23,112 - sqlalchemy.engine.Engine - INFO - [cached since 276.7s ago] {'execution_id_1': 'exec_RBPLCD-8835_20251110_115121', 'param_1': 1}
2025-11-10 11:51:23,116 - sqlalchemy.engine.Engine - INFO - ROLLBACK
2025-11-10 11:51:25,111 - sqlalchemy.engine.Engine - INFO - BEGIN (implicit)
2025-11-10 11:51:25,112 - sqlalchemy.engine.Engine - INFO - SELECT test_executions.id AS test_executions_id, test_executions.execution_id AS test_executions_execution_id, test_executions.ticket_id AS test_executions_ticket_id, test_executions.project_id AS test_executions_project_id, test_executions.status AS test_executions_status, test_executions.overall_status AS test_executions_overall_status, test_executions.started_at AS test_executions_started_at, test_executions.completed_at AS test_executions_completed_at, test_executions.total_execution_time AS test_executions_total_execution_time, test_executions.report_path AS test_executions_report_path, test_executions.script_path AS test_executions_script_path, test_executions.video_path AS test_executions_video_path, test_executions.error_message AS test_executions_error_message 
FROM test_executions 
WHERE test_executions.execution_id = %(execution_id_1)s 
 LIMIT %(param_1)s
2025-11-10 11:51:25,113 - sqlalchemy.engine.Engine - INFO - [cached since 278.7s ago] {'execution_id_1': 'exec_RBPLCD-8835_20251110_115121', 'param_1': 1}
2025-11-10 11:51:25,116 - sqlalchemy.engine.Engine - INFO - ROLLBACK
2025-11-10 11:51:27,107 - sqlalchemy.engine.Engine - INFO - BEGIN (implicit)
2025-11-10 11:51:27,107 - sqlalchemy.engine.Engine - INFO - SELECT test_executions.id AS test_executions_id, test_executions.execution_id AS test_executions_execution_id, test_executions.ticket_id AS test_executions_ticket_id, test_executions.project_id AS test_executions_project_id, test_executions.status AS test_executions_status, test_executions.overall_status AS test_executions_overall_status, test_executions.started_at AS test_executions_started_at, test_executions.completed_at AS test_executions_completed_at, test_executions.total_execution_time AS test_executions_total_execution_time, test_executions.report_path AS test_executions_report_path, test_executions.script_path AS test_executions_script_path, test_executions.video_path AS test_executions_video_path, test_executions.error_message AS test_executions_error_message 
FROM test_executions 
WHERE test_executions.execution_id = %(execution_id_1)s 
 LIMIT %(param_1)s
2025-11-10 11:51:27,109 - sqlalchemy.engine.Engine - INFO - [cached since 280.7s ago] {'execution_id_1': 'exec_RBPLCD-8835_20251110_115121', 'param_1': 1}
2025-11-10 11:51:27,111 - sqlalchemy.engine.Engine - INFO - ROLLBACK
2025-11-10 11:51:29,115 - sqlalchemy.engine.Engine - INFO - BEGIN (implicit)
2025-11-10 11:51:29,117 - sqlalchemy.engine.Engine - INFO - SELECT test_executions.id AS test_executions_id, test_executions.execution_id AS test_executions_execution_id, test_executions.ticket_id AS test_executions_ticket_id, test_executions.project_id AS test_executions_project_id, test_executions.status AS test_executions_status, test_executions.overall_status AS test_executions_overall_status, test_executions.started_at AS test_executions_started_at, test_executions.completed_at AS test_executions_completed_at, test_executions.total_execution_time AS test_executions_total_execution_time, test_executions.report_path AS test_executions_report_path, test_executions.script_path AS test_executions_script_path, test_executions.video_path AS test_executions_video_path, test_executions.error_message AS test_executions_error_message 
FROM test_executions 
WHERE test_executions.execution_id = %(execution_id_1)s 
 LIMIT %(param_1)s
2025-11-10 11:51:29,118 - sqlalchemy.engine.Engine - INFO - [cached since 282.7s ago] {'execution_id_1': 'exec_RBPLCD-8835_20251110_115121', 'param_1': 1}
2025-11-10 11:51:29,120 - sqlalchemy.engine.Engine - INFO - ROLLBACK
2025-11-10 11:51:31,110 - sqlalchemy.engine.Engine - INFO - BEGIN (implicit)
2025-11-10 11:51:31,110 - sqlalchemy.engine.Engine - INFO - SELECT test_executions.id AS test_executions_id, test_executions.execution_id AS test_executions_execution_id, test_executions.ticket_id AS test_executions_ticket_id, test_executions.project_id AS test_executions_project_id, test_executions.status AS test_executions_status, test_executions.overall_status AS test_executions_overall_status, test_executions.started_at AS test_executions_started_at, test_executions.completed_at AS test_executions_completed_at, test_executions.total_execution_time AS test_executions_total_execution_time, test_executions.report_path AS test_executions_report_path, test_executions.script_path AS test_executions_script_path, test_executions.video_path AS test_executions_video_path, test_executions.error_message AS test_executions_error_message 
FROM test_executions 
WHERE test_executions.execution_id = %(execution_id_1)s 
 LIMIT %(param_1)s
2025-11-10 11:51:31,111 - sqlalchemy.engine.Engine - INFO - [cached since 284.7s ago] {'execution_id_1': 'exec_RBPLCD-8835_20251110_115121', 'param_1': 1}
2025-11-10 11:51:31,114 - sqlalchemy.engine.Engine - INFO - ROLLBACK
2025-11-10 11:51:33,113 - sqlalchemy.engine.Engine - INFO - BEGIN (implicit)
2025-11-10 11:51:33,113 - sqlalchemy.engine.Engine - INFO - SELECT test_executions.id AS test_executions_id, test_executions.execution_id AS test_executions_execution_id, test_executions.ticket_id AS test_executions_ticket_id, test_executions.project_id AS test_executions_project_id, test_executions.status AS test_executions_status, test_executions.overall_status AS test_executions_overall_status, test_executions.started_at AS test_executions_started_at, test_executions.completed_at AS test_executions_completed_at, test_executions.total_execution_time AS test_executions_total_execution_time, test_executions.report_path AS test_executions_report_path, test_executions.script_path AS test_executions_script_path, test_executions.video_path AS test_executions_video_path, test_executions.error_message AS test_executions_error_message 
FROM test_executions 
WHERE test_executions.execution_id = %(execution_id_1)s 
 LIMIT %(param_1)s
2025-11-10 11:51:33,114 - sqlalchemy.engine.Engine - INFO - [cached since 286.7s ago] {'execution_id_1': 'exec_RBPLCD-8835_20251110_115121', 'param_1': 1}
2025-11-10 11:51:33,125 - sqlalchemy.engine.Engine - INFO - ROLLBACK
2025-11-10 11:51:35,117 - sqlalchemy.engine.Engine - INFO - BEGIN (implicit)
2025-11-10 11:51:35,117 - sqlalchemy.engine.Engine - INFO - SELECT test_executions.id AS test_executions_id, test_executions.execution_id AS test_executions_execution_id, test_executions.ticket_id AS test_executions_ticket_id, test_executions.project_id AS test_executions_project_id, test_executions.status AS test_executions_status, test_executions.overall_status AS test_executions_overall_status, test_executions.started_at AS test_executions_started_at, test_executions.completed_at AS test_executions_completed_at, test_executions.total_execution_time AS test_executions_total_execution_time, test_executions.report_path AS test_executions_report_path, test_executions.script_path AS test_executions_script_path, test_executions.video_path AS test_executions_video_path, test_executions.error_message AS test_executions_error_message 
FROM test_executions 
WHERE test_executions.execution_id = %(execution_id_1)s 
 LIMIT %(param_1)s
2025-11-10 11:51:35,118 - sqlalchemy.engine.Engine - INFO - [cached since 288.7s ago] {'execution_id_1': 'exec_RBPLCD-8835_20251110_115121', 'param_1': 1}
2025-11-10 11:51:35,121 - sqlalchemy.engine.Engine - INFO - ROLLBACK
2025-11-10 11:51:37,115 - sqlalchemy.engine.Engine - INFO - BEGIN (implicit)
2025-11-10 11:51:37,115 - sqlalchemy.engine.Engine - INFO - SELECT test_executions.id AS test_executions_id, test_executions.execution_id AS test_executions_execution_id, test_executions.ticket_id AS test_executions_ticket_id, test_executions.project_id AS test_executions_project_id, test_executions.status AS test_executions_status, test_executions.overall_status AS test_executions_overall_status, test_executions.started_at AS test_executions_started_at, test_executions.completed_at AS test_executions_completed_at, test_executions.total_execution_time AS test_executions_total_execution_time, test_executions.report_path AS test_executions_report_path, test_executions.script_path AS test_executions_script_path, test_executions.video_path AS test_executions_video_path, test_executions.error_message AS test_executions_error_message 
FROM test_executions 
WHERE test_executions.execution_id = %(execution_id_1)s 
 LIMIT %(param_1)s
2025-11-10 11:51:37,116 - sqlalchemy.engine.Engine - INFO - [cached since 290.7s ago] {'execution_id_1': 'exec_RBPLCD-8835_20251110_115121', 'param_1': 1}
2025-11-10 11:51:37,119 - sqlalchemy.engine.Engine - INFO - ROLLBACK
2025-11-10 11:51:39,115 - sqlalchemy.engine.Engine - INFO - BEGIN (implicit)
2025-11-10 11:51:39,115 - sqlalchemy.engine.Engine - INFO - SELECT test_executions.id AS test_executions_id, test_executions.execution_id AS test_executions_execution_id, test_executions.ticket_id AS test_executions_ticket_id, test_executions.project_id AS test_executions_project_id, test_executions.status AS test_executions_status, test_executions.overall_status AS test_executions_overall_status, test_executions.started_at AS test_executions_started_at, test_executions.completed_at AS test_executions_completed_at, test_executions.total_execution_time AS test_executions_total_execution_time, test_executions.report_path AS test_executions_report_path, test_executions.script_path AS test_executions_script_path, test_executions.video_path AS test_executions_video_path, test_executions.error_message AS test_executions_error_message 
FROM test_executions 
WHERE test_executions.execution_id = %(execution_id_1)s 
 LIMIT %(param_1)s
2025-11-10 11:51:39,115 - sqlalchemy.engine.Engine - INFO - [cached since 292.7s ago] {'execution_id_1': 'exec_RBPLCD-8835_20251110_115121', 'param_1': 1}
2025-11-10 11:51:39,119 - sqlalchemy.engine.Engine - INFO - ROLLBACK
2025-11-10 11:51:41,113 - sqlalchemy.engine.Engine - INFO - BEGIN (implicit)
2025-11-10 11:51:41,113 - sqlalchemy.engine.Engine - INFO - SELECT test_executions.id AS test_executions_id, test_executions.execution_id AS test_executions_execution_id, test_executions.ticket_id AS test_executions_ticket_id, test_executions.project_id AS test_executions_project_id, test_executions.status AS test_executions_status, test_executions.overall_status AS test_executions_overall_status, test_executions.started_at AS test_executions_started_at, test_executions.completed_at AS test_executions_completed_at, test_executions.total_execution_time AS test_executions_total_execution_time, test_executions.report_path AS test_executions_report_path, test_executions.script_path AS test_executions_script_path, test_executions.video_path AS test_executions_video_path, test_executions.error_message AS test_executions_error_message 
FROM test_executions 
WHERE test_executions.execution_id = %(execution_id_1)s 
 LIMIT %(param_1)s
2025-11-10 11:51:41,115 - sqlalchemy.engine.Engine - INFO - [cached since 294.7s ago] {'execution_id_1': 'exec_RBPLCD-8835_20251110_115121', 'param_1': 1}
2025-11-10 11:51:41,118 - sqlalchemy.engine.Engine - INFO - ROLLBACK
2025-11-10 11:51:43,114 - sqlalchemy.engine.Engine - INFO - BEGIN (implicit)
2025-11-10 11:51:43,115 - sqlalchemy.engine.Engine - INFO - SELECT test_executions.id AS test_executions_id, test_executions.execution_id AS test_executions_execution_id, test_executions.ticket_id AS test_executions_ticket_id, test_executions.project_id AS test_executions_project_id, test_executions.status AS test_executions_status, test_executions.overall_status AS test_executions_overall_status, test_executions.started_at AS test_executions_started_at, test_executions.completed_at AS test_executions_completed_at, test_executions.total_execution_time AS test_executions_total_execution_time, test_executions.report_path AS test_executions_report_path, test_executions.script_path AS test_executions_script_path, test_executions.video_path AS test_executions_video_path, test_executions.error_message AS test_executions_error_message 
FROM test_executions 
WHERE test_executions.execution_id = %(execution_id_1)s 
 LIMIT %(param_1)s
2025-11-10 11:51:43,115 - sqlalchemy.engine.Engine - INFO - [cached since 296.7s ago] {'execution_id_1': 'exec_RBPLCD-8835_20251110_115121', 'param_1': 1}
2025-11-10 11:51:43,119 - sqlalchemy.engine.Engine - INFO - ROLLBACK
2025-11-10 11:51:45,110 - sqlalchemy.engine.Engine - INFO - BEGIN (implicit)
2025-11-10 11:51:45,111 - sqlalchemy.engine.Engine - INFO - SELECT test_executions.id AS test_executions_id, test_executions.execution_id AS test_executions_execution_id, test_executions.ticket_id AS test_executions_ticket_id, test_executions.project_id AS test_executions_project_id, test_executions.status AS test_executions_status, test_executions.overall_status AS test_executions_overall_status, test_executions.started_at AS test_executions_started_at, test_executions.completed_at AS test_executions_completed_at, test_executions.total_execution_time AS test_executions_total_execution_time, test_executions.report_path AS test_executions_report_path, test_executions.script_path AS test_executions_script_path, test_executions.video_path AS test_executions_video_path, test_executions.error_message AS test_executions_error_message 
FROM test_executions 
WHERE test_executions.execution_id = %(execution_id_1)s 
 LIMIT %(param_1)s
2025-11-10 11:51:45,112 - sqlalchemy.engine.Engine - INFO - [cached since 298.7s ago] {'execution_id_1': 'exec_RBPLCD-8835_20251110_115121', 'param_1': 1}
2025-11-10 11:51:45,115 - sqlalchemy.engine.Engine - INFO - ROLLBACK
2025-11-10 11:51:47,107 - sqlalchemy.engine.Engine - INFO - BEGIN (implicit)
2025-11-10 11:51:47,108 - sqlalchemy.engine.Engine - INFO - SELECT test_executions.id AS test_executions_id, test_executions.execution_id AS test_executions_execution_id, test_executions.ticket_id AS test_executions_ticket_id, test_executions.project_id AS test_executions_project_id, test_executions.status AS test_executions_status, test_executions.overall_status AS test_executions_overall_status, test_executions.started_at AS test_executions_started_at, test_executions.completed_at AS test_executions_completed_at, test_executions.total_execution_time AS test_executions_total_execution_time, test_executions.report_path AS test_executions_report_path, test_executions.script_path AS test_executions_script_path, test_executions.video_path AS test_executions_video_path, test_executions.error_message AS test_executions_error_message 
FROM test_executions 
WHERE test_executions.execution_id = %(execution_id_1)s 
 LIMIT %(param_1)s
2025-11-10 11:51:47,109 - sqlalchemy.engine.Engine - INFO - [cached since 300.7s ago] {'execution_id_1': 'exec_RBPLCD-8835_20251110_115121', 'param_1': 1}
2025-11-10 11:51:47,112 - sqlalchemy.engine.Engine - INFO - ROLLBACK
2025-11-10 11:51:49,110 - sqlalchemy.engine.Engine - INFO - BEGIN (implicit)
2025-11-10 11:51:49,110 - sqlalchemy.engine.Engine - INFO - SELECT test_executions.id AS test_executions_id, test_executions.execution_id AS test_executions_execution_id, test_executions.ticket_id AS test_executions_ticket_id, test_executions.project_id AS test_executions_project_id, test_executions.status AS test_executions_status, test_executions.overall_status AS test_executions_overall_status, test_executions.started_at AS test_executions_started_at, test_executions.completed_at AS test_executions_completed_at, test_executions.total_execution_time AS test_executions_total_execution_time, test_executions.report_path AS test_executions_report_path, test_executions.script_path AS test_executions_script_path, test_executions.video_path AS test_executions_video_path, test_executions.error_message AS test_executions_error_message 
FROM test_executions 
WHERE test_executions.execution_id = %(execution_id_1)s 
 LIMIT %(param_1)s
2025-11-10 11:51:49,111 - sqlalchemy.engine.Engine - INFO - [cached since 302.7s ago] {'execution_id_1': 'exec_RBPLCD-8835_20251110_115121', 'param_1': 1}
2025-11-10 11:51:49,114 - sqlalchemy.engine.Engine - INFO - ROLLBACK
2025-11-10 11:51:51,116 - sqlalchemy.engine.Engine - INFO - BEGIN (implicit)
2025-11-10 11:51:51,116 - sqlalchemy.engine.Engine - INFO - SELECT test_executions.id AS test_executions_id, test_executions.execution_id AS test_executions_execution_id, test_executions.ticket_id AS test_executions_ticket_id, test_executions.project_id AS test_executions_project_id, test_executions.status AS test_executions_status, test_executions.overall_status AS test_executions_overall_status, test_executions.started_at AS test_executions_started_at, test_executions.completed_at AS test_executions_completed_at, test_executions.total_execution_time AS test_executions_total_execution_time, test_executions.report_path AS test_executions_report_path, test_executions.script_path AS test_executions_script_path, test_executions.video_path AS test_executions_video_path, test_executions.error_message AS test_executions_error_message 
FROM test_executions 
WHERE test_executions.execution_id = %(execution_id_1)s 
 LIMIT %(param_1)s
2025-11-10 11:51:51,117 - sqlalchemy.engine.Engine - INFO - [cached since 304.7s ago] {'execution_id_1': 'exec_RBPLCD-8835_20251110_115121', 'param_1': 1}
2025-11-10 11:51:51,120 - sqlalchemy.engine.Engine - INFO - ROLLBACK
2025-11-10 11:51:53,106 - sqlalchemy.engine.Engine - INFO - BEGIN (implicit)
2025-11-10 11:51:53,108 - sqlalchemy.engine.Engine - INFO - SELECT test_executions.id AS test_executions_id, test_executions.execution_id AS test_executions_execution_id, test_executions.ticket_id AS test_executions_ticket_id, test_executions.project_id AS test_executions_project_id, test_executions.status AS test_executions_status, test_executions.overall_status AS test_executions_overall_status, test_executions.started_at AS test_executions_started_at, test_executions.completed_at AS test_executions_completed_at, test_executions.total_execution_time AS test_executions_total_execution_time, test_executions.report_path AS test_executions_report_path, test_executions.script_path AS test_executions_script_path, test_executions.video_path AS test_executions_video_path, test_executions.error_message AS test_executions_error_message 
FROM test_executions 
WHERE test_executions.execution_id = %(execution_id_1)s 
 LIMIT %(param_1)s
2025-11-10 11:51:53,109 - sqlalchemy.engine.Engine - INFO - [cached since 306.7s ago] {'execution_id_1': 'exec_RBPLCD-8835_20251110_115121', 'param_1': 1}
2025-11-10 11:51:53,119 - sqlalchemy.engine.Engine - INFO - ROLLBACK
2025-11-10 11:51:55,112 - sqlalchemy.engine.Engine - INFO - BEGIN (implicit)
2025-11-10 11:51:55,113 - sqlalchemy.engine.Engine - INFO - SELECT test_executions.id AS test_executions_id, test_executions.execution_id AS test_executions_execution_id, test_executions.ticket_id AS test_executions_ticket_id, test_executions.project_id AS test_executions_project_id, test_executions.status AS test_executions_status, test_executions.overall_status AS test_executions_overall_status, test_executions.started_at AS test_executions_started_at, test_executions.completed_at AS test_executions_completed_at, test_executions.total_execution_time AS test_executions_total_execution_time, test_executions.report_path AS test_executions_report_path, test_executions.script_path AS test_executions_script_path, test_executions.video_path AS test_executions_video_path, test_executions.error_message AS test_executions_error_message 
FROM test_executions 
WHERE test_executions.execution_id = %(execution_id_1)s 
 LIMIT %(param_1)s
2025-11-10 11:51:55,114 - sqlalchemy.engine.Engine - INFO - [cached since 308.7s ago] {'execution_id_1': 'exec_RBPLCD-8835_20251110_115121', 'param_1': 1}
2025-11-10 11:51:55,118 - sqlalchemy.engine.Engine - INFO - ROLLBACK
2025-11-10 11:51:57,120 - sqlalchemy.engine.Engine - INFO - BEGIN (implicit)
2025-11-10 11:51:57,121 - sqlalchemy.engine.Engine - INFO - SELECT test_executions.id AS test_executions_id, test_executions.execution_id AS test_executions_execution_id, test_executions.ticket_id AS test_executions_ticket_id, test_executions.project_id AS test_executions_project_id, test_executions.status AS test_executions_status, test_executions.overall_status AS test_executions_overall_status, test_executions.started_at AS test_executions_started_at, test_executions.completed_at AS test_executions_completed_at, test_executions.total_execution_time AS test_executions_total_execution_time, test_executions.report_path AS test_executions_report_path, test_executions.script_path AS test_executions_script_path, test_executions.video_path AS test_executions_video_path, test_executions.error_message AS test_executions_error_message 
FROM test_executions 
WHERE test_executions.execution_id = %(execution_id_1)s 
 LIMIT %(param_1)s
2025-11-10 11:51:57,122 - sqlalchemy.engine.Engine - INFO - [cached since 310.7s ago] {'execution_id_1': 'exec_RBPLCD-8835_20251110_115121', 'param_1': 1}
2025-11-10 11:51:57,124 - sqlalchemy.engine.Engine - INFO - ROLLBACK
2025-11-10 11:51:59,114 - sqlalchemy.engine.Engine - INFO - BEGIN (implicit)
2025-11-10 11:51:59,115 - sqlalchemy.engine.Engine - INFO - SELECT test_executions.id AS test_executions_id, test_executions.execution_id AS test_executions_execution_id, test_executions.ticket_id AS test_executions_ticket_id, test_executions.project_id AS test_executions_project_id, test_executions.status AS test_executions_status, test_executions.overall_status AS test_executions_overall_status, test_executions.started_at AS test_executions_started_at, test_executions.completed_at AS test_executions_completed_at, test_executions.total_execution_time AS test_executions_total_execution_time, test_executions.report_path AS test_executions_report_path, test_executions.script_path AS test_executions_script_path, test_executions.video_path AS test_executions_video_path, test_executions.error_message AS test_executions_error_message 
FROM test_executions 
WHERE test_executions.execution_id = %(execution_id_1)s 
 LIMIT %(param_1)s
2025-11-10 11:51:59,116 - sqlalchemy.engine.Engine - INFO - [cached since 312.7s ago] {'execution_id_1': 'exec_RBPLCD-8835_20251110_115121', 'param_1': 1}
2025-11-10 11:51:59,119 - sqlalchemy.engine.Engine - INFO - ROLLBACK
2025-11-10 11:52:01,114 - sqlalchemy.engine.Engine - INFO - BEGIN (implicit)
2025-11-10 11:52:01,114 - sqlalchemy.engine.Engine - INFO - SELECT test_executions.id AS test_executions_id, test_executions.execution_id AS test_executions_execution_id, test_executions.ticket_id AS test_executions_ticket_id, test_executions.project_id AS test_executions_project_id, test_executions.status AS test_executions_status, test_executions.overall_status AS test_executions_overall_status, test_executions.started_at AS test_executions_started_at, test_executions.completed_at AS test_executions_completed_at, test_executions.total_execution_time AS test_executions_total_execution_time, test_executions.report_path AS test_executions_report_path, test_executions.script_path AS test_executions_script_path, test_executions.video_path AS test_executions_video_path, test_executions.error_message AS test_executions_error_message 
FROM test_executions 
WHERE test_executions.execution_id = %(execution_id_1)s 
 LIMIT %(param_1)s
2025-11-10 11:52:01,115 - sqlalchemy.engine.Engine - INFO - [cached since 314.7s ago] {'execution_id_1': 'exec_RBPLCD-8835_20251110_115121', 'param_1': 1}
2025-11-10 11:52:01,119 - sqlalchemy.engine.Engine - INFO - ROLLBACK
2025-11-10 11:52:03,112 - sqlalchemy.engine.Engine - INFO - BEGIN (implicit)
2025-11-10 11:52:03,113 - sqlalchemy.engine.Engine - INFO - SELECT test_executions.id AS test_executions_id, test_executions.execution_id AS test_executions_execution_id, test_executions.ticket_id AS test_executions_ticket_id, test_executions.project_id AS test_executions_project_id, test_executions.status AS test_executions_status, test_executions.overall_status AS test_executions_overall_status, test_executions.started_at AS test_executions_started_at, test_executions.completed_at AS test_executions_completed_at, test_executions.total_execution_time AS test_executions_total_execution_time, test_executions.report_path AS test_executions_report_path, test_executions.script_path AS test_executions_script_path, test_executions.video_path AS test_executions_video_path, test_executions.error_message AS test_executions_error_message 
FROM test_executions 
WHERE test_executions.execution_id = %(execution_id_1)s 
 LIMIT %(param_1)s
2025-11-10 11:52:03,113 - sqlalchemy.engine.Engine - INFO - [cached since 316.7s ago] {'execution_id_1': 'exec_RBPLCD-8835_20251110_115121', 'param_1': 1}
2025-11-10 11:52:03,116 - sqlalchemy.engine.Engine - INFO - ROLLBACK
2025-11-10 11:52:05,109 - sqlalchemy.engine.Engine - INFO - BEGIN (implicit)
2025-11-10 11:52:05,110 - sqlalchemy.engine.Engine - INFO - SELECT test_executions.id AS test_executions_id, test_executions.execution_id AS test_executions_execution_id, test_executions.ticket_id AS test_executions_ticket_id, test_executions.project_id AS test_executions_project_id, test_executions.status AS test_executions_status, test_executions.overall_status AS test_executions_overall_status, test_executions.started_at AS test_executions_started_at, test_executions.completed_at AS test_executions_completed_at, test_executions.total_execution_time AS test_executions_total_execution_time, test_executions.report_path AS test_executions_report_path, test_executions.script_path AS test_executions_script_path, test_executions.video_path AS test_executions_video_path, test_executions.error_message AS test_executions_error_message 
FROM test_executions 
WHERE test_executions.execution_id = %(execution_id_1)s 
 LIMIT %(param_1)s
2025-11-10 11:52:05,111 - sqlalchemy.engine.Engine - INFO - [cached since 318.7s ago] {'execution_id_1': 'exec_RBPLCD-8835_20251110_115121', 'param_1': 1}
2025-11-10 11:52:05,113 - sqlalchemy.engine.Engine - INFO - ROLLBACK
2025-11-10 11:52:07,108 - sqlalchemy.engine.Engine - INFO - BEGIN (implicit)
2025-11-10 11:52:07,110 - sqlalchemy.engine.Engine - INFO - SELECT test_executions.id AS test_executions_id, test_executions.execution_id AS test_executions_execution_id, test_executions.ticket_id AS test_executions_ticket_id, test_executions.project_id AS test_executions_project_id, test_executions.status AS test_executions_status, test_executions.overall_status AS test_executions_overall_status, test_executions.started_at AS test_executions_started_at, test_executions.completed_at AS test_executions_completed_at, test_executions.total_execution_time AS test_executions_total_execution_time, test_executions.report_path AS test_executions_report_path, test_executions.script_path AS test_executions_script_path, test_executions.video_path AS test_executions_video_path, test_executions.error_message AS test_executions_error_message 
FROM test_executions 
WHERE test_executions.execution_id = %(execution_id_1)s 
 LIMIT %(param_1)s
2025-11-10 11:52:07,111 - sqlalchemy.engine.Engine - INFO - [cached since 320.7s ago] {'execution_id_1': 'exec_RBPLCD-8835_20251110_115121', 'param_1': 1}
2025-11-10 11:52:07,114 - sqlalchemy.engine.Engine - INFO - ROLLBACK
2025-11-10 11:52:09,113 - sqlalchemy.engine.Engine - INFO - BEGIN (implicit)
2025-11-10 11:52:09,114 - sqlalchemy.engine.Engine - INFO - SELECT test_executions.id AS test_executions_id, test_executions.execution_id AS test_executions_execution_id, test_executions.ticket_id AS test_executions_ticket_id, test_executions.project_id AS test_executions_project_id, test_executions.status AS test_executions_status, test_executions.overall_status AS test_executions_overall_status, test_executions.started_at AS test_executions_started_at, test_executions.completed_at AS test_executions_completed_at, test_executions.total_execution_time AS test_executions_total_execution_time, test_executions.report_path AS test_executions_report_path, test_executions.script_path AS test_executions_script_path, test_executions.video_path AS test_executions_video_path, test_executions.error_message AS test_executions_error_message 
FROM test_executions 
WHERE test_executions.execution_id = %(execution_id_1)s 
 LIMIT %(param_1)s
2025-11-10 11:52:09,115 - sqlalchemy.engine.Engine - INFO - [cached since 322.7s ago] {'execution_id_1': 'exec_RBPLCD-8835_20251110_115121', 'param_1': 1}
2025-11-10 11:52:09,119 - sqlalchemy.engine.Engine - INFO - ROLLBACK
2025-11-10 11:52:11,119 - sqlalchemy.engine.Engine - INFO - BEGIN (implicit)
2025-11-10 11:52:11,120 - sqlalchemy.engine.Engine - INFO - SELECT test_executions.id AS test_executions_id, test_executions.execution_id AS test_executions_execution_id, test_executions.ticket_id AS test_executions_ticket_id, test_executions.project_id AS test_executions_project_id, test_executions.status AS test_executions_status, test_executions.overall_status AS test_executions_overall_status, test_executions.started_at AS test_executions_started_at, test_executions.completed_at AS test_executions_completed_at, test_executions.total_execution_time AS test_executions_total_execution_time, test_executions.report_path AS test_executions_report_path, test_executions.script_path AS test_executions_script_path, test_executions.video_path AS test_executions_video_path, test_executions.error_message AS test_executions_error_message 
FROM test_executions 
WHERE test_executions.execution_id = %(execution_id_1)s 
 LIMIT %(param_1)s
2025-11-10 11:52:11,120 - sqlalchemy.engine.Engine - INFO - [cached since 324.7s ago] {'execution_id_1': 'exec_RBPLCD-8835_20251110_115121', 'param_1': 1}
2025-11-10 11:52:11,123 - sqlalchemy.engine.Engine - INFO - ROLLBACK
2025-11-10 11:52:13,120 - sqlalchemy.engine.Engine - INFO - BEGIN (implicit)
2025-11-10 11:52:13,120 - sqlalchemy.engine.Engine - INFO - SELECT test_executions.id AS test_executions_id, test_executions.execution_id AS test_executions_execution_id, test_executions.ticket_id AS test_executions_ticket_id, test_executions.project_id AS test_executions_project_id, test_executions.status AS test_executions_status, test_executions.overall_status AS test_executions_overall_status, test_executions.started_at AS test_executions_started_at, test_executions.completed_at AS test_executions_completed_at, test_executions.total_execution_time AS test_executions_total_execution_time, test_executions.report_path AS test_executions_report_path, test_executions.script_path AS test_executions_script_path, test_executions.video_path AS test_executions_video_path, test_executions.error_message AS test_executions_error_message 
FROM test_executions 
WHERE test_executions.execution_id = %(execution_id_1)s 
 LIMIT %(param_1)s
2025-11-10 11:52:13,121 - sqlalchemy.engine.Engine - INFO - [cached since 326.7s ago] {'execution_id_1': 'exec_RBPLCD-8835_20251110_115121', 'param_1': 1}
2025-11-10 11:52:13,124 - sqlalchemy.engine.Engine - INFO - ROLLBACK
2025-11-10 11:52:15,112 - sqlalchemy.engine.Engine - INFO - BEGIN (implicit)
2025-11-10 11:52:15,113 - sqlalchemy.engine.Engine - INFO - SELECT test_executions.id AS test_executions_id, test_executions.execution_id AS test_executions_execution_id, test_executions.ticket_id AS test_executions_ticket_id, test_executions.project_id AS test_executions_project_id, test_executions.status AS test_executions_status, test_executions.overall_status AS test_executions_overall_status, test_executions.started_at AS test_executions_started_at, test_executions.completed_at AS test_executions_completed_at, test_executions.total_execution_time AS test_executions_total_execution_time, test_executions.report_path AS test_executions_report_path, test_executions.script_path AS test_executions_script_path, test_executions.video_path AS test_executions_video_path, test_executions.error_message AS test_executions_error_message 
FROM test_executions 
WHERE test_executions.execution_id = %(execution_id_1)s 
 LIMIT %(param_1)s
2025-11-10 11:52:15,114 - sqlalchemy.engine.Engine - INFO - [cached since 328.7s ago] {'execution_id_1': 'exec_RBPLCD-8835_20251110_115121', 'param_1': 1}
2025-11-10 11:52:15,117 - sqlalchemy.engine.Engine - INFO - ROLLBACK
2025-11-10 11:52:17,107 - sqlalchemy.engine.Engine - INFO - BEGIN (implicit)
2025-11-10 11:52:17,108 - sqlalchemy.engine.Engine - INFO - SELECT test_executions.id AS test_executions_id, test_executions.execution_id AS test_executions_execution_id, test_executions.ticket_id AS test_executions_ticket_id, test_executions.project_id AS test_executions_project_id, test_executions.status AS test_executions_status, test_executions.overall_status AS test_executions_overall_status, test_executions.started_at AS test_executions_started_at, test_executions.completed_at AS test_executions_completed_at, test_executions.total_execution_time AS test_executions_total_execution_time, test_executions.report_path AS test_executions_report_path, test_executions.script_path AS test_executions_script_path, test_executions.video_path AS test_executions_video_path, test_executions.error_message AS test_executions_error_message 
FROM test_executions 
WHERE test_executions.execution_id = %(execution_id_1)s 
 LIMIT %(param_1)s
2025-11-10 11:52:17,109 - sqlalchemy.engine.Engine - INFO - [cached since 330.7s ago] {'execution_id_1': 'exec_RBPLCD-8835_20251110_115121', 'param_1': 1}
2025-11-10 11:52:17,112 - sqlalchemy.engine.Engine - INFO - ROLLBACK
2025-11-10 11:52:19,114 - sqlalchemy.engine.Engine - INFO - BEGIN (implicit)
2025-11-10 11:52:19,115 - sqlalchemy.engine.Engine - INFO - SELECT test_executions.id AS test_executions_id, test_executions.execution_id AS test_executions_execution_id, test_executions.ticket_id AS test_executions_ticket_id, test_executions.project_id AS test_executions_project_id, test_executions.status AS test_executions_status, test_executions.overall_status AS test_executions_overall_status, test_executions.started_at AS test_executions_started_at, test_executions.completed_at AS test_executions_completed_at, test_executions.total_execution_time AS test_executions_total_execution_time, test_executions.report_path AS test_executions_report_path, test_executions.script_path AS test_executions_script_path, test_executions.video_path AS test_executions_video_path, test_executions.error_message AS test_executions_error_message 
FROM test_executions 
WHERE test_executions.execution_id = %(execution_id_1)s 
 LIMIT %(param_1)s
2025-11-10 11:52:19,115 - sqlalchemy.engine.Engine - INFO - [cached since 332.7s ago] {'execution_id_1': 'exec_RBPLCD-8835_20251110_115121', 'param_1': 1}
2025-11-10 11:52:19,119 - sqlalchemy.engine.Engine - INFO - ROLLBACK
2025-11-10 11:52:21,112 - sqlalchemy.engine.Engine - INFO - BEGIN (implicit)
2025-11-10 11:52:21,113 - sqlalchemy.engine.Engine - INFO - SELECT test_executions.id AS test_executions_id, test_executions.execution_id AS test_executions_execution_id, test_executions.ticket_id AS test_executions_ticket_id, test_executions.project_id AS test_executions_project_id, test_executions.status AS test_executions_status, test_executions.overall_status AS test_executions_overall_status, test_executions.started_at AS test_executions_started_at, test_executions.completed_at AS test_executions_completed_at, test_executions.total_execution_time AS test_executions_total_execution_time, test_executions.report_path AS test_executions_report_path, test_executions.script_path AS test_executions_script_path, test_executions.video_path AS test_executions_video_path, test_executions.error_message AS test_executions_error_message 
FROM test_executions 
WHERE test_executions.execution_id = %(execution_id_1)s 
 LIMIT %(param_1)s
2025-11-10 11:52:21,114 - sqlalchemy.engine.Engine - INFO - [cached since 334.7s ago] {'execution_id_1': 'exec_RBPLCD-8835_20251110_115121', 'param_1': 1}
2025-11-10 11:52:21,115 - sqlalchemy.engine.Engine - INFO - ROLLBACK
2025-11-10 11:52:23,111 - sqlalchemy.engine.Engine - INFO - BEGIN (implicit)
2025-11-10 11:52:23,111 - sqlalchemy.engine.Engine - INFO - SELECT test_executions.id AS test_executions_id, test_executions.execution_id AS test_executions_execution_id, test_executions.ticket_id AS test_executions_ticket_id, test_executions.project_id AS test_executions_project_id, test_executions.status AS test_executions_status, test_executions.overall_status AS test_executions_overall_status, test_executions.started_at AS test_executions_started_at, test_executions.completed_at AS test_executions_completed_at, test_executions.total_execution_time AS test_executions_total_execution_time, test_executions.report_path AS test_executions_report_path, test_executions.script_path AS test_executions_script_path, test_executions.video_path AS test_executions_video_path, test_executions.error_message AS test_executions_error_message 
FROM test_executions 
WHERE test_executions.execution_id = %(execution_id_1)s 
 LIMIT %(param_1)s
2025-11-10 11:52:23,112 - sqlalchemy.engine.Engine - INFO - [cached since 336.7s ago] {'execution_id_1': 'exec_RBPLCD-8835_20251110_115121', 'param_1': 1}
2025-11-10 11:52:23,115 - sqlalchemy.engine.Engine - INFO - ROLLBACK
2025-11-10 11:52:25,111 - sqlalchemy.engine.Engine - INFO - BEGIN (implicit)
2025-11-10 11:52:25,112 - sqlalchemy.engine.Engine - INFO - SELECT test_executions.id AS test_executions_id, test_executions.execution_id AS test_executions_execution_id, test_executions.ticket_id AS test_executions_ticket_id, test_executions.project_id AS test_executions_project_id, test_executions.status AS test_executions_status, test_executions.overall_status AS test_executions_overall_status, test_executions.started_at AS test_executions_started_at, test_executions.completed_at AS test_executions_completed_at, test_executions.total_execution_time AS test_executions_total_execution_time, test_executions.report_path AS test_executions_report_path, test_executions.script_path AS test_executions_script_path, test_executions.video_path AS test_executions_video_path, test_executions.error_message AS test_executions_error_message 
FROM test_executions 
WHERE test_executions.execution_id = %(execution_id_1)s 
 LIMIT %(param_1)s
2025-11-10 11:52:25,113 - sqlalchemy.engine.Engine - INFO - [cached since 338.7s ago] {'execution_id_1': 'exec_RBPLCD-8835_20251110_115121', 'param_1': 1}
2025-11-10 11:52:25,115 - sqlalchemy.engine.Engine - INFO - ROLLBACK
2025-11-10 11:52:27,108 - sqlalchemy.engine.Engine - INFO - BEGIN (implicit)
2025-11-10 11:52:27,109 - sqlalchemy.engine.Engine - INFO - SELECT test_executions.id AS test_executions_id, test_executions.execution_id AS test_executions_execution_id, test_executions.ticket_id AS test_executions_ticket_id, test_executions.project_id AS test_executions_project_id, test_executions.status AS test_executions_status, test_executions.overall_status AS test_executions_overall_status, test_executions.started_at AS test_executions_started_at, test_executions.completed_at AS test_executions_completed_at, test_executions.total_execution_time AS test_executions_total_execution_time, test_executions.report_path AS test_executions_report_path, test_executions.script_path AS test_executions_script_path, test_executions.video_path AS test_executions_video_path, test_executions.error_message AS test_executions_error_message 
FROM test_executions 
WHERE test_executions.execution_id = %(execution_id_1)s 
 LIMIT %(param_1)s
2025-11-10 11:52:27,110 - sqlalchemy.engine.Engine - INFO - [cached since 340.7s ago] {'execution_id_1': 'exec_RBPLCD-8835_20251110_115121', 'param_1': 1}
2025-11-10 11:52:27,113 - sqlalchemy.engine.Engine - INFO - ROLLBACK
2025-11-10 11:52:29,110 - sqlalchemy.engine.Engine - INFO - BEGIN (implicit)
2025-11-10 11:52:29,111 - sqlalchemy.engine.Engine - INFO - SELECT test_executions.id AS test_executions_id, test_executions.execution_id AS test_executions_execution_id, test_executions.ticket_id AS test_executions_ticket_id, test_executions.project_id AS test_executions_project_id, test_executions.status AS test_executions_status, test_executions.overall_status AS test_executions_overall_status, test_executions.started_at AS test_executions_started_at, test_executions.completed_at AS test_executions_completed_at, test_executions.total_execution_time AS test_executions_total_execution_time, test_executions.report_path AS test_executions_report_path, test_executions.script_path AS test_executions_script_path, test_executions.video_path AS test_executions_video_path, test_executions.error_message AS test_executions_error_message 
FROM test_executions 
WHERE test_executions.execution_id = %(execution_id_1)s 
 LIMIT %(param_1)s
2025-11-10 11:52:29,112 - sqlalchemy.engine.Engine - INFO - [cached since 342.7s ago] {'execution_id_1': 'exec_RBPLCD-8835_20251110_115121', 'param_1': 1}
2025-11-10 11:52:29,115 - sqlalchemy.engine.Engine - INFO - ROLLBACK
2025-11-10 11:52:31,110 - sqlalchemy.engine.Engine - INFO - BEGIN (implicit)
2025-11-10 11:52:31,111 - sqlalchemy.engine.Engine - INFO - SELECT test_executions.id AS test_executions_id, test_executions.execution_id AS test_executions_execution_id, test_executions.ticket_id AS test_executions_ticket_id, test_executions.project_id AS test_executions_project_id, test_executions.status AS test_executions_status, test_executions.overall_status AS test_executions_overall_status, test_executions.started_at AS test_executions_started_at, test_executions.completed_at AS test_executions_completed_at, test_executions.total_execution_time AS test_executions_total_execution_time, test_executions.report_path AS test_executions_report_path, test_executions.script_path AS test_executions_script_path, test_executions.video_path AS test_executions_video_path, test_executions.error_message AS test_executions_error_message 
FROM test_executions 
WHERE test_executions.execution_id = %(execution_id_1)s 
 LIMIT %(param_1)s
2025-11-10 11:52:31,112 - sqlalchemy.engine.Engine - INFO - [cached since 344.7s ago] {'execution_id_1': 'exec_RBPLCD-8835_20251110_115121', 'param_1': 1}
2025-11-10 11:52:31,114 - sqlalchemy.engine.Engine - INFO - ROLLBACK
2025-11-10 15:05:10,331 - TestAutomationAPI - INFO - Test Automation API shutting down...
